train_ar,test_ar,mae_mean,mae_std,mae_min,mae_max,rmse_mean,rmse_std,r2_mean,r2_std,mape_mean,mape_std
0.3,0.3,0.16097948956126706,0.03498052211984009,0.12174331556438305,0.22329015839068084,0.16098910453415566,0.03498041418741444,-272.3633980526573,123.64544697141585,0.04560339751632688,0.009909528884991494
0.3,0.4,20.413271955195277,1.520967167448175,19.030357116914892,22.93312016576802,20.43262834654914,1.519673929845095,-9490.668343836971,1439.3640527261541,4.94006553984521,0.3680700163083277
0.3,0.5,9.622338324910112,0.7152550379223873,9.064320352866254,10.933345281426464,9.622479989061274,0.7152446209465467,-21333.165842110513,3273.825159208706,2.317439575166799,0.17226184816433196
0.4,0.3,0.5456896465180927,0.5399022224119094,0.030334754908406824,1.518605907929268,0.5457685730711066,0.5398328498380313,-5934.213911730386,8851.766273463581,0.15458682332488854,0.15294731113999865
0.4,0.4,0.6627819692929036,0.35333483101597496,0.18338162389072613,1.1276904138305683,0.6722435285347207,0.3476040995507252,-11.949584837186753,11.088008764018676,0.16039841857337667,0.08550766971184799
0.4,0.5,2.083225979131906,1.3137447787568035,0.7090331067947301,4.388770716039153,2.083238630376441,1.3137360809606196,-1388.9392101616718,1589.2728681206013,0.5017235631839416,0.3164019406101892
0.5,0.3,0.6959446693912654,0.40112994065158486,0.08674720222699041,1.0729687899214095,0.6959571335131172,0.401112525471236,-6497.886789413891,4904.240190143505,0.19715214356156108,0.11363492197495285
0.5,0.4,5.583319153983179,1.188382489936208,3.699161450889365,7.377459618596397,5.593596025144814,1.188762253642927,-738.3765222268759,299.1333880664712,1.3511839539325448,0.2875889229932478
0.5,0.5,0.4640453989907002,0.3888353776625216,0.15829945638422946,1.2163584481492884,0.464209596648648,0.3889627425359367,-83.04607334489796,128.3230189810141,0.11176022160982957,0.0936465867140809
