train_ar,test_ar,mae_mean,mae_std,mae_min,mae_max,rmse_mean,rmse_std,r2_mean,r2_std,mape_mean,mape_std
0.3,0.3,0.5009588219250792,0.14491555420306182,0.2269641931774741,0.6597918041917389,0.5009900362147147,0.1449068400040047,-2738.453511010548,1247.5071605125431,0.14191512340533413,0.041052702838160614
0.3,0.4,89.21549238304392,10.725111297505679,76.97933035638225,109.00560142340215,89.21596301662369,10.725205617587845,-182562.92469271139,45749.8256948354,21.589946752985604,2.5954552869764007
0.3,0.5,67.04807825710041,12.360214489748481,59.49350830531086,91.66078295583887,67.04811821912668,12.360222669135629,-1065112.554512646,431263.99231201503,16.147839694096966,2.9768304392481273
0.4,0.3,41.92390883371851,7.182660266103395,30.848729833304105,50.870807887089605,41.92390942917096,7.182660467580076,-18222178.077086583,5886042.315725555,11.876502023394423,2.034754899867518
0.4,0.4,2.1860166550488564,0.5083762843783503,1.5546191595868486,2.717546051978051,2.1897388687732575,0.5077091868570962,-113.24152913878166,48.62760391862056,0.5289962753588305,0.1230238714372458
0.4,0.5,5.1808454698610085,1.6166650325838114,2.28671790149225,7.132966175380954,5.181477453097663,1.6163860861399322,-6749.680742369732,3425.7905496656003,1.2477506570008,0.3893571790804235
0.5,0.3,19.72699793159101,15.05235373953295,4.962373694004161,47.71258466062823,19.72703525918043,15.052337201317707,-6201574.437564931,8490530.22680539,5.588403933048278,4.264137276696669
0.5,0.4,15.787696174136693,9.597312872029757,1.5168192661536035,27.178903012366657,15.796589576250648,9.598510012761786,-7723.975500335762,6241.8693527233945,3.820639383664185,2.322548375631585
0.5,0.5,1.2531179577030973,0.2924756853430899,0.8405582017075685,1.6637941319165586,1.2534953124723793,0.29246578422851727,-378.6429620909438,168.10715445690545,0.30179948953321356,0.07043965432557014
