aspect_ratio,sample_idx,T_battery_actual,T_battery_xgb,T_battery_lstm,T_battery_ensemble,error_xgb,error_lstm,error_ensemble
0.3,0,353.004561851599,352.95828,352.88943,352.9989,0.04627938089589634,0.11512703714589634,0.005660484411521338
0.3,1,353.004566854681,352.95828,352.88943,352.9989,0.04628438397787704,0.11513204022787704,0.005665487493502042
0.3,2,353.004571856037,352.95828,352.88943,352.9989,0.046289385333864175,0.11513704158386417,0.005670488849489175
0.3,3,353.004576855596,352.95828,352.88943,352.9989,0.04629438489286031,0.11514204114286031,0.0056754884084853074
0.3,4,353.004581853399,352.95825,352.88943,352.9989,0.046329900273974545,0.11514703894584954,0.005680486211474545
0.3,5,353.004586849025,352.95828,352.88943,352.9989,0.046304378321849526,0.11515203457184953,0.005685481837474526
0.3,6,353.004591843208,352.95828,352.8894,352.9989,0.04630937250487932,0.11518754633300432,0.00569047602050432
0.3,7,353.004596835574,352.95828,352.8894,352.9989,0.04631436487085239,0.11519253869897739,0.005695468386477387
0.3,8,353.00460182594,352.95828,352.8894,352.9989,0.046319355236846604,0.1151975290649716,0.005700458752471604
0.3,9,353.004606814485,352.95828,352.8894,352.9989,0.0463243437818619,0.1152025176099869,0.005705447297486899
0.3,10,353.004611801517,352.95828,352.88943,352.9989,0.04632933081387591,0.11517698706387591,0.005710434329500913
0.3,11,353.004616786481,352.95828,352.88943,352.9989,0.046334315777869506,0.1151819720278695,0.005715419293494506
0.3,12,353.00462176963,352.95828,352.88943,352.9989,0.046339298926852734,0.11518695517685273,0.0057204024424777344
0.3,13,353.004626750891,352.95828,352.88943,352.9989,0.04634428018789549,0.11519193643789549,0.005725383703520492
0.3,14,353.004631730365,352.95828,352.8894,352.9989,0.04634925966189485,0.11522743349001985,0.005730363177519848
0.3,15,353.004636708097,352.95828,352.88934,352.9989,0.04635423739387079,0.11529344637824579,0.00573534090949579
0.3,16,353.004641683781,352.95828,352.8893,352.9989,0.046359213077892036,0.11532893964039204,0.005740316593517036
0.3,17,353.004646657926,352.95828,352.88937,352.9989,0.04636418722287772,0.11527287862912772,0.005745290738502717
0.3,18,353.004651630367,352.95828,352.88937,352.9989,0.04636915966386823,0.11527785107011823,0.005750263179493231
0.3,19,353.004656600839,352.95828,352.8894,352.9989,0.04637413013585956,0.11525230396398456,0.005755233651484559
0.3,20,353.004661569446,352.95828,352.8894,352.9989,0.04637909874287516,0.11525727257100016,0.005760202258500158
0.3,21,353.004666536233,352.95828,352.88943,352.9989,0.04638406552987817,0.11523172177987817,0.005765169045503171
0.3,22,353.00467150119,352.95828,352.88947,352.9989,0.04638903048686416,0.11520616915873916,0.005770134002489158
0.3,23,353.004676464434,352.95828,352.88943,352.9989,0.04639399373087372,0.11524164998087372,0.005775097246498717
0.3,24,353.004681426049,352.95828,352.8895,352.9989,0.04639895534586458,0.11518557643961458,0.005780058861489579
0.3,25,353.004686385569,352.95828,352.88947,352.9989,0.04640391486589124,0.11522105353776624,0.005785018381516238
0.3,26,353.004691343324,352.95828,352.8895,352.9989,0.0464088726208729,0.1151954937146229,0.0057899761364978986
0.3,27,353.004696299224,352.95828,352.88947,352.9989,0.04641382852088327,0.11523096719275827,0.005794932036508271
0.3,28,353.004701253412,352.95828,352.88947,352.9989,0.046418782708883555,0.11523592138075855,0.005799886224508555
0.3,29,353.004706205725,352.95828,352.88947,352.9989,0.046423735021846824,0.11524087369372182,0.005804838537471824
0.3,30,353.004711156337,352.95828,352.88947,352.9989,0.04642868563388447,0.11524582430575947,0.00580978914950947
0.3,31,353.00471610504,352.95828,352.88947,352.9989,0.04643363433689274,0.11525077300876774,0.005814737852517737
0.3,32,353.004721051973,352.95828,352.88943,352.9989,0.046438581269853785,0.11528623751985378,0.005819684785478785
0.3,33,353.004725997105,352.95828,352.88947,352.9989,0.046443526401901636,0.11526066507377664,0.005824629917526636
0.3,34,353.004730940434,352.95828,352.88947,352.9989,0.04644846973087624,0.11526560840275124,0.005829573246501241
0.3,35,353.004735881966,352.95828,352.88947,352.9989,0.046453411262859845,0.11527054993473485,0.005834514778484845
0.3,36,353.004740821698,352.95828,352.88947,352.9989,0.04645835099489659,0.11527548966677159,0.005839454510521591
0.3,37,353.004745759627,352.95828,352.88947,352.9989,0.04646328892386009,0.11528042759573509,0.005844392439485091
0.3,38,353.004750695757,352.95828,352.88943,352.9989,0.046468225053899914,0.11531588130389991,0.005849328569524914
0.3,39,353.004755630091,352.95828,352.88943,352.9989,0.04647315938785823,0.11532081563785823,0.005854262903483232
0.3,40,353.004760562628,352.95828,352.88943,352.9989,0.04647809192488239,0.11532574817488239,0.005859195440507392
0.3,41,353.004765493364,352.95828,352.88943,352.9989,0.04648302266087967,0.11533067891087967,0.005864126176504669
0.3,42,353.004770422307,352.95828,352.88943,352.9989,0.046487951603864985,0.11533560785386499,0.005869055119489985
0.3,43,353.004775349454,352.95828,352.88943,352.9989,0.04649287875088248,0.11534053500088248,0.0058739822665074826
0.3,44,353.004780274805,352.95828,352.8894,352.9989,0.04649780410187532,0.11537597793000032,0.005878907617500317
0.3,45,353.004785198363,352.95828,352.8894,352.9989,0.04650272765985619,0.11538090148798119,0.005883831175481191
0.3,46,353.004790120128,352.95828,352.88943,352.9989,0.04650764942488195,0.11535530567488195,0.005888752940506947
0.3,47,353.0047950401,352.95828,352.88943,352.9989,0.04651256939689574,0.11536022564689574,0.005893672912520742
0.3,48,353.004799958278,352.95828,352.88943,352.9989,0.046517487574874394,0.1153651438248744,0.005898591090499394
0.3,49,353.004804874666,352.95828,352.88947,352.9989,0.04652240396285379,0.11533954263472879,0.005903507478478787
0.3,50,353.004809789262,352.95828,352.88947,352.9989,0.04652731855890124,0.11534445723077624,0.005908422074526243
0.3,51,353.004814702069,352.95828,352.88943,352.9989,0.046532231365858934,0.11537988761585893,0.005913334881483934
0.3,52,353.004819613084,352.95828,352.88947,352.9989,0.04653714238088469,0.11535428105275969,0.0059182458965096885
0.3,53,353.004824522312,352.95828,352.88943,352.9989,0.04654205160886704,0.11538970785886704,0.005923155124492041
0.3,54,353.004829429752,352.95828,352.88943,352.9989,0.0465469590488965,0.1153946152988965,0.005928062564521497
0.3,55,353.004834335402,352.95828,352.88943,352.9989,0.04655186469886985,0.11539952094886985,0.005932968214494849
0.3,56,353.004839239265,352.95828,352.88943,352.9989,0.04655676856185664,0.11540442481185664,0.005937872077481643
0.3,57,353.004844141342,352.95828,352.88943,352.9989,0.04656167063888006,0.11540932688888006,0.005942774154505059
0.3,58,353.004849041636,352.95828,352.88943,352.9989,0.046566570932895957,0.11541422718289596,0.0059476744485209565
0.3,59,353.004853940143,352.95828,352.88947,352.9989,0.04657146943986845,0.11538860811174345,0.0059525729554934514
0.3,60,353.004858836866,352.95828,352.88943,352.9989,0.04657636616286709,0.11542402241286709,0.005957469678492089
0.3,61,353.004863731807,352.95828,352.88947,352.9989,0.04658126110388139,0.11539839977575639,0.005962364619506388
0.3,62,353.004868624963,352.95828,352.8895,352.9989,0.04658615425989865,0.11537277535364865,0.005967257775523649
0.3,63,353.004873516338,352.95828,352.8896,352.9989,0.04659104563489791,0.11528611399427291,0.00597214915052291
0.3,64,353.004878405927,352.95828,352.88956,352.9989,0.04659593522387695,0.11532152116137695,0.00597703873950195
0.3,65,353.004883293734,352.95828,352.88956,352.9989,0.04660082303087165,0.11532640896837165,0.005981926546496652
0.3,66,353.004888179763,352.95828,352.88956,352.9989,0.046605709059861056,0.11533129499736106,0.005986812575486056
0.3,67,353.004893064012,352.95828,352.8895,352.9989,0.04661059330885564,0.11539721440260564,0.005991696824480641
0.3,68,353.004897946482,352.95828,352.8895,352.9989,0.04661547577887859,0.11540209687262859,0.00599657929450359
0.3,69,353.004902827173,352.95828,352.88943,352.9989,0.04662035646987306,0.11546801271987306,0.006001459985498059
0.3,70,353.004907706085,352.95828,352.88943,352.9989,0.04662523538189589,0.11547289163189589,0.006006338897520891
0.3,71,353.004912583219,352.95828,352.88943,352.9989,0.04663011251585658,0.11547776876585658,0.006011216031481581
0.3,72,353.004917458576,352.95828,352.88943,352.9989,0.046634987872892,0.115482644122892,0.0060160913885169975
0.3,73,353.004922332159,352.95828,352.88943,352.9989,0.046639861455901155,0.11548751770590115,0.006020964971526155
0.3,74,353.004927203966,352.95828,352.88943,352.9989,0.04664473326289453,0.11549238951289453,0.006025836778519533
0.3,75,353.004932074,352.95828,352.8895,352.9989,0.046649603296884834,0.11543622439063483,0.006030706812509834
0.3,76,353.00493694226,352.95828,352.8895,352.9989,0.046654471556848875,0.11544109265059888,0.0060355750724738755
0.3,77,353.004941808745,352.95828,352.8895,352.9989,0.04665933804187716,0.11544595913562716,0.006040441557502163
0.3,78,353.004946673457,352.95828,352.88947,352.9989,0.04666420275390237,0.11548134142577737,0.006045306269527373
0.3,79,353.0049515364,352.95828,352.8895,352.9989,0.0466690656968467,0.1154556867905967,0.006050169212471701
0.3,80,353.004956397566,352.95828,352.8895,352.9989,0.046673926862865756,0.11546054795661576,0.0060550303784907555
0.3,81,353.004961256963,352.95828,352.88947,352.9989,0.04667878625986077,0.11549592493173577,0.006059889775485772
0.3,82,353.00496611459,352.95828,352.88953,352.9989,0.04668364388686541,0.11543974740249041,0.006064747402490411
0.3,83,353.00497097045,352.95828,352.8895,352.9989,0.046688499746892376,0.11547512084064238,0.006069603262517376
0.3,84,353.00497582454,352.95828,352.8895,352.9989,0.04669335383687212,0.11547997493062212,0.00607445735249712
0.3,85,353.00498067686,352.95828,352.88953,352.9989,0.04669820615686149,0.11545430967248649,0.006079309672486488
0.3,86,353.004985527412,352.95828,352.88953,352.9989,0.04670305670885,0.115459160224475,0.006084160224474999
0.3,87,353.004990376199,352.95828,352.88953,352.9989,0.046707905495850355,0.11546400901147535,0.006089009011475355
0.3,88,353.004995223217,352.95828,352.88956,352.9989,0.046712752513883515,0.11543833845138352,0.006093856029508515
0.3,89,353.005000068474,352.95828,352.88956,352.9989,0.046717597770850716,0.11544318370835072,0.006098701286475716
0.3,90,353.005004911964,352.95828,352.88953,352.9989,0.046722441260897085,0.11547854477652209,0.006103544776522085
0.3,91,353.005009753691,352.95828,352.88956,352.9989,0.046727282987887975,0.11545286892538797,0.006108386503512975
0.3,92,353.005014593654,352.95828,352.88953,352.9989,0.04673212295085705,0.11548822646648205,0.006113226466482047
0.3,93,353.005019431852,352.95828,352.88956,352.9989,0.04673696114889481,0.1154625470863948,0.006118064664519807
0.3,94,353.005024268287,352.95828,352.88953,352.9989,0.04674179758387709,0.11549790109950209,0.006122901099502087
0.3,95,353.00502910296,352.95828,352.88956,352.9989,0.04674663225688391,0.11547221819438391,0.006127735772508913
0.3,96,353.00503393587,352.95828,352.88956,352.9989,0.0467514651668921,0.1154770511043921,0.006132568682517103
0.3,97,353.005038767022,352.95828,352.88953,352.9989,0.046756296318847035,0.11551239983447203,0.006137399834472035
0.3,98,353.005043596414,352.95828,352.88956,352.9989,0.046761125710872875,0.11548671164837288,0.006142229226497875
0.3,99,353.005048424047,352.95828,352.88956,352.9989,0.04676595334387912,0.11549153928137912,0.006147056859504119
0.3,100,353.005053249924,352.95828,352.88953,352.9989,0.04677077922087847,0.11552688273650347,0.006151882736503467
0.3,101,353.005058074041,352.95828,352.88953,352.9989,0.04677560333789188,0.11553170685351688,0.00615670685351688
0.3,102,353.005062896403,352.95828,352.88956,352.9989,0.046780425699864736,0.11550601163736474,0.006161529215489736
0.3,103,353.005067717004,352.95828,352.88953,352.9989,0.04678524630088532,0.11554134981651032,0.006166349816510319
0.3,104,353.005072535848,352.95828,352.88953,352.9989,0.046790065144875825,0.11554616866050083,0.006171168660500825
0.3,105,353.00507735294,352.95828,352.88953,352.9989,0.04679488223689532,0.11555098575252032,0.006175985752520319
0.3,106,353.005082168274,352.95828,352.88956,352.9989,0.046799697570861554,0.11552528350836155,0.006180801086486554
0.3,107,353.005086981857,352.95828,352.88956,352.9989,0.04680451115387996,0.11553009709137996,0.006185614669504957
0.3,108,353.005091793687,352.95828,352.8895,352.9989,0.046809322983847323,0.11559594407759732,0.0061904264994723235
0.3,109,353.005096603762,352.95828,352.8895,352.9989,0.04681413305888782,0.11560075415263782,0.006195236574512819
0.3,110,353.005101412085,352.95828,352.8895,352.9989,0.04681894138190046,0.11560556247565046,0.0062000448975254585
0.3,111,353.005106218654,352.95828,352.88953,352.9989,0.04682374795089572,0.11557985146652072,0.006204851466520722
0.3,112,353.005111023477,352.95828,352.8895,352.9989,0.04682855277388853,0.11561517386763853,0.006209656289513532
0.3,113,353.005115826546,352.95828,352.88956,352.9989,0.046833355842863966,0.11555894178036397,0.006214459358488966
0.3,114,353.005120627863,352.95828,352.88953,352.9989,0.04683815715986839,0.11559426067549339,0.006219260675493388
0.3,115,353.005125427433,352.95828,352.88953,352.9989,0.046842956729847174,0.11559906024547217,0.006224060245472174
0.3,116,353.005130225258,352.95828,352.88953,352.9989,0.04684775455484669,0.11560385807047169,0.006228858070471688
0.3,117,353.005135021331,352.95828,352.88956,352.9989,0.04685255062787519,0.11557813656537519,0.006233654143500189
0.3,118,353.005139815658,352.95828,352.88956,352.9989,0.04685734495490124,0.11558293089240124,0.006238448470526237
0.3,119,353.005144608239,352.95828,352.88956,352.9989,0.04686213753586799,0.11558772347336799,0.006243241051492987
0.3,120,353.005149399074,352.95828,352.88956,352.9989,0.04686692837088913,0.11559251430838913,0.006248031886514127
0.3,121,353.005154188163,352.95828,352.88953,352.9989,0.04687171745985097,0.11562782097547597,0.00625282097547597
0.3,122,353.005158975506,352.95828,352.88956,352.9989,0.0468765048028672,0.1156020907403672,0.006257608318492203
0.3,123,353.00516376111,352.95828,352.8896,352.9989,0.04688129040687272,0.11557635876624772,0.006262393922497722
0.3,124,353.005168544967,352.95828,352.88956,352.9989,0.046886074263852606,0.1156116602013526,0.006267177779477606
0.3,125,353.005173327084,352.95828,352.8896,352.9989,0.04689085638085544,0.11558592474023044,0.006271959896480439
0.3,126,353.005178107459,352.95828,352.88956,352.9989,0.0468956367558917,0.1156212226933917,0.006276740271516701
0.3,127,353.005182886091,352.95828,352.8896,352.9989,0.04690041538788137,0.11559548374725637,0.006281518903506367
0.3,128,353.005187662983,352.95828,352.8896,352.9989,0.04690519227989398,0.11560026063926898,0.006286295795518981
0.3,129,353.005192438134,352.95828,352.8896,352.9989,0.04690996743084952,0.11560503579022452,0.00629107094647452
0.3,130,353.005197211547,352.95828,352.8896,352.9989,0.04691474084387437,0.11560980920324937,0.00629584435949937
0.3,131,353.005201983221,352.95828,352.8896,352.9989,0.046919512517888506,0.1156145808772635,0.006300616033513506
0.3,132,353.005206753152,352.95828,352.8896,352.9989,0.04692428244885605,0.11561935080823105,0.006305385964481047
0.3,133,353.005211521349,352.95828,352.8896,352.9989,0.04692905064587194,0.11562411900524694,0.006310154161496939
0.3,134,353.005216287807,352.95828,352.88956,352.9989,0.04693381710387712,0.11565940304137712,0.006314920619502118
0.3,135,353.005221052531,352.95828,352.8896,352.9989,0.046938581827873804,0.1156336501872488,0.006319685343498804
0.3,136,353.00522581552,352.95828,352.8896,352.9989,0.04694334481689566,0.11563841317627066,0.00632444833252066
0.3,137,353.005230576776,352.95828,352.8896,352.9989,0.04694810607287536,0.11564317443225036,0.006329209588500362
0.3,138,353.005235336293,352.95828,352.88962,352.9989,0.046952865589901194,0.1156174163711512,0.006333969105526194
0.3,139,353.005240094074,352.95828,352.8896,352.9989,0.04695762337087217,0.11565269173024717,0.00633872688649717
0.3,140,353.005244850127,352.95828,352.8896,352.9989,0.04696237942386006,0.11565744778323506,0.006343482939485057
0.3,141,353.005249604447,352.95828,352.88956,352.9989,0.04696713374386263,0.11569271968136263,0.006348237259487632
0.3,142,353.005254357035,352.95828,352.88956,352.9989,0.04697188633190308,0.11569747226940308,0.006352989847528079
0.3,143,353.005259107889,352.95828,352.88956,352.9989,0.04697663718587819,0.11570222312337819,0.0063577407015031895
0.3,144,353.005263857016,352.95828,352.88953,352.9989,0.04698138631289339,0.11573748982851839,0.006362489828518392
0.3,145,353.005268604415,352.95828,352.8896,352.9989,0.04698613371186866,0.11568120207124366,0.006367237227493661
0.3,146,353.005273350082,352.95828,352.8896,352.9989,0.0469908793788818,0.1156859477382568,0.0063719828945068
0.3,147,353.00527809402,352.95828,352.8896,352.9989,0.04699562331688867,0.11569069167626367,0.006376726832513668
0.3,148,353.005282836229,352.95828,352.8896,352.9989,0.047000365525889265,0.11569543388526426,0.006381469041514265
0.3,149,353.005287576713,352.95828,352.8896,352.9989,0.04700510600986263,0.11570017436923763,0.0063862095254876294
0.3,150,353.005292315469,352.95828,352.8896,352.9989,0.047009844765852904,0.1157049131252279,0.006390948281477904
0.3,151,353.005297052499,352.95828,352.88965,352.9989,0.04701458179584961,0.11564861499897461,0.006395685311474608
0.3,152,353.005301787804,352.95828,352.88962,352.9989,0.047019317100875924,0.11568386788212592,0.006400420616500924
0.3,153,353.005306521383,352.95828,352.88962,352.9989,0.047024050679851825,0.11568860146110183,0.006405154195476825
0.3,154,353.005311253236,352.95828,352.8896,352.9989,0.047028782532891,0.115723850892266,0.006409886048516
0.3,155,353.005315983369,352.95828,352.88962,352.9989,0.04703351266584832,0.11569806344709832,0.0064146161814733205
0.3,156,353.005320711777,352.95828,352.8896,352.9989,0.047038241073892095,0.1157333094332671,0.006419344589517095
0.3,157,353.005325438464,352.95828,352.8896,352.9989,0.04704296776088768,0.11573803612026268,0.006424071276512677
0.3,158,353.005330163427,352.95828,352.8896,352.9989,0.04704769272387921,0.11574276108325421,0.006428796239504209
0.3,159,353.005334886669,352.95828,352.8896,352.9989,0.04705241596587939,0.11574748432525439,0.006433519481504391
0.3,160,353.005339608191,352.95828,352.8896,352.9989,0.04705713748785456,0.11575220584722956,0.006438241003479561
0.3,161,353.00534432799,352.95828,352.88962,352.9989,0.04706185728684886,0.11572640806809886,0.006442960802473863
0.3,162,353.005349046073,352.95828,352.88962,352.9989,0.047066575369854036,0.11573112615110404,0.006447678885479036
0.3,163,353.005353762437,352.95828,352.88965,352.9989,0.04707129173385738,0.11570532493698238,0.006452395249482379
0.3,164,353.005358477083,352.95828,352.88965,352.9989,0.047076006379882074,0.11571003958300707,0.006457109895507074
0.3,165,353.00536319001,352.95828,352.88965,352.9989,0.047080719306848096,0.1157147525099731,0.006461822822473096
0.3,166,353.005367901222,352.95828,352.88965,352.9989,0.04708543051884817,0.11571946372197317,0.00646653403447317
0.3,167,353.005372610717,352.95828,352.88965,352.9989,0.04709014001389278,0.11572417321701778,0.006471243529517778
0.3,168,353.005377318496,352.95828,352.88965,352.9989,0.047094847792891414,0.11572888099601641,0.006475951308516414
0.3,169,353.005382024558,352.95828,352.88962,352.9989,0.04709955385487774,0.11576410463612774,0.00648065737050274
0.3,170,353.005386728909,352.95828,352.88965,352.9989,0.04710425820587716,0.11573829140900216,0.006485361721502159
0.3,171,353.005391431546,352.95828,352.88965,352.9989,0.04710896084287697,0.11574299404600197,0.006490064358501968
0.3,172,353.00539613247,352.95828,352.88965,352.9989,0.04711366176690035,0.11574769497002535,0.00649476528252535
0.3,173,353.005400831681,352.95828,352.88965,352.9989,0.04711836097789046,0.11575239418101546,0.006499464493515461
0.3,174,353.005405529181,352.95828,352.88968,352.9989,0.047123058477893665,0.11572657410289366,0.0065041619935186645
0.3,175,353.005410224972,352.95828,352.88962,352.9989,0.04712775426889948,0.11579230505014948,0.00650885778452448
0.3,176,353.005414919049,352.95828,352.88965,352.9989,0.04713244834584884,0.11576648154897384,0.006513551861473843
0.3,177,353.005419611419,352.95828,352.88965,352.9989,0.04713714071584718,0.11577117391897218,0.006518244231472181
0.3,178,353.005424302081,352.95828,352.88968,352.9989,0.04714183137787131,0.11574534700287131,0.006522934893496313
0.3,179,353.005428991029,352.95828,352.88965,352.9989,0.047146520325895835,0.11578055352902084,0.006527623841520835
0.3,180,353.005433678272,352.95828,352.88962,352.9989,0.04715120756890201,0.11581575835015201,0.006532311084527009
0.3,181,353.005438363804,352.95828,352.88962,352.9989,0.04715589310086443,0.11582044388211443,0.006536996616489432
0.3,182,353.005443047628,352.95828,352.88962,352.9989,0.04716057692485265,0.11582512770610265,0.0065416804404776485
0.3,183,353.00544772975,352.95828,352.88962,352.9989,0.04716525904689206,0.11582980982814206,0.006546362562517061
0.3,184,353.005452410168,352.95828,352.8896,352.9989,0.04716993946487946,0.11586500782425446,0.006551042980504462
0.3,185,353.005457088879,352.95828,352.88962,352.9989,0.047174618175858996,0.115839168957109,0.0065557216914839955
0.3,186,353.005461765881,352.95828,352.88962,352.9989,0.047179295177897984,0.11584384595914798,0.006560398693522984
0.3,187,353.005466441182,352.95828,352.88962,352.9989,0.04718397047889766,0.11584852126014766,0.006565073994522663
0.3,188,353.005471114782,352.95828,352.88968,352.9989,0.04718864407885803,0.11579215970385803,0.006569747594483033
0.3,189,353.00547578668,352.95828,352.88965,352.9989,0.0471933159768696,0.1158273491799946,0.006574419492494599
0.3,190,353.005480456875,352.95828,352.88968,352.9989,0.047197986171852335,0.11580150179685234,0.006579089687477335
0.3,191,353.005485125366,352.95828,352.88965,352.9989,0.04720265466289675,0.11583668786602175,0.006583758178521748
0.3,192,353.005489792163,352.95828,352.88965,352.9989,0.04720732145989359,0.11584135466301859,0.006588424975518592
0.3,193,353.005494457258,352.95828,352.88965,352.9989,0.04721198655488479,0.11584601975800979,0.006593090070509788
0.3,194,353.005499120651,352.95828,352.88965,352.9989,0.04721664994787034,0.11585068315099534,0.006597753463495337
0.3,195,353.005503782344,352.95828,352.88965,352.9989,0.0472213116408966,0.1158553448440216,0.006602415156521602
0.3,196,353.005508442338,352.95828,352.88965,352.9989,0.047225971634873076,0.11586000483799808,0.006607075150498076
0.3,197,353.005513100638,352.95828,352.88965,352.9989,0.047230629934858825,0.11586466313798383,0.0066117334504838254
0.3,198,353.005517757241,352.95828,352.88962,352.9989,0.04723528653789799,0.11589983731914799,0.006616390053522991
0.3,199,353.005522412148,352.95828,352.88962,352.9989,0.04723994144490007,0.11590449222615007,0.006621044960525069
0.3,200,353.005527065357,352.95828,352.88962,352.9989,0.04724459465387554,0.11590914543512554,0.006625698169500538
0.3,201,353.005531716872,352.95828,352.88968,352.9989,0.04724924616886028,0.11585276179386028,0.006630349684485282
0.3,202,353.005536366693,352.95828,352.88965,352.9989,0.0472538959898543,0.1158879291929793,0.0066349995054793
0.3,203,353.005541014817,352.95828,352.88965,352.9989,0.047258544113901735,0.11589257731702673,0.006639647629526735
0.3,204,353.005545661252,352.95828,352.88965,352.9989,0.04726319054884698,0.11589722375197198,0.006644294064471978
0.3,205,353.00555030599,352.95828,352.8897,352.9989,0.04726783528690248,0.11584083333377748,0.006648938802527482
0.3,206,353.005554949042,352.95828,352.88965,352.9989,0.047272478338868495,0.1159065115419935,0.0066535818544934955
0.3,207,353.005559590397,352.95828,352.88968,352.9989,0.047277119693887926,0.11588063531888793,0.006658223209512926
0.3,208,353.005564230063,352.95828,352.88968,352.9989,0.04728175935986201,0.11588527498486201,0.006662862875487008
0.3,209,353.005568868039,352.95828,352.88965,352.9989,0.04728639733588125,0.11592043053900625,0.006667500851506247
0.3,210,353.005573504323,352.95828,352.88965,352.9989,0.04729103361989928,0.11592506682302428,0.006672137135524281
0.3,211,353.005578138927,352.95828,352.88968,352.9989,0.04729566822385323,0.11589918384885323,0.006676771739478227
0.3,212,353.005582771835,352.95828,352.88968,352.9989,0.04730030113188377,0.11590381675688377,0.006681404647508771
0.3,213,353.005587403055,352.95828,352.88968,352.9989,0.04730493235189215,0.11590844797689215,0.006686035867517148
0.3,214,353.005592032592,352.95828,352.88968,352.9989,0.04730956188888058,0.11591307751388058,0.00669066540450558
0.3,215,353.00559666044,352.95828,352.88968,352.9989,0.04731418973688051,0.11591770536188051,0.0066952932525055076
0.3,216,353.005601286603,352.95828,352.88968,352.9989,0.04731881589987097,0.11592233152487097,0.00669991941549597
0.3,217,353.005605911083,352.95828,352.88965,352.9989,0.04732344037989833,0.11595747358302333,0.006704543895523329
0.3,218,353.005610533877,352.95828,352.88965,352.9989,0.04732806317389304,0.11596209637701804,0.006709166689518042
0.3,219,353.005615154987,352.95828,352.88968,352.9989,0.04733268428390147,0.11593619990890147,0.006713787799526472
0.3,220,353.005619774415,352.95828,352.88968,352.9989,0.04733730371185629,0.1159408193368563,0.006718407227481293
0.3,221,353.005624392159,352.95828,352.88965,352.9989,0.047341921455881675,0.11597595465900667,0.006723024971506675
0.3,222,353.005629008223,352.95828,352.8897,352.9989,0.04734653751989981,0.11591953556677481,0.006727641035524812
0.3,223,353.005633622601,352.95828,352.88968,352.9989,0.0473511518978853,0.1159546675228853,0.006732255413510302
0.3,224,353.0056382353,352.95828,352.88968,352.9989,0.04735576459688673,0.11595928022188673,0.006736868112511729
0.3,225,353.005642846321,352.95828,352.88968,352.9989,0.04736037561787043,0.11596389124287043,0.006741479133495432
0.3,226,353.00564745566,352.95828,352.88968,352.9989,0.04736498495685737,0.11596850058185737,0.00674608847248237
0.3,227,353.005652063319,352.95828,352.88965,352.9989,0.04736959261589391,0.11600362581901891,0.006750696131518907
0.3,228,353.005656669299,352.95828,352.88965,352.9989,0.04737419859588954,0.11600823179901454,0.006755302111514538
0.3,229,353.005661273604,352.95828,352.88965,352.9989,0.047378802900880146,0.11601283610400515,0.006759906416505146
0.3,230,353.005665876228,352.95828,352.88965,352.9989,0.04738340552489717,0.11601743872802217,0.006764509040522171
0.3,231,353.005670477177,352.95828,352.88968,352.9989,0.04738800647385233,0.11599152209885233,0.006769109989477329
0.3,232,353.005675076453,352.95828,352.88968,352.9989,0.047392605749848826,0.11599612137484883,0.006773709265473826
0.3,233,353.005679674049,352.95828,352.88968,352.9989,0.04739720334589492,0.11600071897089492,0.006778306861519923
0.3,234,353.005684269972,352.95828,352.88965,352.9989,0.04740179926886867,0.11603583247199367,0.006782902784493672
0.3,235,353.005688864219,352.95828,352.88968,352.9989,0.04740639351587106,0.11600990914087106,0.006787497031496059
0.3,236,353.005693456795,352.95828,352.8897,352.9989,0.04741098609184746,0.11598398413872246,0.006792089607472462
0.3,237,353.005698047696,352.95828,352.8897,352.9989,0.047415576992875685,0.11598857503975069,0.006796680508500685
0.3,238,353.005702636927,352.95828,352.88968,352.9989,0.047420166223901106,0.1160236818489011,0.006801269739526106
0.3,239,353.005707224485,352.95828,352.8897,352.9989,0.04742475378185418,0.11599775182872918,0.006805857297479179
0.3,240,353.005711810374,352.95828,352.88974,352.9989,0.047429339670884474,0.11597182013963447,0.006810443186509474
0.3,241,353.005716394591,352.95828,352.88968,352.9989,0.0474339238878656,0.1160374395128656,0.006815027403490603
0.3,242,353.005720977138,352.95828,352.8897,352.9989,0.04743850643490077,0.11601150448177577,0.0068196099505257735
0.3,243,353.005725558012,352.95828,352.88974,352.9989,0.047443087308863596,0.1159855677776136,0.006824190824488596
0.3,244,353.005730137219,352.95828,352.88974,352.9989,0.04744766651589316,0.11599014698464316,0.006828770031518161
0.3,245,353.00573471476,352.95828,352.8897,352.9989,0.04745224405689896,0.11602524210377396,0.006833347572523962
0.3,246,353.005739290631,352.95828,352.88968,352.9989,0.04745681992790196,0.11606033555290196,0.006837923443526961
0.3,247,353.005743864837,352.95828,352.8897,352.9989,0.047461394133847534,0.11603439218072253,0.006842497649472534
0.3,248,353.005748437374,352.95828,352.88968,352.9989,0.04746596667087033,0.11606948229587033,0.00684707018649533
0.3,249,353.005753008247,352.95828,352.88968,352.9989,0.04747053754385888,0.11607405316885888,0.006851641059483882
0.3,250,353.005757577455,352.95828,352.88968,352.9989,0.04747510675184685,0.11607862237684685,0.006856210267471852
0.3,251,353.005762145,352.95828,352.8897,352.9989,0.0474796742968806,0.1160526723437556,0.006860777812505603
0.3,252,353.005766710881,352.95828,352.8897,352.9989,0.04748424017788011,0.11605723822475511,0.00686534369350511
0.3,253,353.005771275101,352.95828,352.88974,352.9989,0.047488804397858075,0.11603128486660808,0.006869907913483075
0.3,254,353.005775837658,352.95828,352.88974,352.9989,0.04749336695488182,0.11603584742363182,0.006874470470506822
0.3,255,353.005780398549,352.95828,352.88974,352.9989,0.047497927845881804,0.1160404083146318,0.006879031361506804
0.3,256,353.005784957781,352.95828,352.8897,352.9989,0.047502487077849764,0.11607548512472476,0.006883590593474764
0.3,257,353.005789515348,352.95828,352.88974,352.9989,0.047507044644873986,0.11604952511362399,0.006888148160498986
0.3,258,353.005794071259,352.95828,352.88974,352.9989,0.047511600555878886,0.11605408102462889,0.006892704071503886
0.3,259,353.005798625507,352.95828,352.88974,352.9989,0.04751615480387272,0.11605863527262272,0.006897258319497723
0.3,260,353.005803178095,352.95828,352.88974,352.9989,0.0475207073918682,0.1160631878606182,0.0069018109074932
0.3,261,353.005807729029,352.95828,352.8897,352.9989,0.04752525832589072,0.11609825637276572,0.006906361841515718
0.3,262,353.005812278301,352.95828,352.88974,352.9989,0.04752980759786851,0.11607228806661851,0.006910911113493512
0.3,263,353.005816825917,352.95828,352.88974,352.9989,0.04753435521388383,0.11607683568263383,0.006915458729508828
0.3,264,353.00582137188,352.95828,352.88974,352.9989,0.04753890117689252,0.11608138164564252,0.006920004692517523
0.3,265,353.005825916186,352.95828,352.88974,352.9989,0.047543445482858715,0.11608592595160871,0.006924548998483715
0.3,266,353.005830458834,352.95828,352.88974,352.9989,0.04754798813087291,0.11609046859962291,0.006929091646497909
0.3,267,353.005834999826,352.95828,352.88974,352.9989,0.04755252912286778,0.11609500959161778,0.0069336326384927816
0.3,268,353.005839539164,352.95828,352.88974,352.9989,0.047557068460889695,0.1160995489296397,0.006938171976514695
0.3,269,353.005844076848,352.95828,352.88974,352.9989,0.04756160614488181,0.11610408661363181,0.006942709660506807
0.3,270,353.005848612883,352.95828,352.88974,352.9989,0.04756614217990318,0.11610862264865318,0.006947245695528181
0.3,271,353.005853147262,352.95828,352.88974,352.9989,0.04757067655884839,0.11611315702759839,0.00695178007447339
0.3,272,353.005857679994,352.95828,352.88974,352.9989,0.047575209290869225,0.11611768975961922,0.006956312806494225
0.3,273,353.005862211072,352.95828,352.88974,352.9989,0.04757974036886026,0.11612222083761026,0.006960843884485257
0.3,274,353.005866740501,352.95828,352.88974,352.9989,0.04758426979788055,0.11612675026663055,0.006965373313505552
0.3,275,353.005871268276,352.95828,352.88974,352.9989,0.047588797572871044,0.11613127804162104,0.006969901088496044
0.3,276,353.005875794402,352.95828,352.88974,352.9989,0.0475933236988908,0.1161358041676408,0.006974427214515799
0.3,277,353.005880318878,352.95828,352.8897,352.9989,0.04759784817485979,0.11617084622173479,0.0069789516904847915
0.3,278,353.005884841707,352.95828,352.88974,352.9989,0.047602371003847566,0.11614485147259757,0.006983474519472566
0.3,279,353.005889362887,352.95828,352.88974,352.9989,0.0476068921838646,0.1161493726526146,0.006987995699489602
0.3,280,353.005893882422,352.95828,352.88974,352.9989,0.04761141171888994,0.11615389218763994,0.00699251523451494
0.3,281,353.00589840031,352.95828,352.88974,352.9989,0.047615929606877216,0.11615841007562722,0.006997033122502216
0.3,282,353.00590291655,352.95828,352.88977,352.9989,0.04762044584686009,0.1161324087374851,0.007001549362485093
0.3,283,353.005907431147,352.95828,352.88974,352.9989,0.047624960443897635,0.11616744091264763,0.007006063959522635
0.3,284,353.0059119441,352.95828,352.88974,352.9989,0.04762947339685297,0.11617195386560297,0.007010576912477973
0.3,285,353.00591645541,352.95828,352.88974,352.9989,0.047633984706862975,0.11617646517561298,0.007015088222487975
0.3,286,353.005920965076,352.95828,352.88974,352.9989,0.04763849437284762,0.11618097484159762,0.007019597888472617
0.3,287,353.005925473096,352.95828,352.88974,352.9989,0.04764300239287422,0.11618548286162422,0.007024105908499223
0.3,288,353.005929979478,352.95828,352.88977,352.9989,0.04764750877490087,0.11615947166552587,0.007028612290525871
0.3,289,353.005934484215,352.95828,352.88974,352.9989,0.04765201351187898,0.11619449398062898,0.007033117027503977
0.3,290,353.005938987315,352.95828,352.88974,352.9989,0.047656516611880306,0.1161989970806303,0.007037620127505306
0.3,291,353.00594348877,352.95828,352.88974,352.9989,0.04766101806688994,0.11620349853563994,0.0070421215825149375
0.3,292,353.005947988584,352.95828,352.88974,352.9989,0.04766551788088691,0.11620799834963691,0.0070466213965119096
0.3,293,353.005952486763,352.95828,352.88974,352.9989,0.047670016059896625,0.11621249652864662,0.007051119575521625
0.3,294,353.005956983303,352.95828,352.88974,352.9989,0.0476745125998832,0.1162169930686332,0.007055616115508201
0.3,295,353.005961478203,352.95828,352.88977,352.9989,0.0476790074998803,0.1161909703905053,0.007060111015505299
0.3,296,353.005965971466,352.95828,352.88974,352.9989,0.04768350076290062,0.11622598123165062,0.007064604278525621
0.3,297,353.005970463093,352.95828,352.88977,352.9989,0.04768799238985366,0.11619995528047866,0.007069095905478662
0.3,298,353.005974953081,352.95828,352.88974,352.9989,0.04769248237789725,0.11623496284664725,0.0070735858935222495
0.3,299,353.005979441436,352.95828,352.88974,352.9989,0.04769697073288626,0.11623945120163626,0.007078074248511257
0.3,300,353.005983928154,352.95828,352.89087,352.9989,0.04770145745089849,0.11511478752902349,0.007082560966523488
0.3,301,353.005988413238,352.95828,352.8909,352.9989,0.0477059425348898,0.1150887550348898,0.0070870460505148
0.3,302,353.005992896687,352.95828,352.89087,352.9989,0.047710425983893856,0.11512375606201886,0.007091529499518856
0.3,303,353.005997378507,352.95828,352.89087,352.9989,0.047714907803879214,0.11512823788200421,0.007096011319504214
0.3,304,353.006001858691,352.95828,352.89087,352.9989,0.047719387987854134,0.11513271806597913,0.007100491503479134
0.3,305,353.006006337242,352.95828,352.89087,352.9989,0.04772386653888816,0.11513719661701316,0.00710497005451316
0.3,306,353.006010814165,352.95828,352.8909,352.9989,0.04772834346186983,0.11511115596186983,0.007109446977494827
0.3,307,353.006015289455,352.95828,352.8909,352.9989,0.047732818751853756,0.11511563125185376,0.007113922267478756
0.3,308,353.006019763112,352.95828,352.89087,352.9989,0.04773729240889679,0.11515062248702179,0.007118395924521792
0.3,309,353.006024235143,352.95828,352.8909,352.9989,0.04774176443987699,0.11512457693987699,0.007122867955501988
0.3,310,353.006028705542,352.95828,352.8909,352.9989,0.04774623483888263,0.11512904733888263,0.0071273383545076285
0.3,311,353.006033174313,352.95828,352.8909,352.9989,0.04775070360989275,0.11513351610989275,0.007131807125517753
0.3,312,353.006037641456,352.95828,352.8909,352.9989,0.04775517075285052,0.11513798325285052,0.007136274268475518
0.3,313,353.00604210697,352.95828,352.8909,352.9989,0.04775963626690327,0.11514244876690327,0.0071407397825282715
0.3,314,353.006046570862,352.95828,352.8909,352.9989,0.047764100158872225,0.11514691265887222,0.007145203674497225
0.3,315,353.006051033126,352.95828,352.8909,352.9989,0.047768562422902505,0.1151513749229025,0.007149665938527505
0.3,316,353.006055493764,352.95828,352.8909,352.9989,0.047773023060869946,0.11515583556086995,0.007154126576494946
0.3,317,353.006059952774,352.95828,352.89093,352.9989,0.047777482070898714,0.11512977699277371,0.007158585586523714
0.3,318,353.006064410162,352.95828,352.8909,352.9989,0.047781939458900524,0.11516475195890052,0.007163042974525524
0.3,319,353.006068865927,352.95828,352.8909,352.9989,0.047786395223852196,0.1151692077238522,0.007167498739477196
0.3,320,353.006073320066,352.95828,352.89093,352.9989,0.047790849362854715,0.11514314428472971,0.007171952878479715
0.3,321,353.006077772582,352.95828,352.89093,352.9989,0.04779530187886394,0.11514759680073894,0.007176405394488938
0.3,322,353.006082223477,352.95828,352.8909,352.9989,0.047799752773869386,0.11518256527386939,0.007180856289494386
0.3,323,353.006086672749,352.95828,352.89093,352.9989,0.04780420204588154,0.11515649696775654,0.007185305561506539
0.3,324,353.006091120402,352.95828,352.89093,352.9989,0.047808649698879435,0.11516094462075444,0.007189753214504435
0.3,325,353.006095566434,352.95828,352.89093,352.9989,0.047813095730873556,0.11516539065274856,0.007194199246498556
0.3,326,353.006100010846,352.95828,352.8909,352.9989,0.04781754014288708,0.11520035264288708,0.007198643658512083
0.3,327,353.006104453639,352.95828,352.8909,352.9989,0.047821982935886354,0.11520479543588635,0.0072030864515113535
0.3,328,353.006108894811,352.95828,352.8909,352.9989,0.04782642410788185,0.11520923660788185,0.007207527623506849
0.3,329,353.006113334365,352.95828,352.89093,352.9989,0.04783086366188627,0.11518315858376127,0.007211967177511269
0.3,330,353.006117772303,352.95828,352.8909,352.9989,0.047835301599889135,0.11521811409988914,0.007216405115514135
0.3,331,353.006122208625,352.95828,352.89093,352.9989,0.047839737921890446,0.11519203284376545,0.007220841437515446
0.3,332,353.006126643334,352.95828,352.8909,352.9989,0.047844172630902904,0.1152269851309029,0.007225276146527904
0.3,333,353.006131076424,352.95828,352.8909,352.9989,0.047848605720901105,0.1152314182209011,0.007229709236526105
0.3,334,353.006135507898,352.95828,352.8909,352.9989,0.04785303719489775,0.11523584969489775,0.007234140710522752
0.3,335,353.006139937758,352.95828,352.89096,352.9989,0.04785746705488236,0.11517924439863236,0.007238570570507363
0.3,336,353.006144366004,352.95828,352.89093,352.9989,0.04786189530085494,0.11521419022272994,0.00724299881647994
0.3,337,353.00614879264,352.95828,352.8909,352.9989,0.047866321936851364,0.11524913443685136,0.007247425452476364
0.3,338,353.006153217656,352.95828,352.89096,352.9989,0.047870746952867194,0.1151925242966172,0.007251850468492194
0.3,339,353.006157641065,352.95828,352.89093,352.9989,0.04787517036186273,0.11522746528373773,0.007256273877487729
0.3,340,353.006162062861,352.95828,352.89096,352.9989,0.04787959215786941,0.11520136950161941,0.007260695673494411
0.3,341,353.006166483048,352.95828,352.89093,352.9989,0.04788401234486628,0.11523630726674128,0.007265115860491278
0.3,342,353.00617090162,352.95828,352.89093,352.9989,0.04788843091688477,0.11524072583875977,0.007269534432509772
0.3,343,353.006175318585,352.95828,352.89093,352.9989,0.04789284788188297,0.11524514280375797,0.007273951397507972
0.3,344,353.006179733941,352.95828,352.8909,352.9989,0.04789726323787136,0.11528007573787136,0.007278366753496357
0.3,345,353.006184147688,352.95828,352.89093,352.9989,0.04790167698484993,0.11525397190672493,0.007282780500474928
0.3,346,353.006188559826,352.95828,352.8909,352.9989,0.04790608912287553,0.11528890162287553,0.007287192638500528
0.3,347,353.006192970357,352.95828,352.89093,352.9989,0.047910499653880834,0.11526279457575583,0.007291603169505834
0.3,348,353.006197379281,352.95828,352.89093,352.9989,0.047914908577865845,0.11526720349974084,0.0072960120934908446
0.3,349,353.0062017866,352.95828,352.89096,352.9989,0.047919315896876924,0.11524109324062692,0.007300419412501924
0.3,350,353.006206192315,352.95828,352.891,352.9989,0.04792372161188041,0.11521498137750541,0.00730482512750541
0.3,351,353.006210596423,352.95828,352.89093,352.9989,0.0479281257198636,0.1152804206417386,0.007309229235488601
0.3,352,353.006214998924,352.95828,352.89093,352.9989,0.04793252822088334,0.11528482314275834,0.007313631736508341
0.3,353,353.006219399819,352.95828,352.89093,352.9989,0.047936929115849125,0.11528922403772413,0.007318032631474125
0.3,354,353.006223799114,352.95828,352.89093,352.9989,0.04794132841090004,0.11529362333277504,0.0073224319265250415
0.3,355,353.006228196803,352.95828,352.8909,352.9989,0.047945726099897,0.115328538599897,0.007326829615522001
0.3,356,353.006232592897,352.95828,352.89093,352.9989,0.04795012219386763,0.11530241711574263,0.007331225709492628
0.3,357,353.006236987382,352.95828,352.89093,352.9989,0.047954516678885284,0.11530681160076028,0.007335620194510284
0.3,358,353.006241380269,352.95828,352.8909,352.9989,0.047958909565863905,0.1153417220658639,0.007340013081488905
0.3,359,353.006245771556,352.95828,352.8909,352.9989,0.047963300852870816,0.11534611335287082,0.007344404368495816
0.3,360,353.006250161243,352.95828,352.8909,352.9989,0.04796769053984917,0.11535050303984917,0.007348794055474173
0.3,361,353.006254549329,352.95828,352.8909,352.9989,0.04797207862588948,0.11535489112588948,0.0073531821415144805
0.3,362,353.006258935815,352.95828,352.8909,352.9989,0.047976465111901234,0.11535927761190123,0.007357568627526234
0.3,363,353.006263320704,352.95828,352.8909,352.9989,0.047980850000897135,0.11536366250089714,0.007361953516522135
0.3,364,353.006267703998,352.95828,352.8909,352.9989,0.0479852332948667,0.1153680457948667,0.007366336810491703
0.3,365,353.006272085693,352.95828,352.89093,352.9989,0.04798961498988774,0.11534190991176274,0.007370718505512741
0.3,366,353.006276465793,352.95828,352.89096,352.9989,0.047993995089882446,0.11531577243363245,0.007375098605507446
0.3,367,353.006280844295,352.95828,352.89093,352.9989,0.04799837359189496,0.11535066851376996,0.0073794771075199606
0.3,368,353.006285221203,352.95828,352.8909,352.9989,0.04800275049984748,0.11538556299984748,0.00738385401547248
0.3,369,353.006289596513,352.95828,352.89093,352.9989,0.04800712580987465,0.11535942073174965,0.007388229325499651
0.3,370,353.006293970232,352.95828,352.89093,352.9989,0.04801149952885453,0.11536379445072953,0.007392603044479529
0.3,371,353.00629834236,352.95828,352.89096,352.9989,0.0480158716569008,0.1153376490006508,0.007396975172525799
0.3,372,353.006302712891,352.95828,352.8909,352.9989,0.048020242187874373,0.11540305468787437,0.0074013457034993735
0.3,373,353.006307081831,352.95828,352.89096,352.9989,0.0480246111278575,0.1153463884716075,0.007405714643482497
0.3,374,353.006311449178,352.95828,352.89093,352.9989,0.04802897847486065,0.11538127339673565,0.007410081990485651
0.3,375,353.006315814936,352.95828,352.8909,352.9989,0.04803334423286287,0.11541615673286287,0.0074144477484878735
0.3,376,353.0063201791,352.95828,352.8909,352.9989,0.048037708396861944,0.11542052089686194,0.0074188119124869445
0.3,377,353.006324541676,352.95828,352.89093,352.9989,0.048042070972883266,0.11539436589475827,0.007423174488508266
0.3,378,353.006328902665,352.95828,352.8909,352.9989,0.04804643196189318,0.11542924446189318,0.007427535477518177
0.3,379,353.00633326206,352.95828,352.8909,352.9989,0.048050791356899936,0.11543360385689994,0.007431894872524936
0.3,380,353.006337619874,352.95828,352.8909,352.9989,0.04805514917086384,0.11543796167086384,0.007436252686488842
0.3,381,353.006341976094,352.95828,352.8909,352.9989,0.04805950539088144,0.11544231789088144,0.007440608906506441
0.3,382,353.006346330727,352.95828,352.89096,352.9989,0.04806386002388763,0.11538563736763763,0.007444963539512628
0.3,383,353.006350683773,352.95828,352.89096,352.9989,0.048068213069882404,0.1153899904136324,0.007449316585507404
0.3,384,353.006355035236,352.95828,352.89093,352.9989,0.04807256453290165,0.11542485945477665,0.0074536680485266515
0.3,385,353.006359385115,352.95828,352.89093,352.9989,0.048076914411865346,0.11542920933374035,0.007458017927490346
0.3,386,353.006363733405,352.95828,352.89096,352.9989,0.04808126270188495,0.11540304004563495,0.0074623662175099525
0.3,387,353.006368080111,352.95828,352.89096,352.9989,0.048085609407849006,0.115407386751599,0.007466712923474006
0.3,388,353.006372425235,352.95828,352.89093,352.9989,0.04808995453186071,0.11544224945373571,0.0074710580474857124
0.3,389,353.006376768773,352.95828,352.89093,352.9989,0.04809429806988419,0.11544659299175919,0.007475401585509189
0.3,390,353.006381110729,352.95828,352.89096,352.9989,0.048098640025898476,0.11542041736964848,0.007479743541523476
0.3,391,353.006385451105,352.95828,352.89096,352.9989,0.04810298040189309,0.11542475774564309,0.007484083917518092
0.3,392,353.006389789899,352.95828,352.8909,352.9989,0.04810731919587852,0.11549013169587852,0.007488422711503517
0.3,393,353.006394127113,352.95828,352.89096,352.9989,0.048111656409901116,0.11543343375365112,0.007492759925526116
0.3,394,353.006398462746,352.95828,352.8909,352.9989,0.04811599204288086,0.11549880454288086,0.007497095558505862
0.3,395,353.006402796798,352.95828,352.89093,352.9989,0.0481203260948746,0.1154726210167496,0.007501429610499599
0.3,396,353.00640712927,352.95828,352.89096,352.9989,0.048124658566848666,0.11544643591059867,0.007505762082473666
0.3,397,353.006411460165,352.95828,352.8909,352.9989,0.04812898946187261,0.1155118019618726,0.007510092977497607
0.3,398,353.006415789479,352.95828,352.89093,352.9989,0.048133318775853695,0.1154856136977287,0.007514422291478695
0.3,399,353.006420117216,352.95828,352.8909,352.9989,0.04813764651288466,0.11552045901288466,0.007518750028509658
0.3,400,353.006424443376,352.95828,352.89093,352.9989,0.04814197267285181,0.11549426759472681,0.007523076188476807
0.3,401,353.006428767962,352.95828,352.89093,352.9989,0.04814629725888153,0.11549859218075653,0.007527400774506532
0.3,402,353.006433090974,352.95828,352.89093,352.9989,0.048150620270860145,0.11550291519273514,0.007531723786485145
0.3,403,353.006437412413,352.95828,352.89093,352.9989,0.04815494170986767,0.11550723663174267,0.007536045225492671
0.3,404,353.006441732272,352.95828,352.89093,352.9989,0.04815926156885553,0.11551155649073053,0.007540365084480527
0.3,405,353.006446050556,352.95828,352.89093,352.9989,0.048163579852882776,0.11551587477475778,0.007544683368507776
0.3,406,353.006450367268,352.95828,352.89093,352.9989,0.048167896564848434,0.11552019148672343,0.007549000080473434
0.3,407,353.006454682408,352.95828,352.89096,352.9989,0.048172211704866186,0.11549398904861619,0.007553315220491186
0.3,408,353.006458995976,352.95828,352.8909,352.9989,0.04817652527287919,0.11555933777287919,0.007557628788504189
0.3,409,353.006463307971,352.95828,352.89093,352.9989,0.04818083726786426,0.11553313218973926,0.007561940783489263
0.3,410,353.006467618395,352.95828,352.89093,352.9989,0.04818514769186777,0.11553744261374277,0.007566251207492769
0.3,411,353.00647192725,352.95828,352.89093,352.9989,0.04818945654687923,0.11554175146875423,0.007570560062504228
0.3,412,353.006476234532,352.95828,352.89093,352.9989,0.04819376382886276,0.11554605875073776,0.007574867344487757
0.3,413,353.006480540244,352.95828,352.89096,352.9989,0.0481980695408879,0.1155198468846379,0.0075791730565129
0.3,414,353.00648484439,352.95828,352.891,352.9989,0.048202373686876854,0.11549363345250185,0.007583477202501854
0.3,415,353.006489146969,352.95828,352.891,352.9989,0.04820667626586328,0.11549793603148828,0.00758777978148828
0.3,416,353.006493447978,352.95828,352.891,352.9989,0.04821097727489132,0.11550223704051632,0.00759208079051632
0.3,417,353.00649774742,352.95828,352.891,352.9989,0.04821527671685999,0.11550653648248499,0.007596380232484989
0.3,418,353.006502045298,352.95828,352.891,352.9989,0.048219574594895676,0.11551083436052068,0.0076006781105206755
0.3,419,353.006506341606,352.95828,352.891,352.9989,0.04822387090285929,0.11551513066848429,0.007604974418484289
0.3,420,353.006510636348,352.95828,352.89096,352.9989,0.0482281656449004,0.1155499429886504,0.0076092691605254
0.3,421,353.00651492953,352.95828,352.89102,352.9989,0.04823245882687388,0.11549320101437388,0.007613562342498881
0.3,422,353.006519221146,352.95828,352.891,352.9989,0.048236750442868015,0.11552801020849301,0.007617853958493015
0.3,423,353.006523511196,352.95828,352.89096,352.9989,0.0482410404928828,0.1155628178366328,0.007622144008507803
0.3,424,353.006527799683,352.95828,352.891,352.9989,0.0482453289798741,0.1155365887454991,0.0076264324954991025
0.3,425,353.006532086609,352.95828,352.891,352.9989,0.04824961590588828,0.11554087567151328,0.007630719421513277
0.3,426,353.006536371973,352.95828,352.89102,352.9989,0.048253901269902144,0.11551464345740214,0.007635004785527144
0.3,427,353.006540655776,352.95828,352.89102,352.9989,0.04825818507288204,0.11551892726038204,0.007639288588507043
0.3,428,353.006544938017,352.95828,352.89102,352.9989,0.048262467313861634,0.11552320950136163,0.0076435708294866345
0.3,429,353.006549218696,352.95828,352.89102,352.9989,0.04826674799289776,0.11552749018039776,0.007647851508522763
0.3,430,353.006553497816,352.95828,352.891,352.9989,0.04827102711288944,0.11556228687851444,0.007652130628514442
0.3,431,353.006557775377,352.95828,352.89102,352.9989,0.048275304673893515,0.11553604686139352,0.007656408189518515
0.3,432,353.006562051379,352.95828,352.89102,352.9989,0.04827958067585314,0.11554032286335314,0.00766068419147814
0.3,433,353.006566325827,352.95828,352.89102,352.9989,0.04828385512388422,0.11554459731138422,0.007664958639509223
0.3,434,353.006570598709,352.95828,352.89102,352.9989,0.048288128005879116,0.11554887019337912,0.007669231521504116
0.3,435,353.006574870038,352.95828,352.89102,352.9989,0.04829239933485496,0.11555314152235496,0.007673502850479963
0.3,436,353.006579139811,352.95828,352.89102,352.9989,0.048296669107855905,0.1155574112953559,0.007677772623480905
0.3,437,353.006583408032,352.95828,352.89105,352.9989,0.04830093732886098,0.11553116193823598,0.007682040844485982
0.3,438,353.006587674697,352.95828,352.89102,352.9989,0.048305203993891155,0.11556594618139115,0.007686307509516155
0.3,439,353.006591939802,352.95828,352.89102,352.9989,0.0483094690988537,0.1155702112863537,0.007690572614478697
0.3,440,353.006596203352,352.95828,352.89105,352.9989,0.048313732648864516,0.11554395725823952,0.007694836164489516
0.3,441,353.006600465345,352.95828,352.89102,352.9989,0.04831799464187725,0.11557873682937725,0.007699098157502249
0.3,442,353.006604725792,352.95828,352.89102,352.9989,0.048322255088862676,0.11558299727636268,0.007703358604487676
0.3,443,353.006608984686,352.95828,352.89102,352.9989,0.0483265139828859,0.1155872561703859,0.007707617498510899
0.3,444,353.006613242028,352.95828,352.89105,352.9989,0.048330771324856414,0.11556099593423141,0.007711874840481414
0.3,445,353.006617497818,352.95828,352.89102,352.9989,0.04833502711488791,0.11559576930238791,0.007716130630512907
0.3,446,353.006621752054,352.95828,352.891,352.9989,0.04833928135087717,0.11563054111650217,0.007720384866502172
0.3,447,353.006626004744,352.95828,352.891,352.9989,0.048343534040895975,0.11563479380652097,0.007724637556520975
0.3,448,353.006630255883,352.95828,352.891,352.9989,0.04834778517988525,0.11563904494551025,0.00772888869551025
0.3,449,353.006634505471,352.95828,352.89102,352.9989,0.04835203476790184,0.11561277695540184,0.007733138283526841
0.3,450,353.006638753515,352.95828,352.89102,352.9989,0.048356282811880646,0.11561702499938065,0.0077373863275056465
0.3,451,353.006643000011,352.95828,352.89102,352.9989,0.04836052930789947,0.11562127149539947,0.007741632823524469
0.3,452,353.006647244956,352.95828,352.89102,352.9989,0.048364774252888765,0.11562551644038876,0.007745877768513765
0.3,453,353.006651488358,352.95828,352.89102,352.9989,0.048369017654863455,0.11562975984236346,0.007750121170488455
0.3,454,353.006655730212,352.95828,352.89105,352.9989,0.048373259508878164,0.11560348411825316,0.007754363024503164
0.3,455,353.006659970521,352.95828,352.89105,352.9989,0.04837749981788875,0.11560772442726375,0.007758603333513747
0.3,456,353.006664209282,352.95828,352.89108,352.9989,0.048381738578882505,0.1155814456101325,0.007762842094507505
0.3,457,353.006668446498,352.95828,352.89105,352.9989,0.04838597579487214,0.11561620040424714,0.007767079310497138
0.3,458,353.006672682174,352.95828,352.89105,352.9989,0.04839021147085987,0.11562043608023487,0.007771314986484867
0.3,459,353.006676916307,352.95828,352.89105,352.9989,0.048394445603889835,0.11562467021326484,0.007775549119514835
0.3,460,353.006681148892,352.95828,352.89102,352.9989,0.04839867818890298,0.11565942037640298,0.007779781704527977
0.3,461,353.006685379939,352.95828,352.89102,352.9989,0.04840290923584689,0.11566365142334689,0.0077840127514718915
0.3,462,353.006689609442,352.95828,352.89105,352.9989,0.048407138738866706,0.1156373633482417,0.007788242254491706
0.3,463,353.006693837406,352.95828,352.89105,352.9989,0.048411366702850955,0.11564159131222596,0.007792470218475955
0.3,464,353.006698063828,352.95828,352.89102,352.9989,0.048415593124900624,0.11567633531240062,0.007796696640525624
0.3,465,353.006702288711,352.95828,352.89102,352.9989,0.048419818007857884,0.11568056019535788,0.007800921523482884
0.3,466,353.006706512055,352.95828,352.89105,352.9989,0.048424041351893266,0.11565426596126827,0.0078051448675182655
0.3,467,353.006710733862,352.95828,352.89108,352.9989,0.0484282631588826,0.1156279701901326,0.007809366674507601
0.3,468,353.006714954128,352.95828,352.89108,352.9989,0.04843248342484685,0.11563219045609685,0.00781358694047185
0.3,469,353.006719172858,352.95828,352.89108,352.9989,0.04843670215490192,0.11563640918615192,0.007817805670526923
0.3,470,353.006723390048,352.95828,352.89105,352.9989,0.04844091934489825,0.11567114395427325,0.007822022860523248
0.3,471,353.006727605699,352.95828,352.89105,352.9989,0.04844513499585901,0.11567535960523401,0.007826238511484007
0.3,472,353.006731819816,352.95828,352.89105,352.9989,0.04844934911290011,0.11567957372227511,0.007830452628525109
0.3,473,353.006736032399,352.95828,352.89105,352.9989,0.04845356169585102,0.11568378630522602,0.007834665211476022
0.3,474,353.006740243443,352.95828,352.89105,352.9989,0.048457772739880056,0.11568799734925506,0.007838876255505056
0.3,475,353.006744452956,352.95828,352.89108,352.9989,0.04846198225288845,0.11566168928413845,0.007843085768513447
0.3,476,353.006748660935,352.95828,352.89108,352.9989,0.04846619023186349,0.11566589726311349,0.007847293747488493
0.3,477,353.006752867381,352.95828,352.89105,352.9989,0.04847039667788522,0.11570062128726022,0.007851500193510219
0.3,478,353.006757072293,352.95828,352.89108,352.9989,0.0484746015898736,0.1156743086211236,0.0078557051054986
0.3,479,353.00676127567,352.95828,352.89108,352.9989,0.0484788049668623,0.1156785119981123,0.007859908482487299
0.3,480,353.006765477519,352.95828,352.89108,352.9989,0.0484830068158999,0.1156827138471499,0.007864110331524898
0.3,481,353.006769677835,352.95828,352.89108,352.9989,0.04848720713187049,0.11568691416312049,0.007868310647495491
0.3,482,353.00677387662,352.95828,352.89108,352.9989,0.048491405916877284,0.11569111294812728,0.007872509432502284
0.3,483,353.006778073878,352.95828,352.89108,352.9989,0.048495603174899315,0.11569531020614932,0.007876706690524315
0.3,484,353.006782269603,352.95828,352.89108,352.9989,0.04849979889985434,0.11569950593110434,0.00788090241547934
0.3,485,353.006786463796,352.95828,352.89114,352.9989,0.04850399309287923,0.11564266496787923,0.007885096608504227
0.3,486,353.006790656464,352.95828,352.8911,352.9989,0.04850818576085203,0.11567737521397703,0.00788928927647703
0.3,487,353.006794847602,352.95828,352.8911,352.9989,0.04851237689888421,0.11568156635200921,0.007893480414509213
0.3,488,353.006799037215,352.95828,352.89114,352.9989,0.04851656651186431,0.11565523838686431,0.007897670027489312
0.3,489,353.006803225298,352.95828,352.8911,352.9989,0.04852075459484695,0.11568994404797195,0.007901858110471949
0.3,490,353.006807411857,352.95828,352.89108,352.9989,0.048524941153857526,0.11572464818510753,0.007906044669482526
0.3,491,353.006811596891,352.95828,352.8911,352.9989,0.04852912618787286,0.11569831564099786,0.007910229703497862
0.3,492,353.006815780399,352.95828,352.8911,352.9989,0.048533309695869775,0.11570249914899478,0.007914413211494775
0.3,493,353.006819962386,352.95828,352.89108,352.9989,0.04853749168285049,0.11573719871410049,0.007918595198475487
0.3,494,353.006824142848,352.95828,352.89108,352.9989,0.0485416721448928,0.1157413791761428,0.0079227756605178
0.3,495,353.006828321789,352.95828,352.8911,352.9989,0.04854585108586207,0.11571504053898707,0.007926954601487068
0.3,496,353.006832499201,352.95828,352.8911,352.9989,0.048550028497857056,0.11571921795098206,0.007931132013482056
0.3,497,353.006836675097,352.95828,352.89108,352.9989,0.048554204393894906,0.1157539114251449,0.007935307909519906
0.3,498,353.006840849466,352.95828,352.8911,352.9989,0.04855837876289115,0.11572756821601615,0.007939482278516152
0.3,499,353.006845022316,352.95828,352.89108,352.9989,0.048562551612860716,0.11576225864411072,0.007943655128485716
0.3,500,353.006849193646,352.95828,352.89108,352.9989,0.0485667229428941,0.1157664299741441,0.007947826458519103
0.3,501,353.006853363454,352.95828,352.8911,352.9989,0.048570892750888106,0.1157400822040131,0.007951996266513106
0.3,502,353.006857531746,352.95828,352.89105,352.9989,0.04857506104286813,0.11580528565224313,0.007956164558493128
0.3,503,353.006861698518,352.95828,352.8911,352.9989,0.04857922781485513,0.11574841726798013,0.00796033133048013
0.3,504,353.006865863768,352.95828,352.89108,352.9989,0.04858339306485959,0.11578310009610959,0.007964496580484592
0.3,505,353.0068700275,352.95828,352.89108,352.9989,0.048587556796860554,0.11578726382811055,0.007968660312485554
0.3,506,353.006874189719,352.95828,352.89108,352.9989,0.048591719015860235,0.11579142604711024,0.007972822531485235
0.3,507,353.006878350417,352.95828,352.89108,352.9989,0.04859587971390056,0.11579558674515056,0.007976983229525558
0.3,508,353.006882509601,352.95828,352.8911,352.9989,0.04860003889785958,0.11576922835098458,0.007981142413484577
0.3,509,353.006886667273,352.95828,352.8911,352.9989,0.04860419656989734,0.11577338602302234,0.00798530008552234
0.3,510,353.006890823429,352.95828,352.89114,352.9989,0.04860835272586428,0.11574702460086428,0.007989456241489279
0.3,511,353.006894978066,352.95828,352.8911,352.9989,0.04861250736286138,0.11578169681598638,0.007993610878486379
0.3,512,353.006899131193,352.95828,352.89114,352.9989,0.0486166604898699,0.1157553323648699,0.0079977640054949
0.3,513,353.006903282806,352.95828,352.89114,352.9989,0.04862081210285396,0.11575948397785396,0.00800191561847896
0.3,514,353.006907432901,352.95828,352.89114,352.9989,0.048624962197891364,0.11576363407289136,0.008006065713516364
0.3,515,353.006911581488,352.95828,352.8911,352.9989,0.048629110784872864,0.11579830023799786,0.008010214300497864
0.3,516,353.006915728564,352.95828,352.8911,352.9989,0.04863325786089945,0.11580244731402445,0.008014361376524448
0.3,517,353.006919874128,352.95828,352.89114,352.9989,0.04863740342489109,0.11577607529989109,0.00801850694051609
0.3,518,353.006924018184,352.95828,352.89114,352.9989,0.04864154748088367,0.11578021935588367,0.008022650996508673
0.3,519,353.006928160727,352.95828,352.8911,352.9989,0.04864569002387498,0.11581487947699998,0.008026793539499977
0.3,520,353.006932301759,352.95828,352.8911,352.9989,0.04864983105585452,0.11581902050897952,0.00803093457147952
0.3,521,353.006936441281,352.95828,352.8911,352.9989,0.04865397057790233,0.11582316003102733,0.008035074093527328
0.3,522,353.006940579296,352.95828,352.8911,352.9989,0.04865810859286057,0.11582729804598557,0.008039212108485572
0.3,523,353.006944715802,352.95828,352.8911,352.9989,0.04866224509885342,0.11583143455197842,0.008043348614478418
0.3,524,353.006948850803,352.95828,352.8911,352.9989,0.04866638009985991,0.11583556955298491,0.008047483615484907
0.3,525,353.006952984295,352.95828,352.89114,352.9989,0.048670513591901,0.115809185466901,0.008051617107525999
0.3,526,353.006957116285,352.95828,352.89114,352.9989,0.04867464558185475,0.11581331745685475,0.008055749097479747
0.3,527,353.006961246764,352.95828,352.8911,352.9989,0.04867877606085358,0.11584796551397858,0.008059879576478579
0.3,528,353.006965375742,352.95828,352.89114,352.9989,0.048682905038901936,0.11582157691390194,0.008064008554526936
0.3,529,353.00696950321,352.95828,352.89114,352.9989,0.04868703250684803,0.11582570438184803,0.008068136022473027
0.3,530,353.006973629178,352.95828,352.89114,352.9989,0.048691158474866825,0.11582983034986682,0.008072261990491825
0.3,531,353.006977753638,352.95828,352.89114,352.9989,0.04869528293488656,0.11583395480988656,0.008076386450511563
0.3,532,353.006981876598,352.95828,352.89114,352.9989,0.04869940589486532,0.11583807776986532,0.008080509410490322
0.3,533,353.006985998054,352.95828,352.89114,352.9989,0.048703527350880904,0.1158421992258809,0.008084630866505904
0.3,534,353.006990118011,352.95828,352.8911,352.9989,0.04870764730787869,0.11587683676100369,0.008088750823503688
0.3,535,353.006994236466,352.95828,352.8911,352.9989,0.048711765762902814,0.11588095521602781,0.008092869278527814
0.3,536,353.006998353419,352.95828,352.89114,352.9989,0.04871588271589644,0.11585455459089644,0.008096986231521441
0.3,537,353.007002468872,352.95828,352.89108,352.9989,0.04871999816884909,0.11591970520009909,0.008101101684474088
0.3,538,353.007006582822,352.95828,352.8911,352.9989,0.04872411211886174,0.11589330157198674,0.00810521563448674
0.3,539,353.007010695278,352.95828,352.8911,352.9989,0.048728224574858814,0.11589741402798381,0.008109328090483814
0.3,540,353.007014806232,352.95828,352.89108,352.9989,0.04873233552888223,0.11593204256013223,0.008113439044507231
0.3,541,353.00701891569,352.95828,352.8911,352.9989,0.04873644498690055,0.11590563444002555,0.008117548502525551
0.3,542,353.00702302365,352.95828,352.89114,352.9989,0.04874055294686741,0.11587922482186741,0.00812165646249241
0.3,543,353.007027130112,352.95828,352.89114,352.9989,0.048744659408896496,0.1158833312838965,0.008125762924521496
0.3,544,353.007031235081,352.95828,352.8911,352.9989,0.04874876437787634,0.11591795383100134,0.008129867893501341
0.3,545,353.007035338552,352.95828,352.8911,352.9989,0.04875286784886157,0.11592205730198657,0.00813397136448657
0.3,546,353.007039440529,352.95828,352.8911,352.9989,0.048756969825888063,0.11592615927901306,0.008138073341513063
0.3,547,353.007043541009,352.95828,352.89108,352.9989,0.04876107030588628,0.11596077733713628,0.008142173821511278
0.3,548,353.007047639992,352.95828,352.8911,352.9989,0.048765169288856214,0.11593435874198121,0.008146272804481214
0.3,549,353.007051737485,352.95828,352.8911,352.9989,0.0487692667819033,0.1159384562350283,0.008150370297528298
0.3,550,353.007055833483,352.95828,352.8911,352.9989,0.04877336277985478,0.11594255223297978,0.008154466295479779
0.3,551,353.007059927989,352.95828,352.89114,352.9989,0.04877745728589389,0.11591612916089389,0.008158560801518888
0.3,552,353.007064021004,352.95828,352.8911,352.9989,0.04878155030087328,0.11595073975399828,0.008162653816498278
0.3,553,353.007068112526,352.95828,352.89114,352.9989,0.04878564182286027,0.11592431369786027,0.00816674533848527
0.3,554,353.007072202557,352.95828,352.89117,352.9989,0.04878973185390123,0.11589788615077623,0.00817083536952623
0.3,555,353.007076291094,352.95828,352.89114,352.9989,0.04879382039086977,0.11593249226586977,0.008174923906494769
0.3,556,353.007080378143,352.95828,352.89117,352.9989,0.04879790743984813,0.11590606173672313,0.008179010955473132
0.3,557,353.007084463705,352.95828,352.89114,352.9989,0.0488019930018595,0.1159406648768595,0.0081830965174845
0.3,558,353.007088547779,352.95828,352.89114,352.9989,0.048806077075880694,0.1159447489508807,0.008187180591505694
0.3,559,353.007092630361,352.95828,352.8911,352.9989,0.04881015965787583,0.11597934911100083,0.008191263173500829
0.3,560,353.007096711457,352.95828,352.89117,352.9989,0.04881424075387031,0.11592239505074531,0.008195344269495308
0.3,561,353.007100791067,352.95828,352.89114,352.9989,0.04881832036386413,0.11595699223886413,0.008199423879489132
0.3,562,353.007104869189,352.95828,352.89114,352.9989,0.04882239848586778,0.11596107036086778,0.00820350200149278
0.3,563,353.00710894583,352.95828,352.89114,352.9989,0.04882647512687299,0.11596514700187299,0.008207578642497992
0.3,564,353.007113020983,352.95828,352.89117,352.9989,0.04883055027988803,0.11593870457676303,0.00821165379551303
0.3,565,353.007117094646,352.95828,352.89117,352.9989,0.04883462394286653,0.11594277823974153,0.008215727458491529
0.3,566,353.007121166827,352.95828,352.89117,352.9989,0.048838696123880254,0.11594685042075525,0.008219799639505254
0.3,567,353.007125237521,352.95828,352.89117,352.9989,0.04884276681787014,0.11595092111474514,0.008223870333495142
0.3,568,353.007129306737,352.95828,352.89117,352.9989,0.0488468360338743,0.1159549903307493,0.008227939549499297
0.3,569,353.007133374471,352.95828,352.89117,352.9989,0.048850903767856835,0.11595905806473183,0.008232007283481835
0.3,570,353.007137440722,352.95828,352.89117,352.9989,0.04885497001885142,0.11596312431572642,0.008236073534476418
0.3,571,353.00714150549,352.95828,352.89117,352.9989,0.04885903478685805,0.11596718908373305,0.008240138302483047
0.3,572,353.007145568777,352.95828,352.89117,352.9989,0.04886309807386624,0.11597125237074124,0.00824420158949124
0.3,573,353.007149630581,352.95828,352.89117,352.9989,0.04886715987788648,0.11597531417476148,0.008248263393511479
0.3,574,353.007153690908,352.95828,352.89117,352.9989,0.04887122020488732,0.11597937450176232,0.008252323720512322
0.3,575,353.007157749753,352.95828,352.89117,352.9989,0.04887527904986655,0.11598343334674155,0.008256382565491549
0.3,576,353.007161807114,352.95828,352.89117,352.9989,0.04887933641089148,0.11598749070776648,0.008260439926516483
0.3,577,353.007165863,352.95828,352.89114,352.9989,0.04888339229688654,0.11602206417188654,0.00826449581251154
0.3,578,353.00716991741,352.95828,352.89117,352.9989,0.048887446706885385,0.11599560100376038,0.008268550222510385
0.3,579,353.007173970341,352.95828,352.89114,352.9989,0.04889149963787531,0.11603017151287531,0.008272603153500313
0.3,580,353.007178021798,352.95828,352.89117,352.9989,0.04889555109485855,0.11600370539173355,0.008276654610483547
0.3,581,353.007182071776,352.95828,352.89117,352.9989,0.04889960107288971,0.11600775536976471,0.008280704588514709
0.3,582,353.007186120277,352.95828,352.89117,352.9989,0.048903649573901475,0.11601180387077648,0.008284753089526475
0.3,583,353.007190167302,352.95828,352.89117,352.9989,0.048907696598860184,0.11601585089573518,0.008288800114485184
0.3,584,353.007194212852,352.95828,352.89117,352.9989,0.048911742148902704,0.1160198964457777,0.008292845664527704
0.3,585,353.007198256933,352.95828,352.89117,352.9989,0.048915786229883906,0.1160239405267589,0.008296889745508906
0.3,586,353.007202299537,352.95828,352.89117,352.9989,0.04891982883390256,0.11602798313077756,0.008300932349527557
0.3,587,353.007206340669,352.95828,352.89117,352.9989,0.04892386996584719,0.11603202426272219,0.008304973481472189
0.3,588,353.007210380324,352.95828,352.8912,352.9989,0.04892790962088611,0.11600554633963611,0.008309013136511112
0.3,589,353.007214418512,352.95828,352.89117,352.9989,0.04893194780885324,0.11604010210572824,0.008313051324478238
0.3,590,353.00721845523,352.95828,352.89117,352.9989,0.04893598452684955,0.11604413882372455,0.008317088042474552
0.3,591,353.007222490472,352.95828,352.8912,352.9989,0.04894001976884965,0.11601765648759965,0.008321123284474652
0.3,592,353.007226524248,352.95828,352.89117,352.9989,0.04894405354485798,0.11605220784173298,0.00832515706048298
0.3,593,353.00723055655,352.95828,352.89117,352.9989,0.04894808584685961,0.11605624014373461,0.008329189362484613
0.3,594,353.007234587383,352.95828,352.89117,352.9989,0.04895211667985677,0.11606027097673177,0.008333220195481772
0.3,595,353.00723861675,352.95828,352.89117,352.9989,0.04895614604686216,0.11606430034373716,0.008337249562487159
0.3,596,353.007242644646,352.95828,352.8912,352.9989,0.04896017394287355,0.11603781066162355,0.008341277458498553
0.3,597,353.007246671076,352.95828,352.89117,352.9989,0.048964200372893174,0.11607235466976817,0.008345303888518174
0.3,598,353.007250696036,352.95828,352.89117,352.9989,0.04896822533288514,0.11607637962976014,0.00834932884851014
0.3,599,353.007254719527,352.95828,352.8912,352.9989,0.04897224882387263,0.11604988554262263,0.008353352339497633
0.3,600,353.007258741555,352.95828,352.89218,352.9989,0.048976270851881054,0.11507734507063105,0.008357374367506054
0.3,601,353.007262762116,352.95828,352.89218,352.9989,0.04898029141287452,0.11508136563162452,0.008361394928499521
0.3,602,353.007266781214,352.95828,352.89218,352.9989,0.04898431051088892,0.11508538472963892,0.008365414026513918
0.3,603,353.007270798847,352.95828,352.89218,352.9989,0.04898832814387788,0.11508940236262788,0.00836943165950288
0.3,604,353.007274815017,352.95828,352.8922,352.9989,0.04899234431388777,0.11506290095451277,0.00837344782951277
0.3,605,353.007278829717,352.95828,352.8922,352.9989,0.048996359013870006,0.115066915654495,0.008377462529495006
0.3,606,353.007282842956,352.95828,352.89218,352.9989,0.04900037225286269,0.11510144647161269,0.00838147576848769
0.3,607,353.007286854738,352.95828,352.89224,352.9989,0.049004384034901705,0.1150444230974017,0.008385487550526705
0.3,608,353.007290865053,352.95828,352.8922,352.9989,0.04900839434986892,0.11507895099049392,0.008389497865493922
0.3,609,353.007294873909,352.95828,352.8922,352.9989,0.04901240320589295,0.11508295984651795,0.008393506721517952
0.3,610,353.007298881303,352.95828,352.8922,352.9989,0.049016410599847404,0.1150869672404724,0.008397514115472404
0.3,611,353.007302887238,352.95828,352.89218,352.9989,0.04902041653485867,0.11512149075360867,0.008401520050483668
0.3,612,353.007306891709,352.95828,352.8922,352.9989,0.04902442100586768,0.11509497764649268,0.00840552452149268
0.3,613,353.007310894724,352.95828,352.8922,352.9989,0.04902842402088936,0.11509898066151436,0.00840952753651436
0.3,614,353.007314896279,352.95828,352.8922,352.9989,0.04903242557588783,0.11510298221651283,0.008413529091512828
0.3,615,353.007318896378,352.95828,352.89218,352.9989,0.049036425674898965,0.11513749989364896,0.008417529190523965
0.3,616,353.007322895018,352.95828,352.89218,352.9989,0.049040424314853226,0.11514149853360323,0.008421527830478226
0.3,617,353.007326892198,352.95828,352.89224,352.9989,0.04904442149489796,0.11508446055739796,0.00842552501052296
0.3,618,353.007330887928,352.95828,352.89224,352.9989,0.04904841722486708,0.11508845628736708,0.00842952074049208
0.3,619,353.0073348822,352.95828,352.8922,352.9989,0.04905241149685935,0.11512296813748435,0.00843351501248435
0.3,620,353.007338875015,352.95828,352.8922,352.9989,0.04905640431189795,0.11512696095252295,0.00843750782752295
0.3,621,353.007342866375,352.95828,352.89224,352.9989,0.049060395671858714,0.11510043473435871,0.008441499187483714
0.3,622,353.007346856281,352.95828,352.89224,352.9989,0.04906438557787851,0.11510442464037851,0.008445489093503511
0.3,623,353.007350844732,352.95828,352.89218,352.9989,0.049068374028877315,0.11516944824762732,0.008449477544502315
0.3,624,353.007354831728,352.95828,352.8922,352.9989,0.04907236102485513,0.11514291766548013,0.008453464540480127
0.3,625,353.007358817274,352.95828,352.8922,352.9989,0.04907634657087101,0.11514690321149601,0.00845745008649601
0.3,626,353.007362801366,352.95828,352.8922,352.9989,0.04908033066288908,0.11515088730351408,0.008461434178514082
0.3,627,353.007366784007,352.95828,352.8922,352.9989,0.0490843133038652,0.1151548699444902,0.008465416819490201
0.3,628,353.007370765198,352.95828,352.8922,352.9989,0.04908829449487939,0.11515885113550439,0.008469398010504392
0.3,629,353.007374744938,352.95828,352.8922,352.9989,0.04909227423485163,0.11516283087547663,0.00847337775047663
0.3,630,353.007378723227,352.95828,352.89224,352.9989,0.0490962525238956,0.1151362915863956,0.0084773560395206
0.3,631,353.007382700063,352.95828,352.89224,352.9989,0.049100229359851255,0.11514026842235126,0.008481332875476255
0.3,632,353.007386675453,352.95828,352.89227,352.9989,0.049104204749880864,0.11511372623425586,0.008485308265505864
0.3,633,353.007390649391,352.95828,352.89224,352.9989,0.04910817868790218,0.11514821775040218,0.008489282203527182
0.3,634,353.007394621886,352.95828,352.89224,352.9989,0.04911215118289647,0.11515219024539647,0.008493254698521469
0.3,635,353.007398592926,352.95828,352.89224,352.9989,0.04911612222286976,0.11515616128536976,0.008497225738494762
0.3,636,353.007402562524,352.95828,352.89224,352.9989,0.04912009182089605,0.11516013088339605,0.00850119533652105
0.3,637,353.007406530673,352.95828,352.89227,352.9989,0.049124059969869904,0.1151335814542449,0.008505163485494904
0.3,638,353.007410497373,352.95828,352.89224,352.9989,0.04912802666984817,0.11516806573234817,0.008509130185473168
0.3,639,353.007414462634,352.95828,352.89224,352.9989,0.04913199193089213,0.11517203099339213,0.008513095446517127
0.3,640,353.007418426447,352.95828,352.89227,352.9989,0.04913595574384999,0.11514547722822499,0.00851705925947499
0.3,641,353.007422388816,352.95828,352.89224,352.9989,0.04913991811287133,0.11517995717537133,0.008521021628496328
0.3,642,353.007426349741,352.95828,352.89224,352.9989,0.049143879037899296,0.1151839181003993,0.008524982553524296
0.3,643,353.007430309224,352.95828,352.89224,352.9989,0.04914783852086657,0.11518787758336657,0.008528942036491571
0.3,644,353.00743426726,352.95828,352.89224,352.9989,0.04915179655688462,0.11519183561938462,0.00853290007250962
0.3,645,353.007438223854,352.95828,352.89224,352.9989,0.04915575315089882,0.11519579221339882,0.008536856666523818
0.3,646,353.007442179008,352.95828,352.89224,352.9989,0.049159708304898686,0.11519974736739869,0.008540811820523686
0.3,647,353.007446132722,352.95828,352.89224,352.9989,0.049163662018884224,0.11520370108138422,0.008544765534509224
0.3,648,353.007450084997,352.95828,352.89224,352.9989,0.049167614293878614,0.11520765335637861,0.008548717809503614
0.3,649,353.007454035825,352.95828,352.8922,352.9989,0.049171565121866934,0.11524212176249193,0.008552668637491934
0.3,650,353.007457985217,352.95828,352.89224,352.9989,0.049175514513876806,0.1152155535763768,0.008556618029501806
0.3,651,353.007461933168,352.95828,352.89224,352.9989,0.049179462464849166,0.11521950152734917,0.008560565980474166
0.3,652,353.007465879679,352.95828,352.89224,352.9989,0.04918340897586404,0.11522344803836404,0.00856451249148904
0.3,653,353.007469824758,352.95828,352.8922,352.9989,0.049187354054879506,0.1152579106955045,0.008568457570504506
0.3,654,353.007473768396,352.95828,352.8922,352.9989,0.04919129769285746,0.11526185433348246,0.00857240120848246
0.3,655,353.0074777106,352.95828,352.89224,352.9989,0.04919523989690333,0.11523527895940333,0.008576343412528331
0.3,656,353.007481651361,352.95828,352.89224,352.9989,0.04919918065786533,0.11523921972036533,0.008580284173490327
0.3,657,353.007485590695,352.95828,352.89224,352.9989,0.04920311999188698,0.11524315905438698,0.008584223507511979
0.3,658,353.007489528583,352.95828,352.89224,352.9989,0.0492070578798689,0.1152470969423689,0.008588161395493898
0.3,659,353.007493465046,352.95828,352.8922,352.9989,0.049210994342899994,0.115281550983525,0.008592097858524994
0.3,660,353.007497400066,352.95828,352.8922,352.9989,0.049214929362847215,0.11528548600347222,0.008596032878472215
0.3,661,353.007501333658,352.95828,352.89224,352.9989,0.049218862954887754,0.11525890201738775,0.008599966470512754
0.3,662,353.007505265812,352.95828,352.89224,352.9989,0.04922279510884664,0.11526283417134664,0.00860389862447164
0.3,663,353.007509196534,352.95828,352.89224,352.9989,0.04922672583086296,0.11526676489336296,0.00860782934648796
0.3,664,353.007513125822,352.95828,352.89224,352.9989,0.049230655118890354,0.11527069418139035,0.008611758634515354
0.3,665,353.007517053681,352.95828,352.89227,352.9989,0.0492345829778742,0.1152441044622492,0.008615686493499197
0.3,666,353.007520980106,352.95828,352.89224,352.9989,0.04923850940286911,0.11527854846536911,0.008619612918494113
0.3,667,353.007524905102,352.95828,352.89227,352.9989,0.04924243439887732,0.11525195588325232,0.008623537914502322
0.3,668,353.007528828666,352.95828,352.8923,352.9989,0.04924635796288612,0.11522536186913612,0.008627461478511123
0.3,669,353.007532750801,352.95828,352.8923,352.9989,0.04925028009785137,0.11522928400410137,0.008631383613476373
0.3,670,353.007536671506,352.95828,352.8923,352.9989,0.04925420080286358,0.11523320470911358,0.00863530431848858
0.3,671,353.007540590784,352.95828,352.89227,352.9989,0.0492581200808786,0.1152676415652536,0.008639223596503598
0.3,672,353.007544508635,352.95828,352.89227,352.9989,0.04926203793189643,0.11527155941627143,0.00864314144752143
0.3,673,353.007548425058,352.95828,352.8923,352.9989,0.04926595435489389,0.11524495826114389,0.008647057870518893
0.3,674,353.007552340047,352.95828,352.89227,352.9989,0.04926986934390243,0.11527939082827743,0.008650972859527428
0.3,675,353.007556253617,352.95828,352.8923,352.9989,0.049273782913871855,0.11525278682012186,0.008654886429496855
0.3,676,353.007560165757,352.95828,352.8923,352.9989,0.04927769505388824,0.11525669896013824,0.008658798569513237
0.3,677,353.007564076471,352.95828,352.89233,352.9989,0.04928160576787377,0.11523009209599877,0.00866270928349877
0.3,678,353.007567985761,352.95828,352.89233,352.9989,0.04928551505787482,0.11523400138599982,0.008666618573499818
0.3,679,353.007571893629,352.95828,352.89233,352.9989,0.0492894229258809,0.1152379092540059,0.008670526441505899
0.3,680,353.00757580007,352.95828,352.8923,352.9989,0.04929332936688979,0.1152723332731398,0.008674432882514793
0.3,681,353.00757970509,352.95828,352.89233,352.9989,0.04929723438687006,0.11524572071499506,0.008678337902495059
0.3,682,353.007583608684,352.95828,352.8923,352.9989,0.04930113798087632,0.11528014188712632,0.00868224149650132
0.3,683,353.007587510856,352.95828,352.89233,352.9989,0.049305040152887614,0.11525352648101261,0.008686143668512614
0.3,684,353.007591411605,352.95828,352.89233,352.9989,0.04930894090188076,0.11525742723000576,0.00869004441750576
0.3,685,353.00759531093,352.95828,352.8923,352.9989,0.04931284022688942,0.11529184413313942,0.00869394374251442
0.3,686,353.00759920884,352.95828,352.8923,352.9989,0.049316738136894855,0.11529574204314486,0.008697841652519855
0.3,687,353.007603105326,352.95828,352.89233,352.9989,0.04932063462285896,0.11526912095098396,0.008701738138483961
0.3,688,353.007607000391,352.95828,352.8923,352.9989,0.04932452968785128,0.11530353359410128,0.008705633203476282
0.3,689,353.007610894041,352.95828,352.89233,352.9989,0.04932842333789722,0.11527690966602222,0.00870952685352222
0.3,690,353.00761478627,352.95828,352.8923,352.9989,0.04933231556685769,0.11531131947310769,0.008713419082482687
0.3,691,353.007618677082,352.95828,352.8923,352.9989,0.04933620637888225,0.11531521028513225,0.008717309894507252
0.3,692,353.007622566474,352.95828,352.8923,352.9989,0.04934009577090137,0.11531909967715137,0.008721199286526371
0.3,693,353.00762645445,352.95828,352.8923,352.9989,0.04934398374689408,0.11532298765314408,0.008725087262519082
0.3,694,353.007630341012,352.95828,352.89233,352.9989,0.049347870308849906,0.1152963566369749,0.008728973824474906
0.3,695,353.007634226153,352.95828,352.89233,352.9989,0.04935175544989079,0.11530024177801579,0.008732858965515788
0.3,696,353.00763810988,352.95828,352.89233,352.9989,0.04935563917689478,0.11530412550501978,0.008736742692519783
0.3,697,353.007641992187,352.95828,352.89233,352.9989,0.04935952148389333,0.11530800781201833,0.008740624999518332
0.3,698,353.007645873082,352.95828,352.89233,352.9989,0.049363402378901355,0.11531188870702636,0.008744505894526355
0.3,699,353.007649752564,352.95828,352.8923,352.9989,0.04936728186089567,0.11534628576714567,0.008748385376520673
0.3,700,353.007653630632,352.95828,352.89233,352.9989,0.0493711599288531,0.1153196462569781,0.008752263444478103
0.3,701,353.00765750729,352.95828,352.89233,352.9989,0.04937503658686637,0.11532352291499137,0.008756140102491372
0.3,702,353.007661382533,352.95828,352.89233,352.9989,0.049378911829876415,0.11532739815800142,0.008760015345501415
0.3,703,353.007665256363,352.95828,352.89233,352.9989,0.04938278565987275,0.11533127198799775,0.008763889175497752
0.3,704,353.007669128782,352.95828,352.89233,352.9989,0.049386658078901746,0.11533514440702675,0.008767761594526746
0.3,705,353.007672999792,352.95828,352.89233,352.9989,0.049390529088896074,0.11533901541702107,0.008771632604521074
0.3,706,353.007676869388,352.95828,352.89233,352.9989,0.04939439868485351,0.11534288501297851,0.008775502200478513
0.3,707,353.007680737574,352.95828,352.8923,352.9989,0.04939826687086679,0.11537727077711679,0.008779370386491792
0.3,708,353.00768460435,352.95828,352.89233,352.9989,0.049402133646879065,0.11535061997500407,0.008783237162504065
0.3,709,353.007688469721,352.95828,352.89233,352.9989,0.049405999017892555,0.11535448534601755,0.008787102533517555
0.3,710,353.007692333682,352.95828,352.89233,352.9989,0.049409862978848196,0.1153583493069732,0.008790966494473196
0.3,711,353.007696196232,352.95828,352.89233,352.9989,0.04941372552889334,0.11536221185701834,0.008794829044518337
0.3,712,353.007700057377,352.95828,352.89233,352.9989,0.04941758667388285,0.11536607300200785,0.008798690189507852
0.3,713,353.007703917114,352.95828,352.89233,352.9989,0.04942144641086088,0.11536993273898588,0.00880254992648588
0.3,714,353.007707775445,352.95828,352.89233,352.9989,0.04942530474187379,0.11537379106999879,0.008806408257498788
0.3,715,353.00771163237,352.95828,352.89233,352.9989,0.04942916166686473,0.11537764799498973,0.00881026518248973
0.3,716,353.00771548789,352.95828,352.89233,352.9989,0.04943301718685689,0.11538150351498189,0.008814120702481887
0.3,717,353.007719342006,352.95828,352.89233,352.9989,0.04943687130287344,0.11538535763099844,0.008817974818498442
0.3,718,353.007723194715,352.95828,352.89233,352.9989,0.04944072401190169,0.1153892103400267,0.008821827527526693
0.3,719,353.007727046023,352.95828,352.89233,352.9989,0.04944457531985336,0.11539306164797836,0.008825678835478357
0.3,720,353.007730895922,352.95828,352.89233,352.9989,0.04944842521888404,0.11539691154700904,0.00882952873450904
0.3,721,353.007734744419,352.95828,352.89233,352.9989,0.0494522737158718,0.1154007600439968,0.008833377231496797
0.3,722,353.007738591512,352.95828,352.89233,352.9989,0.04945612080888395,0.11540460713700895,0.008837224324508952
0.3,723,353.007742437204,352.95828,352.89233,352.9989,0.04945996650087636,0.11540845282900136,0.008841070016501362
0.3,724,353.007746281501,352.95828,352.89233,352.9989,0.04946381079787443,0.11541229712599943,0.00884491431349943
0.3,725,353.00775012439,352.95828,352.89233,352.9989,0.04946765368686101,0.11541614001498601,0.008848757202486013
0.3,726,353.007753965884,352.95828,352.89233,352.9989,0.04947149518085325,0.11541998150897825,0.008852598696478253
0.3,727,353.007757805977,352.95828,352.89233,352.9989,0.04947533527388259,0.11542382160200759,0.008856438789507592
0.3,728,353.007761644671,352.95828,352.89236,352.9989,0.04947917396788171,0.1153971427178817,0.008860277483506707
0.3,729,353.007765481963,352.95828,352.89236,352.9989,0.04948301125989474,0.11540098000989474,0.008864114775519738
0.3,730,353.00776931786,352.95828,352.89243,352.9989,0.049486847156856584,0.11534378075060658,0.008867950672481584
0.3,731,353.007773152357,352.95828,352.89236,352.9989,0.04949068165387871,0.11540865040387871,0.00887178516950371
0.3,732,353.007776985458,352.95828,352.89233,352.9989,0.04949451475488331,0.11544300108300831,0.008875618270508312
0.3,733,353.007780817161,352.95828,352.89236,352.9989,0.04949834645788087,0.11541631520788087,0.00887944997350587
0.3,734,353.00778464747,352.95828,352.89236,352.9989,0.049502176766850425,0.11542014551685043,0.008883280282475425
0.3,735,353.007788476382,352.95828,352.89233,352.9989,0.04950600567889296,0.11545449200701796,0.008887109194517961
0.3,736,353.007792303898,352.95828,352.89233,352.9989,0.04950983319486113,0.11545831952298613,0.00889093671048613
0.3,737,353.00779613002,352.95828,352.89233,352.9989,0.04951365931685814,0.11546214564498314,0.008894762832483138
0.3,738,353.007799954749,352.95828,352.89236,352.9989,0.049517484045850324,0.11543545279585032,0.008898587561475324
0.3,739,353.007803778084,352.95828,352.89236,352.9989,0.04952130738087135,0.11543927613087135,0.008902410896496349
0.3,740,353.007807600027,352.95828,352.89236,352.9989,0.04952512932385389,0.11544309807385389,0.00890623283947889
0.3,741,353.007811420575,352.95828,352.89236,352.9989,0.04952894987189893,0.11544691862189893,0.00891005338752393
0.3,742,353.007815239728,352.95828,352.8924,352.9989,0.04953276902489279,0.11542022019676779,0.008913872540517787
0.3,743,353.007819057491,352.95828,352.89233,352.9989,0.04953658678789452,0.11548507311601952,0.008917690303519521
0.3,744,353.007822873859,352.95828,352.89236,352.9989,0.04954040315590191,0.11545837190590191,0.008921506671526913
0.3,745,353.007826688839,352.95828,352.89233,352.9989,0.04954421813584986,0.11549270446397486,0.00892532165147486
0.3,746,353.00783050243,352.95828,352.89236,352.9989,0.04954803172688571,0.11546600047688571,0.00892913524251071
0.3,747,353.007834314628,352.95828,352.89236,352.9989,0.049551843924859895,0.1154698126748599,0.008932947440484895
0.3,748,353.007838125439,352.95828,352.89236,352.9989,0.04955565473585466,0.11547362348585466,0.00893675825147966
0.3,749,353.007841934862,352.95828,352.89236,352.9989,0.04955946415884682,0.11547743290884682,0.008940567674471822
0.3,750,353.007845742897,352.95828,352.89233,352.9989,0.049563272193893226,0.11551175852201823,0.008944375709518226
0.3,751,353.007849549542,352.95828,352.89233,352.9989,0.049567078838890666,0.11551556516701567,0.008948182354515666
0.3,752,353.0078533548,352.95828,352.89233,352.9989,0.04957088409685184,0.11551937042497684,0.008951987612476842
0.3,753,353.007857158675,352.95828,352.89233,352.9989,0.04957468797186948,0.11552317429999448,0.00895579148749448
0.3,754,353.007860961159,352.95828,352.89236,352.9989,0.049578490455871815,0.11549645920587182,0.008959593971496815
0.3,755,353.007864762264,352.95828,352.89236,352.9989,0.04958229156085281,0.11550026031085281,0.00896339507647781
0.3,756,353.007868561982,352.95828,352.89236,352.9989,0.04958609127885438,0.11550406002885438,0.008967194794479383
0.3,757,353.007872360314,352.95828,352.89233,352.9989,0.04958988961089972,0.11553837593902472,0.008970993126524718
0.3,758,353.007876157261,352.95828,352.89236,352.9989,0.04959368655789831,0.11551165530789831,0.008974790073523309
0.3,759,353.007879952823,352.95828,352.89236,352.9989,0.049597482119850156,0.11551545086985016,0.008978585635475156
0.3,760,353.007883747005,352.95828,352.89236,352.9989,0.04960127630187117,0.11551924505187117,0.008982379817496167
0.3,761,353.007887539802,352.95828,352.89236,352.9989,0.04960506909890228,0.11552303784890228,0.008986172614527277
0.3,762,353.007891331218,352.95828,352.8924,352.9989,0.04960886051486568,0.11549631168674068,0.008989964030490682
0.3,763,353.00789512125,352.95828,352.8924,352.9989,0.04961265054686237,0.11550010171873737,0.008993754062487369
0.3,764,353.007898909902,352.95828,352.8924,352.9989,0.049616439198871376,0.11550389037074638,0.008997542714496376
0.3,765,353.007902697175,352.95828,352.8924,352.9989,0.04962022647185904,0.11550767764373404,0.009001329987484041
0.3,766,353.007906483068,352.95828,352.89243,352.9989,0.04962401236485903,0.11548094595860903,0.009005115880484027
0.3,767,353.007910267581,352.95828,352.89243,352.9989,0.04962779687787133,0.11548473047162133,0.009008900393496333
0.3,768,353.007914050715,352.95828,352.8924,352.9989,0.0496315800118623,0.1155190311837373,0.009012683527487297
0.3,769,353.007917832471,352.95828,352.89243,352.9989,0.0496353617678551,0.1154922953616051,0.009016465283480102
0.3,770,353.007921612846,352.95828,352.89243,352.9989,0.04963914214289389,0.11549607573664389,0.009020245658518888
0.3,771,353.007925391846,352.95828,352.89243,352.9989,0.04964292114289037,0.11549985473664037,0.009024024658515373
0.3,772,353.00792916947,352.95828,352.89243,352.9989,0.04964669876687822,0.11550363236062822,0.009027802282503217
0.3,773,353.007932945715,352.95828,352.89243,352.9989,0.04965047501190156,0.11550740860565156,0.009031578527526563
0.3,774,353.007936720584,352.95828,352.89243,352.9989,0.049654249880859425,0.11551118347460942,0.009035353396484425
0.3,775,353.007940494078,352.95828,352.89243,352.9989,0.04965802337488867,0.11551495696863867,0.009039126890513671
0.3,776,353.007944266194,352.95828,352.89243,352.9989,0.049661795490862914,0.11551872908461291,0.009042899006487914
0.3,777,353.007948036938,352.95828,352.8924,352.9989,0.0496655662348644,0.1155530174067394,0.0090466697504894
0.3,778,353.007951806314,352.95828,352.8924,352.9989,0.04966933561087217,0.11555678678274717,0.009050439126497167
0.3,779,353.007955574312,352.95828,352.8924,352.9989,0.049673103608881775,0.11556055478075677,0.009054207124506775
0.3,780,353.007959340937,352.95828,352.8924,352.9989,0.04967687023389544,0.11556432140577044,0.009057973749520443
0.3,781,353.007963106188,352.95828,352.89243,352.9989,0.04968063548488999,0.11553756907863999,0.00906173900051499
0.3,782,353.007966870068,352.95828,352.89236,352.9989,0.04968439936487812,0.11560236811487812,0.009065502880503118
0.3,783,353.007970632576,352.95828,352.89236,352.9989,0.04968816187289349,0.11560613062289349,0.009069265388518488
0.3,784,353.007974393711,352.95828,352.89236,352.9989,0.049691923007856076,0.11560989175785608,0.009073026523481076
0.3,785,353.007978153477,352.95828,352.89243,352.9989,0.04969568277385861,0.11555261636760861,0.009076786289483607
0.3,786,353.007981911876,352.95828,352.8924,352.9989,0.0496994411728906,0.1155868923447656,0.009080544688515602
0.3,787,353.0079856689,352.95828,352.8924,352.9989,0.049703198196880294,0.1155906493687553,0.009084301712505294
0.3,788,353.007989424554,352.95828,352.89243,352.9989,0.04970695385088675,0.11556388744463675,0.009088057366511748
0.3,789,353.007993178842,352.95828,352.8924,352.9989,0.049710708138889004,0.115598159310764,0.009091811654514004
0.3,790,353.007996931765,352.95828,352.89243,352.9989,0.0497144610618534,0.1155713946556034,0.009095564577478399
0.3,791,353.008000683318,352.95828,352.89243,352.9989,0.0497182126148914,0.1155751462086414,0.0090993161305164
0.3,792,353.008004433505,352.95828,352.89243,352.9989,0.04972196280186836,0.11557889639561836,0.009103066317493358
0.3,793,353.008008182326,352.95828,352.89243,352.9989,0.04972571162289796,0.11558264521664796,0.009106815138522961
0.3,794,353.008011929777,352.95828,352.8924,352.9989,0.04972945907388748,0.11561691024576248,0.009110562589512483
0.3,795,353.008015675862,352.95828,352.8924,352.9989,0.049733205158872806,0.1156206563307478,0.009114308674497806
0.3,796,353.008019420586,352.95828,352.89243,352.9989,0.04973694988285615,0.11559388347660615,0.009118053398481152
0.3,797,353.008023163943,352.95828,352.89243,352.9989,0.04974069323986896,0.11559762683361896,0.00912179675549396
0.3,798,353.008026905938,352.95828,352.89243,352.9989,0.04974443523485661,0.11560136882860661,0.00912553875048161
0.3,799,353.008030646568,352.95828,352.89243,352.9989,0.04974817586486324,0.11560510945861324,0.009129279380488242
0.3,800,353.00803438583,352.95828,352.8924,352.9989,0.049751915126876156,0.11563936629875116,0.009133018642501156
0.3,801,353.008038123734,352.95828,352.8924,352.9989,0.049755653030899794,0.1156431042027748,0.009136756546524794
0.3,802,353.008041860275,352.95828,352.89243,352.9989,0.04975938957187509,0.11561632316562509,0.00914049308750009
0.3,803,353.008045595456,352.95828,352.8924,352.9989,0.04976312475287159,0.11565057592474659,0.00914422826849659
0.3,804,353.008049329276,352.95828,352.8924,352.9989,0.04976685857286611,0.11565430974474111,0.009147962088491113
0.3,805,353.008053061734,352.95828,352.8924,352.9989,0.04977059103089232,0.11565804220276732,0.00915169454651732
0.3,806,353.00805679283,352.95828,352.8924,352.9989,0.04977432212689337,0.11566177329876837,0.009155425642518367
0.3,807,353.00806052257,352.95828,352.89243,352.9989,0.04977805186689466,0.11563498546064466,0.009159155382519657
0.3,808,353.008064250949,352.95828,352.89243,352.9989,0.04978178024589397,0.11563871383964397,0.00916288376151897
0.3,809,353.008067977971,352.95828,352.89246,352.9989,0.049785507267870344,0.11561192328349534,0.009166610783495344
0.3,810,353.008071703633,352.95828,352.89243,352.9989,0.04978923292986792,0.11564616652361792,0.009170336445492921
0.3,811,353.008075427938,352.95828,352.89246,352.9989,0.049792957234899404,0.1156193732505244,0.009174060750524404
0.3,812,353.008079150889,352.95828,352.89243,352.9989,0.049796680185863806,0.1156536137796138,0.009177783701488806
0.3,813,353.008082872478,352.95828,352.89243,352.9989,0.04980040177485989,0.11565733536860989,0.009181505290484893
0.3,814,353.008086592716,352.95828,352.89246,352.9989,0.04980412201285844,0.11563053802848344,0.009185225528483443
0.3,815,353.008090311594,352.95828,352.89243,352.9989,0.0498078408908782,0.1156647744846282,0.009188944406503197
0.3,816,353.008094029065,352.95828,352.89243,352.9989,0.049811558361852804,0.1156684919556028,0.009192661877477804
0.3,817,353.008097745153,352.95828,352.8924,352.9989,0.04981527444988387,0.11570272562175887,0.009196377965508873
0.3,818,353.008101460146,352.95828,352.89243,352.9989,0.04981898944288332,0.11567592303663332,0.009200092958508321
0.3,819,353.008105173792,352.95828,352.89243,352.9989,0.04982270308886427,0.11567963668261427,0.009203806604489273
0.3,820,353.008108885883,352.95828,352.89243,352.9989,0.0498264151798935,0.1156833487736435,0.009207518695518502
0.3,821,353.008112596616,352.95828,352.89243,352.9989,0.04983012591287661,0.11568705950662661,0.00921122942850161
0.3,822,353.008116306094,352.95828,352.89243,352.9989,0.04983383539087072,0.11569076898462072,0.009214938906495718
0.3,823,353.008120014131,352.95828,352.89246,352.9989,0.04983754342788416,0.11566395944350916,0.009218646943509157
0.3,824,353.008123720862,352.95828,352.89246,352.9989,0.049841250158863204,0.1156676661744882,0.009222353674488204
0.3,825,353.008127426277,352.95828,352.89243,352.9989,0.04984495557386026,0.11570188916761026,0.009226059089485261
0.3,826,353.008131130357,352.95828,352.89246,352.9989,0.049848659653889626,0.11567507566951463,0.009229763169514626
0.3,827,353.008134832891,352.95825,352.8925,352.9989,0.049882879766016686,0.11564826062539169,0.009233465703516686
0.3,828,353.008138534211,352.95828,352.89246,352.9989,0.04985606350788885,0.11568247952351385,0.009237167023513848
0.3,829,353.00814223411,352.95828,352.8925,352.9989,0.04985976340685738,0.11565566184435738,0.009240866922482383
0.3,830,353.008145932293,352.95828,352.89246,352.9989,0.04986346158989363,0.11568987760551863,0.009244565105518632
0.3,831,353.008149629586,352.95828,352.89246,352.9989,0.04986715888287563,0.11569357489850063,0.009248262398500628
0.3,832,353.008153325429,352.95828,352.89246,352.9989,0.0498708547258957,0.1156972707415207,0.009251958241520697
0.3,833,353.008157019897,352.95828,352.89243,352.9989,0.04987454919387346,0.11573148278762346,0.009255652709498463
0.3,834,353.008160713143,352.95828,352.89246,352.9989,0.049878242439888254,0.11570465845551325,0.009259345955513254
0.3,835,353.008164404969,352.95828,352.89246,352.9989,0.0498819342658976,0.1157083502815226,0.009263037781522598
0.3,836,353.008168095372,352.95828,352.89246,352.9989,0.049885624668888795,0.1157120406845138,0.009266728184513795
0.3,837,353.008171784655,352.95828,352.8925,352.9989,0.04988931395189411,0.11568521238939411,0.00927041746751911
0.3,838,353.008175472342,352.95828,352.89246,352.9989,0.04989300163884991,0.11571941765447491,0.00927410515447491
0.3,839,353.00817915869,352.95828,352.8925,352.9989,0.04989668798685898,0.11569258642435898,0.009277791502483979
0.3,840,353.008182843859,352.95825,352.89246,352.9989,0.0499308907340037,0.1157267891715037,0.009281476671503697
0.3,841,353.008186527679,352.95828,352.89246,352.9989,0.0499040569758904,0.1157304729915154,0.009285160491515398
0.3,842,353.008190210153,352.95828,352.8925,352.9989,0.04990773944984994,0.11570363788734994,0.009288842965474942
0.3,843,353.008193891286,352.95828,352.89246,352.9989,0.049911420582873234,0.11573783659849823,0.009292524098498234
0.3,844,353.008197571079,352.95828,352.89246,352.9989,0.04991510037586977,0.11574151639149477,0.00929620389149477
0.3,845,353.008201249525,352.95828,352.89246,352.9989,0.04991877882184781,0.11574519483747281,0.009299882337472809
0.3,846,353.00820492663,352.95828,352.8925,352.9989,0.0499224559268896,0.1157183543643896,0.009303559442514597
0.3,847,353.008208602403,352.95828,352.89246,352.9989,0.04992613169986271,0.11575254771548771,0.009307235215487708
0.3,848,353.008212276831,352.95828,352.89246,352.9989,0.049929806127863685,0.11575622214348869,0.009310909643488685
0.3,849,353.008215949918,352.95828,352.89243,352.9989,0.04993347921487157,0.11579041280862157,0.009314582730496568
0.3,850,353.008219621669,352.95828,352.8924,352.9989,0.04993715096588858,0.11582460213776358,0.009318254481513577
0.3,851,353.008223292082,352.95828,352.89246,352.9989,0.04994082137886835,0.11576723739449335,0.00932192489449335
0.3,852,353.008226961156,352.95828,352.89246,352.9989,0.04994449045290139,0.11577090646852639,0.009325593968526391
0.3,853,353.008230628894,352.95828,352.89246,352.9989,0.049948158190886716,0.11577457420651172,0.009329261706511716
0.3,854,353.008234295294,352.95828,352.89246,352.9989,0.04995182459089165,0.11577824060651665,0.009332928106516647
0.3,855,353.00823796036,352.95828,352.89246,352.9989,0.049955489656895224,0.11578190567252022,0.009336593172520224
0.3,856,353.008241624086,352.95828,352.8925,352.9989,0.049959153382872046,0.11575505182037205,0.009340256898497046
0.3,857,353.008245286479,352.95828,352.8925,352.9989,0.049962815775870695,0.1157587142133707,0.009343919291495695
0.3,858,353.008248947538,352.95828,352.8925,352.9989,0.04996647683486799,0.11576237527236799,0.00934758035049299
0.3,859,353.008252607259,352.95828,352.8925,352.9989,0.04997013655588489,0.11576603499338489,0.009351240071509892
0.3,860,353.008256265648,352.95828,352.8925,352.9989,0.04997379494488996,0.11576969338238996,0.00935489846051496
0.3,861,353.008259922706,352.95828,352.8925,352.9989,0.04997745200284953,0.11577335044034953,0.009358555518474532
0.3,862,353.008263578428,352.95828,352.89246,352.9989,0.049981107724875073,0.11580752374050007,0.009362211240500073
0.3,863,353.008267232819,352.95828,352.89246,352.9989,0.04998476211585512,0.11581117813148012,0.00936586563148012
0.3,864,353.008270885878,352.95828,352.8925,352.9989,0.049988415174880174,0.11578431361238017,0.009369518690505174
0.3,865,353.008274537607,352.95828,352.89246,352.9989,0.049992066903882915,0.11581848291950791,0.009373170419507915
0.3,866,353.008278188005,352.95828,352.8925,352.9989,0.049995717301897,0.115791615739397,0.009376820817522002
0.3,867,353.008281837075,352.95828,352.89246,352.9989,0.049999366371878295,0.1158257823875033,0.009380469887503295
0.3,868,353.008285484812,352.95828,352.89246,352.9989,0.050003014108881416,0.11582943012450642,0.009384117624506416
0.3,869,353.008289131223,352.95828,352.8924,352.9989,0.050006660519898105,0.1158941116917731,0.009387764035523105
0.3,870,353.008292776301,352.95828,352.8924,352.9989,0.05001030559787978,0.11589775676975478,0.009391409113504778
0.3,871,353.008296420054,352.95828,352.8924,352.9989,0.0500139493508982,0.1159014005227732,0.009395052866523201
0.3,872,353.008300062479,352.95828,352.8924,352.9989,0.05001759177588383,0.11590504294775883,0.00939869529150883
0.3,873,353.008303703578,352.95828,352.89243,352.9989,0.050021232874883026,0.11587816646863303,0.009402336390508026
0.3,874,353.00830734335,352.95828,352.8924,352.9989,0.05002487264687261,0.11591232381874761,0.009405976162497609
0.3,875,353.008310981793,352.95828,352.89243,352.9989,0.05002851108986306,0.11588544468361306,0.00940961460548806
0.3,876,353.008314618914,352.95828,352.89243,352.9989,0.05003214821090296,0.11588908180465296,0.00941325172652796
0.3,877,353.008318254709,352.95828,352.89243,352.9989,0.050035784005899586,0.11589271759964959,0.009416887521524586
0.3,878,353.008321889176,352.95828,352.8924,352.9989,0.05003941847286342,0.11592686964473842,0.009420521988488417
0.3,879,353.008325522318,352.95828,352.89236,352.9989,0.050043051614864,0.115961020364864,0.009424155130488998
0.3,880,353.008329154139,352.95828,352.89236,352.9989,0.05004668343588037,0.11596465218588037,0.009427786951505368
0.3,881,353.008332784633,352.95828,352.89233,352.9989,0.050050313929887125,0.11599880025801212,0.009431417445512125
0.3,882,353.008336413807,352.95828,352.89233,352.9989,0.05005394310387601,0.11600242943200101,0.009435046619501009
0.3,883,353.008340041661,352.95828,352.89233,352.9989,0.05005757095784702,0.11600605728597202,0.00943867447347202
0.3,884,353.00834366819,352.95828,352.89233,352.9989,0.05006119748685478,0.11600968381497978,0.00944230100247978
0.3,885,353.008347293397,352.95828,352.89236,352.9989,0.05006482269385515,0.11598279144385515,0.009445926209480149
0.3,886,353.008350917283,352.95828,352.89233,352.9989,0.050068446579871306,0.1160169329079963,0.009449550095496306
0.3,887,353.008354539845,352.95828,352.89236,352.9989,0.05007206914189055,0.11599003789189055,0.009453172657515552
0.3,888,353.00835816104,352.95828,352.8924,352.9989,0.05007569033688242,0.11596314150875742,0.009456793852507417
0.3,889,353.008361780885,352.95828,352.89236,352.9989,0.05007931018189993,0.11599727893189993,0.009460413697524928
0.3,890,353.008365399669,352.95828,352.8924,352.9989,0.05008292896587818,0.11597038013775318,0.009464032481503182
0.3,891,353.008369017013,352.95828,352.89243,352.9989,0.05008654630989895,0.11594347990364895,0.00946764982552395
0.3,892,353.00837263333,352.95828,352.8925,352.9989,0.050090162626872825,0.11588606106437283,0.009471266142497825
0.3,893,353.00837624794,352.95828,352.89246,352.9989,0.050093777236895676,0.11592019325252068,0.009474880752520676
0.3,894,353.008379861269,352.95828,352.89252,352.9989,0.05009739056589524,0.11586277142527024,0.009478494081520239
0.3,895,353.008383473445,352.95828,352.89258,352.9989,0.050101002741882894,0.1158053484450079,0.009482106257507894
0.3,896,353.008387084075,352.95828,352.89258,352.9989,0.050104613371900086,0.11580895907502509,0.009485716887525086
0.3,897,353.008390693501,352.95828,352.8926,352.9989,0.05010822279785998,0.11578205092285998,0.00948932631348498
0.3,898,353.008394301569,352.95828,352.8926,352.9989,0.05011183086588744,0.11578565899088744,0.009492934381512441
0.3,899,353.008397908379,352.95828,352.89267,352.9989,0.050115437675856356,0.11572823064460636,0.009496541191481356
0.3,900,353.008401513639,352.95828,352.89355,352.9989,0.05011904293587577,0.11484682613900077,0.009500146451500768
0.3,901,353.008405117752,352.95822,352.8936,352.9989,0.05018368220510183,0.11481991267385183,0.009503750564476832
0.3,902,353.008408720556,352.95816,352.89355,352.9989,0.05024832016539449,0.11485403305601949,0.009507353368519489
0.3,903,353.00841232206,352.95816,352.8936,352.9989,0.05025192166937131,0.11482711698187131,0.009510954872496313
0.3,904,353.008415922253,352.95816,352.89355,352.9989,0.05025552186236837,0.11486123475299337,0.009514555065493369
0.3,905,353.008419521127,352.9582,352.89355,352.9989,0.05022860315824573,0.11486483362699573,0.009518153939495733
0.3,906,353.008423118692,352.95825,352.89352,352.9989,0.05017116556700785,0.11489894877013285,0.009521751504507847
0.3,907,353.008426714948,352.95828,352.8935,352.9989,0.05014424424484787,0.11493306260422287,0.009525347760472869
0.3,908,353.008430309893,352.95828,352.89352,352.9989,0.050147839189889964,0.11490613997113996,0.009528942705514964
0.3,909,353.008433903526,352.95828,352.8935,352.9989,0.050151432822872266,0.11494025118224727,0.009532536338497266
0.3,910,353.008437495853,352.95828,352.8935,352.9989,0.05015502514987702,0.11494384350925202,0.00953612866550202
0.3,911,353.008441086842,352.95828,352.8935,352.9989,0.05015861613890138,0.11494743449827638,0.00953971965452638
0.3,912,353.008444676548,352.95828,352.89346,352.9989,0.05016220584485609,0.11498154178235609,0.00954330936048109
0.3,913,353.008448264892,352.95828,352.89346,352.9989,0.050165794188899326,0.11498513012639933,0.009546897704524326
0.3,914,353.008451852028,352.95828,352.8935,352.9989,0.05016938132484938,0.11495819968422438,0.009550484840474383
0.3,915,353.008455437826,352.95828,352.8935,352.9989,0.05017296712287589,0.11496178548225089,0.009554070638500889
0.3,916,353.008459022063,352.95828,352.89346,352.9989,0.050176551359868427,0.11499588729736843,0.009557654875493427
0.3,917,353.008462605495,352.95828,352.8935,352.9989,0.05018013479190131,0.11496895315127631,0.00956123830752631
0.3,918,353.008466187354,352.95828,352.8935,352.9989,0.05018371665084942,0.11497253501022442,0.00956482016647442
0.3,919,353.008469767915,352.95828,352.89346,352.9989,0.050187297211891746,0.11500663314939175,0.009568400727516746
0.3,920,353.008473347177,352.95828,352.8935,352.9989,0.05019087647389142,0.11497969483326642,0.009571979989516421
0.3,921,353.008476925129,352.95828,352.89346,352.9989,0.050194454425877666,0.11501379036337767,0.009575557941502666
0.3,922,353.008480501781,352.95828,352.8935,352.9989,0.05019803107785492,0.11498684943722992,0.009579134593479921
0.3,923,353.008484077124,352.95828,352.8935,352.9989,0.05020160642089877,0.11499042478027377,0.00958270993652377
0.3,924,353.008487651167,352.95828,352.89346,352.9989,0.050205180463876786,0.11502451640137679,0.009586283979501786
0.3,925,353.008491223906,352.95828,352.89346,352.9989,0.050208753202866774,0.11502808914036677,0.009589856718491774
0.3,926,353.008494795347,352.95828,352.8935,352.9989,0.050212324643894135,0.11500114300326914,0.009593428159519135
0.3,927,353.008498365486,352.95828,352.89346,352.9989,0.050215894782866144,0.11503523072036614,0.009596998298491144
0.3,928,353.008501934325,352.95828,352.89343,352.9989,0.05021946362188601,0.115069317137511,0.009600567137511007
0.3,929,353.008505501861,352.95828,352.89346,352.9989,0.05022303115788418,0.11504236709538418,0.00960413467350918
0.3,930,353.008509068099,352.95828,352.89346,352.9989,0.05022659739586288,0.11504593333336288,0.009607700911487882
0.3,931,353.008512633038,352.95828,352.89346,352.9989,0.05023016233485578,0.11504949827235578,0.009611265850480777
0.3,932,353.008516196678,352.95828,352.89346,352.9989,0.050233725974862864,0.11505306191236286,0.009614829490487864
0.3,933,353.00851975902,352.95828,352.89346,352.9989,0.05023728831685048,0.11505662425435048,0.009618391832475481
0.3,934,353.00852332006,352.95828,352.89343,352.9989,0.05024084935689643,0.11509070287252143,0.009621952872521433
0.3,935,353.008526879807,352.95828,352.8935,352.9989,0.05024440910386829,0.11503322746324329,0.009625512619493293
0.3,936,353.008530438254,352.95828,352.89346,352.9989,0.050247967550888006,0.115067303488388,0.009629071066513006
0.3,937,353.008533995403,352.95828,352.89346,352.9989,0.05025152469988825,0.11507086063738825,0.00963262821551325
0.3,938,353.008537551257,352.95828,352.89346,352.9989,0.050255080553881726,0.11507441649138173,0.009636184069506726
0.3,939,353.008541105816,352.95828,352.89343,352.9989,0.05025863511286843,0.11510848862849343,0.009639738628493433
0.3,940,353.008544659081,352.95828,352.89343,352.9989,0.05026218837787155,0.11511204189349655,0.009643291893496553
0.3,941,353.008548211051,352.95828,352.89343,352.9989,0.050265740347867904,0.1151155938634929,0.009646843863492904
0.3,942,353.008551761728,352.95828,352.8934,352.9989,0.05026929102484701,0.11514966211859701,0.009650394540472007
0.3,943,353.008555311111,352.95828,352.8934,352.9989,0.050272840407899366,0.11515321150164937,0.009653943923524366
0.3,944,353.008558859198,352.95828,352.8934,352.9989,0.05027638849486493,0.11515675958861493,0.009657492010489932
0.3,945,353.008562405993,352.95828,352.8934,352.9989,0.050279935289893274,0.11516030638364327,0.009661038805518274
0.3,946,353.008565951497,352.95828,352.8934,352.9989,0.05028348079389389,0.11516385188764389,0.009664584309518887
0.3,947,353.008569495709,352.95828,352.89334,352.9989,0.05028702500590043,0.11522843125590043,0.009668128521525432
0.3,948,353.008573038628,352.95828,352.89334,352.9989,0.05029056792488973,0.11523197417488973,0.009671671440514729
0.3,949,353.008576580257,352.95828,352.89337,352.9989,0.05029410955387448,0.11520499822574948,0.009675213069499478
0.3,950,353.008580120595,352.95828,352.8933,352.9989,0.05029764989188834,0.11526957372001334,0.00967875340751334
0.3,951,353.008583659645,352.95828,352.89328,352.9989,0.050301188941887176,0.11530363034813718,0.009682292457512176
0.3,952,353.008587197402,352.95828,352.89325,352.9989,0.05030472669886876,0.11533768568324376,0.009685830214493762
0.3,953,353.008590733872,352.95828,352.8933,352.9989,0.0503082631688585,0.1152801869969835,0.009689366684483502
0.3,954,353.008594269052,352.95828,352.89337,352.9989,0.05031179834890054,0.11522268702077554,0.009692901864525538
0.3,955,353.008597802948,352.95828,352.89337,352.9989,0.05031533224484974,0.11522622091672474,0.009696435760474742
0.3,956,353.008601335552,352.95828,352.89346,352.9989,0.05031886484886172,0.11513820078636172,0.009699968364486722
0.3,957,353.008604866874,352.95828,352.8935,352.9989,0.050322396170884076,0.11511121453025908,0.009703499686509076
0.3,958,353.008608396906,352.95828,352.89352,352.9989,0.05032592620290188,0.11508422698415188,0.009707029718526883
0.3,959,353.008611925655,352.95828,352.89355,352.9989,0.05032945495185004,0.11505723815497504,0.009710558467475039
0.3,960,353.008615453116,352.95828,352.89352,352.9989,0.050332982412896854,0.11509128319414685,0.009714085928521854
0.3,961,353.008618979292,352.95828,352.89355,352.9989,0.0503365085888845,0.1150642917920095,0.009717612104509499
0.3,962,353.00862250418,352.95828,352.8936,352.9989,0.050340033476857116,0.11503729910185712,0.009721136992482116
0.3,963,353.008626027787,352.95828,352.89362,352.9989,0.05034355708386329,0.11501030513073829,0.009724660599488288
0.3,964,353.00862955011,352.95828,352.8936,352.9989,0.050347079406890316,0.11504434503189032,0.009728182922515316
0.3,965,353.008633071149,352.95828,352.89352,352.9989,0.050350600445881355,0.11510890122713135,0.009731703961506355
0.3,966,353.008636590909,352.95828,352.89346,352.9989,0.05035412020589547,0.11517345614339547,0.00973522372152047
0.3,967,353.008640109384,352.95828,352.8935,352.9989,0.050357638680850414,0.11514645704022541,0.009738742196475414
0.3,968,353.008643626577,352.95828,352.8935,352.9989,0.050361155873872576,0.11514997423324758,0.009742259389497576
0.3,969,353.00864714249,352.95828,352.8935,352.9989,0.05036467178689463,0.11515349014626963,0.009745775302519633
0.3,970,353.008650657119,352.95828,352.89352,352.9989,0.0503681864158807,0.1151264871971307,0.0097492899315057
0.3,971,353.008654170465,352.95828,352.8935,352.9989,0.05037169976185396,0.11516051812122896,0.00975280327747896
0.3,972,353.008657682538,352.95828,352.8935,352.9989,0.0503752118348757,0.1151640301942507,0.0097563153505007
0.3,973,353.008661193328,352.95828,352.89352,352.9989,0.05037872262488463,0.11513702340613463,0.009759826140509631
0.3,974,353.00866470284,352.95828,352.89352,352.9989,0.050382232136882976,0.11514053291813298,0.009763335652507976
0.3,975,353.008668211072,352.95828,352.8935,352.9989,0.050385740368881216,0.11517455872825622,0.009766843884506216
0.3,976,353.008671718025,352.95828,352.8935,352.9989,0.05038924732190253,0.11517806568127753,0.00977035083752753
0.3,977,353.008675223703,352.95828,352.8935,352.9989,0.05039275299986912,0.11518157135924412,0.009773856515494117
0.3,978,353.008678728102,352.95828,352.89352,352.9989,0.05039625739885878,0.11515455818010878,0.00977736091448378
0.3,979,353.008682231222,352.95828,352.8935,352.9989,0.05039976051887152,0.11518857887824652,0.009780864034496517
0.3,980,353.008685733067,352.95828,352.89352,352.9989,0.05040326236388637,0.11516156314513637,0.00978436587951137
0.3,981,353.008689233632,352.95828,352.8935,352.9989,0.05040676292890112,0.11519558128827612,0.009787866444526117
0.3,982,353.008692732927,352.95828,352.8935,352.9989,0.050410262223863356,0.11519908058323836,0.009791365739488356
0.3,983,353.008696230942,352.95828,352.8935,352.9989,0.05041376023888233,0.11520257859825733,0.009794863754507332
0.3,984,353.008699727687,352.95828,352.8935,352.9989,0.0504172569838488,0.1152060753432238,0.009798360499473802
0.3,985,353.008703223156,352.95828,352.8935,352.9989,0.05042075245285105,0.11520957081222605,0.009801855968476048
0.3,986,353.008706717354,352.95828,352.8935,352.9989,0.05042424665089129,0.11521306501026629,0.009805350166516291
0.3,987,353.008710210279,352.95828,352.89346,352.9989,0.050427739575866326,0.11524707551336633,0.009808843091491326
0.3,988,353.008713701931,352.95828,352.8935,352.9989,0.05043123122788984,0.11522004958726484,0.009812334743514839
0.3,989,353.00871719231,352.95828,352.89346,352.9989,0.05043472160684814,0.11525405754434814,0.009815825122473143
0.3,990,353.008720681416,352.95828,352.8935,352.9989,0.050438210712854925,0.11522702907222993,0.009819314228479925
0.3,991,353.008724169251,352.95828,352.8935,352.9989,0.050441698547899705,0.1152305169072747,0.009822802063524705
0.3,992,353.008727655814,352.95828,352.8935,352.9989,0.05044518511090246,0.11523400347027746,0.009826288626527457
0.3,993,353.008731141109,352.95828,352.8935,352.9989,0.050448670405899065,0.11523748876527407,0.009829773921524065
0.3,994,353.008734625135,352.95828,352.8935,352.9989,0.05045215443186635,0.11524097279124135,0.009833257947491347
0.3,995,353.008738107887,352.95828,352.8935,352.9989,0.050455637183858926,0.11524445554323393,0.009836740699483926
0.3,996,353.008741589374,352.95828,352.8935,352.9989,0.05045911867085806,0.11524793703023306,0.00984022218648306
0.3,997,353.008745069592,352.95828,352.8935,352.9989,0.05046259888888471,0.11525141724825971,0.009843702404509713
0.3,998,353.00874854854,352.95828,352.8935,352.9989,0.05046607783685886,0.11525489619623386,0.009847181352483858
0.3,999,353.008752026224,352.95828,352.8935,352.9989,0.05046955552086274,0.11525837388023774,0.009850659036487741
0.3,1000,353.008755502641,352.95828,352.8935,352.9989,0.05047303193788366,0.11526185029725866,0.009854135453508661
0.3,1001,353.00875897779,352.95828,352.8935,352.9989,0.05047650708689844,0.11526532544627344,0.009857610602523437
0.3,1002,353.008762451671,352.95828,352.8935,352.9989,0.050479980967850224,0.11526879932722522,0.009861084483475224
0.3,1003,353.00876592429,352.95828,352.8935,352.9989,0.05048345358687811,0.11527227194625311,0.009864557102503113
0.3,1004,353.008769395641,352.95828,352.89352,352.9989,0.05048692493789986,0.11524522571914986,0.009868028453524857
0.3,1005,353.00877286573,352.95828,352.8935,352.9989,0.050490395026884016,0.11527921338625902,0.009871498542509016
0.3,1006,353.008776334551,352.95828,352.8935,352.9989,0.05049386384786203,0.11528268220723703,0.00987496736348703
0.3,1007,353.008779802113,352.95828,352.8935,352.9989,0.050497331409872004,0.115286149769247,0.009878434925497004
0.3,1008,353.008783268406,352.95828,352.8935,352.9989,0.05050079770285265,0.11528961606222765,0.009881901218477651
0.3,1009,353.008786733439,352.95828,352.8935,352.9989,0.05050426273589892,0.11529308109527392,0.00988536625152392
0.3,1010,353.008790197213,352.95828,352.8935,352.9989,0.05050772650986346,0.11529654486923846,0.00988883002548846
0.3,1011,353.008793659723,352.95828,352.8935,352.9989,0.05051118901985774,0.11530000737923274,0.009892292535482738
0.3,1012,353.00879712097,352.95828,352.8935,352.9989,0.05051465026684809,0.1153034686262231,0.009895753782473093
0.3,1013,353.008800580956,352.95828,352.8935,352.9989,0.05051811025288089,0.11530692861225589,0.009899213768505888
0.3,1014,353.008804039683,352.95828,352.89352,352.9989,0.0505215689798888,0.1152798697611388,0.009902672495513798
0.3,1015,353.008807497149,352.95828,352.8935,352.9989,0.050525026445882304,0.1153138448052573,0.009906129961507304
0.3,1016,353.008810953354,352.95828,352.89352,352.9989,0.050528482650861406,0.1152867834321114,0.009909586166486406
0.3,1017,353.0088144083,352.95828,352.8935,352.9989,0.05053193759687247,0.11532075595624747,0.009913041112497467
0.3,1018,353.008817861987,352.95828,352.89355,352.9989,0.050535391283858644,0.11526317448698364,0.009916494799483644
0.3,1019,353.008821314416,352.95828,352.8935,352.9989,0.05053884371289996,0.11532766207227496,0.009919947228524961
0.3,1020,353.008824765585,352.95828,352.89352,352.9989,0.05054229488189321,0.11530059566314321,0.009923398397518213
0.3,1021,353.008828215499,352.95828,352.8935,352.9989,0.05054574479589746,0.11533456315527246,0.009926848311522463
0.3,1022,353.008831664158,352.95828,352.8935,352.9989,0.05054919345485587,0.11533801181423087,0.009930296970480867
0.3,1023,353.008835111559,352.95828,352.8935,352.9989,0.05055264085586941,0.11534145921524441,0.009933744371494413
0.3,1024,353.008838557703,352.95828,352.8935,352.9989,0.050556086999847594,0.1153449053592226,0.009937190515472594
0.3,1025,353.008842002598,352.95828,352.8935,352.9989,0.050559531894862175,0.11534835025423718,0.009940635410487175
0.3,1026,353.008845446234,352.95828,352.89352,352.9989,0.05056297553085187,0.11532127631210187,0.009944079046476872
0.3,1027,353.008848888615,352.95828,352.89352,352.9989,0.05056641791185257,0.11532471869310257,0.009947521427477568
0.3,1028,353.008852329742,352.95828,352.8935,352.9989,0.050569859038887444,0.11535867739826244,0.009950962554512444
0.3,1029,353.008855769615,352.95828,352.8935,352.9989,0.050573298911899656,0.11536211727127466,0.009954402427524656
0.3,1030,353.008859208229,352.95828,352.8935,352.9989,0.05057673752588698,0.11536555588526198,0.009957841041511983
0.3,1031,353.008862645599,352.95828,352.89352,352.9989,0.05058017489585609,0.11533847567710609,0.00996127841148109
0.3,1032,353.008866081714,352.95828,352.89352,352.9989,0.05058361101089304,0.11534191179214304,0.009964714526518037
0.3,1033,353.008869516577,352.95828,352.89352,352.9989,0.05058704587389684,0.11534534665514684,0.009968149389521841
0.3,1034,353.008872950189,352.95828,352.8935,352.9989,0.05059047948589068,0.11537929784526568,0.009971583001515683
0.3,1035,353.00887638255,352.95828,352.89352,352.9989,0.05059391184687456,0.11535221262812456,0.009975015362499562
0.3,1036,353.008879813658,352.95828,352.89352,352.9989,0.05059734295485896,0.11535564373610896,0.00997844647048396
0.3,1037,353.008883243515,352.95828,352.89352,352.9989,0.05060077281189024,0.11535907359314024,0.009981876327515238
0.3,1038,353.008886672126,352.95828,352.89352,352.9989,0.05060420142285693,0.11536250220410693,0.009985304938481931
0.3,1039,353.008890099488,352.95828,352.89352,352.9989,0.050607628784860026,0.11536592956611003,0.009988732300485026
0.3,1040,353.008893525602,352.95828,352.89352,352.9989,0.05061105489886586,0.11536935568011586,0.00999215841449086
0.3,1041,353.008896950465,352.95828,352.89355,352.9989,0.05061447976186173,0.11534226296498673,0.00999558327748673
0.3,1042,353.008900374084,352.95828,352.89355,352.9989,0.05061790338089622,0.11534568658402122,0.009999006896521223
0.3,1043,353.008903796455,352.95828,352.89352,352.9989,0.05062132575187661,0.11537962653312661,0.010002429267501611
0.3,1044,353.008907217575,352.95828,352.8935,352.9989,0.05062474687184704,0.11541356523122204,0.010005850387472037
0.3,1045,353.008910637454,352.95828,352.89355,352.9989,0.050628166750868786,0.11535594995399379,0.010009270266493786
0.3,1046,353.008914056089,352.95828,352.89352,352.9989,0.05063158538587231,0.11538988616712231,0.010012688901497313
0.3,1047,353.008917473473,352.95828,352.8935,352.9989,0.05063500276986588,0.11542382112924088,0.010016106285490878
0.3,1048,353.008920889614,352.95828,352.89352,352.9989,0.0506384189108644,0.1153967196921144,0.010019522426489402
0.3,1049,353.008924304513,352.95828,352.8935,352.9989,0.05064183380989107,0.11543065216926607,0.010022937325516068
0.3,1050,353.008927718164,352.95828,352.89352,352.9989,0.05064524746086363,0.11540354824211363,0.01002635097648863
0.3,1051,353.008931130572,352.95828,352.8935,352.9989,0.050648659868897994,0.115437478228273,0.010029763384522994
0.3,1052,353.008934541741,352.95828,352.89352,352.9989,0.050652071037859514,0.11541037181910951,0.010033174553484514
0.3,1053,353.008937951664,352.95828,352.89355,352.9989,0.050655480960870136,0.11538326416399514,0.010036584476495136
0.3,1054,353.008941360346,352.95828,352.89352,352.9989,0.05065888964287524,0.11541719042412524,0.010039993158500238
0.3,1055,353.008944767788,352.95828,352.89355,352.9989,0.050662297084898,0.115390080288023,0.010043400600523
0.3,1056,353.008948173986,352.95828,352.89352,352.9989,0.05066570328290254,0.11542400406415254,0.010046806798527541
0.3,1057,353.008951578945,352.95828,352.8935,352.9989,0.05066910824189108,0.11545792660126608,0.010050211757516081
0.3,1058,353.008954982659,352.95828,352.89352,352.9989,0.05067251195589506,0.11543081273714506,0.010053615471520061
0.3,1059,353.008958385135,352.95828,352.89355,352.9989,0.05067591443184938,0.11540369763497438,0.010057017947474378
0.3,1060,353.008961786373,352.95828,352.89352,352.9989,0.05067931566986772,0.11543761645111772,0.01006041918549272
0.3,1061,353.008965186372,352.95828,352.89355,352.9989,0.05068271566887006,0.11541049887199506,0.01006381918449506
0.3,1062,353.008968585133,352.95828,352.89352,352.9989,0.05068611442987958,0.11544441521112958,0.01006721794550458
0.3,1063,353.008971982656,352.95828,352.89355,352.9989,0.05068951195289628,0.11541729515602128,0.010070615468521282
0.3,1064,353.008975378945,352.95828,352.8936,352.9989,0.050692908241899204,0.1153901738668992,0.010074011757524204
0.3,1065,353.008978773991,352.95828,352.8936,352.9989,0.05069630328785024,0.11539356891285024,0.010077406803475242
0.3,1066,353.008982167801,352.95828,352.8936,352.9989,0.05069969709785482,0.11539696272285482,0.010080800613479823
0.3,1067,353.008985560377,352.95828,352.8936,352.9989,0.05070308967390247,0.11540035529890247,0.010084193189527468
0.3,1068,353.008988951713,352.95828,352.89355,352.9989,0.05070648100985409,0.11543426421297909,0.010087584525479087
0.3,1069,353.008992341818,352.95828,352.89355,352.9989,0.05070987111486147,0.11543765431798647,0.010090974630486471
0.3,1070,353.008995730684,352.95828,352.89355,352.9989,0.050713259980852854,0.11544104318397785,0.010094363496477854
0.3,1071,353.008999118316,352.95828,352.8936,352.9989,0.0507166476128873,0.1154139132378873,0.0100977511285123
0.3,1072,353.009002504714,352.95828,352.89355,352.9989,0.05072003401085112,0.11544781721397612,0.010101137526476123
0.3,1073,353.009005889882,352.95828,352.89355,352.9989,0.05072341917889389,0.11545120238201889,0.010104522694518892
0.3,1074,353.009009273816,352.95828,352.8936,352.9989,0.05072680311286604,0.11542406873786604,0.010107906628491037
0.3,1075,353.009012656517,352.95828,352.8936,352.9989,0.050730185813847584,0.11542745143884758,0.010111289329472584
0.3,1076,353.009016037987,352.95828,352.8936,352.9989,0.050733567283884895,0.1154308329088849,0.010114670799509895
0.3,1077,353.009019418227,352.95828,352.8936,352.9989,0.050736947523887466,0.11543421314888747,0.010118051039512466
0.3,1078,353.009022797231,352.95828,352.89355,352.9989,0.05074032652788674,0.11546810973101174,0.010121430043511737
0.3,1079,353.009026175005,352.95828,352.8936,352.9989,0.05074370430185127,0.11544096992685127,0.010124807817476267
0.3,1080,353.00902955155,352.95828,352.8936,352.9989,0.05074708084686108,0.11544434647186108,0.010128184362486081
0.3,1081,353.009032926865,352.95828,352.89355,352.9989,0.050750456161893,0.115478239365018,0.010131559677517998
0.3,1082,353.009036300949,352.95828,352.8936,352.9989,0.05075383024586699,0.115451095870867,0.010134933761491993
0.3,1083,353.009039673804,352.95828,352.8936,352.9989,0.05075720310088627,0.11545446872588627,0.010138306616511272
0.3,1084,353.009043045433,352.95828,352.8936,352.9989,0.05076057472984985,0.11545784035484985,0.01014167824547485
0.3,1085,353.009046415829,352.95828,352.89355,352.9989,0.05076394512587967,0.11549172832900467,0.010145048641504673
0.3,1086,353.009049785,352.95828,352.89362,352.9989,0.050767314296876975,0.11543406234375198,0.010148417812501975
0.3,1087,353.009053152947,352.95828,352.8936,352.9989,0.05077068224386494,0.11546794786886494,0.01015178575948994
0.3,1088,353.009056519665,352.95828,352.89362,352.9989,0.05077404896189819,0.11544079700877319,0.010155152477523188
0.3,1089,353.009059885155,352.95828,352.8936,352.9989,0.050777414451886216,0.11547468007688622,0.010158517967511216
0.3,1090,353.009063249421,352.95828,352.89355,352.9989,0.050780778717864905,0.1155085619209899,0.010161882233489905
0.3,1091,353.009066612458,352.95828,352.8936,352.9989,0.05078414175488888,0.11548140737988888,0.010165245270513878
0.3,1092,353.00906997427,352.95828,352.8936,352.9989,0.05078750356688033,0.11548476919188033,0.010168607082505332
0.3,1093,353.00907333486,352.95828,352.89362,352.9989,0.05079086415685197,0.11545761220372697,0.010171967672476967
0.3,1094,353.009076694227,352.95828,352.89362,352.9989,0.05079422352389429,0.11546097157076929,0.010175327039519289
0.3,1095,353.009080052373,352.95828,352.89365,352.9989,0.05079758166988313,0.11543381213863313,0.01017868518550813
0.3,1096,353.009083409294,352.95828,352.89365,352.9989,0.050800938590896294,0.1154371690596463,0.010182042106521294
0.3,1097,353.00908676499,352.95828,352.89362,352.9989,0.05080429428687694,0.11547104233375194,0.010185397802501939
0.3,1098,353.009090119464,352.95828,352.8936,352.9989,0.05080764876089461,0.11550491438589461,0.010188752276519608
0.3,1099,353.009093472718,352.95828,352.8936,352.9989,0.05081100201488198,0.11550826763988198,0.010192105530506979
0.3,1100,353.009096824749,352.95828,352.89362,352.9989,0.05081435404588319,0.11548110209275819,0.010195457561508192
0.3,1101,353.009100175558,352.95828,352.89362,352.9989,0.05081770485486459,0.11548445290173959,0.010198808370489587
0.3,1102,353.009103525149,352.95828,352.8936,352.9989,0.050821054445862046,0.11551832007086205,0.010202157961487046
0.3,1103,353.00910687352,352.95828,352.89362,352.9989,0.05082440281688605,0.11549115086376105,0.01020550633251105
0.3,1104,353.009110220669,352.95828,352.8936,352.9989,0.050827749965890234,0.11552501559089023,0.010208853481515234
0.3,1105,353.009113566599,352.95828,352.89365,352.9989,0.0508310958958873,0.1154673263646373,0.010212199411512302
0.3,1106,353.009116911309,352.95828,352.8936,352.9989,0.05083444060585407,0.11553170623085407,0.01021554412147907
0.3,1107,353.009120254804,352.95828,352.89362,352.9989,0.0508377841008496,0.1155045321477246,0.010218887616474603
0.3,1108,353.009123597081,352.95828,352.8936,352.9989,0.0508411263778612,0.1155383920028612,0.010222229893486201
0.3,1109,353.009126938142,352.95828,352.89365,352.9989,0.05084446743887838,0.11548069790762838,0.010225570954503382
0.3,1110,353.009130277986,352.95828,352.89362,352.9989,0.050847807282877966,0.11551455532975297,0.010228910798502966
0.3,1111,353.009133616612,352.95828,352.89362,352.9989,0.050851145908893614,0.11551789395576861,0.010232249424518614
0.3,1112,353.009136954024,352.95828,352.89362,352.9989,0.05085448332084752,0.11552123136772252,0.010235586836472521
0.3,1113,353.009140290214,352.95828,352.89362,352.9989,0.0508578195108953,0.1155245675577703,0.010238923026520297
0.3,1114,353.009143625193,352.95828,352.89362,352.9989,0.050861154489894034,0.11552790253676903,0.010242258005519034
0.3,1115,353.009146958957,352.95828,352.89362,352.9989,0.05086448825386469,0.11553123630073969,0.010245591769489693
0.3,1116,353.009150291507,352.95828,352.89362,352.9989,0.0508678208038873,0.1155345688507623,0.010248924319512298
0.3,1117,353.00915362284,352.95828,352.89362,352.9989,0.050871152136892306,0.1155379001837673,0.010252255652517306
0.3,1118,353.009156952963,352.95828,352.89362,352.9989,0.050874482259871456,0.11554123030674646,0.010255585775496456
0.3,1119,353.009160281872,352.95828,352.89362,352.9989,0.050877811168902554,0.11554455921577755,0.010258914684527554
0.3,1120,353.00916360957,352.95828,352.89365,352.9989,0.05088113886688461,0.11551736933563461,0.010262242382509612
0.3,1121,353.009166936056,352.95828,352.89362,352.9989,0.050884465352851294,0.1155512133997263,0.010265568868476294
0.3,1122,353.009170261332,352.95828,352.89362,352.9989,0.05088779062884896,0.11555453867572396,0.010268894144473961
0.3,1123,353.009173585391,352.95828,352.8936,352.9989,0.050891114687885874,0.11558838031288587,0.010272218203510874
0.3,1124,353.009176908243,352.95828,352.89362,352.9989,0.05089443753985279,0.11556118558672779,0.010275541055477788
0.3,1125,353.009180229886,352.95828,352.89365,352.9989,0.05089775918287387,0.11553398965162387,0.01027886269849887
0.3,1126,353.009183550324,352.95828,352.89362,352.9989,0.050901079620871315,0.11556782766774631,0.010282183136496315
0.3,1127,353.009186869545,352.95828,352.8936,352.9989,0.05090439884185116,0.11560166446685116,0.010285502357476162
0.3,1128,353.00919018756,352.95828,352.89362,352.9989,0.05090771685689788,0.11557446490377288,0.010288820372522878
0.3,1129,353.009193504369,352.95828,352.89362,352.9989,0.050911033665897776,0.11557778171277278,0.010292137181522776
0.3,1130,353.009196819968,352.95828,352.89362,352.9989,0.05091434926487182,0.11558109731174682,0.010295452780496817
0.3,1131,353.009200134356,352.95828,352.89362,352.9989,0.05091766365285366,0.11558441169972866,0.010298767168478662
0.3,1132,353.009203447538,352.95828,352.89365,352.9989,0.050920976834902376,0.11555720730365238,0.010302080350527376
0.3,1133,353.009206759513,352.95828,352.89365,352.9989,0.05092428880988109,0.11556051927863109,0.01030539232550609
0.3,1134,353.009210070283,352.95828,352.89365,352.9989,0.05092759957989301,0.11556383004864301,0.010308703095518013
0.3,1135,353.009213379847,352.95828,352.89362,352.9989,0.050930909143858116,0.11559765719073312,0.010312012659483116
0.3,1136,353.009216688208,352.95828,352.8936,352.9989,0.05093421750490279,0.11563148312990279,0.01031532102052779
0.3,1137,353.009219995362,352.95828,352.89362,352.9989,0.050937524658877464,0.11560427270575246,0.010318628174502464
0.3,1138,353.009223301311,352.95828,352.89362,352.9989,0.050940830607885346,0.11560757865476035,0.010321934123510346
0.3,1139,353.009226606056,352.95828,352.89362,352.9989,0.05094413535289277,0.11561088339976777,0.010325238868517772
0.3,1140,353.009229909599,352.95828,352.89365,352.9989,0.05094743889588926,0.11558366936463926,0.010328542411514263
0.3,1141,353.009233211941,352.95828,352.89365,352.9989,0.050950741237898,0.115586971706648,0.010331844753523
0.3,1142,353.009236513078,352.95828,352.89365,352.9989,0.0509540423748831,0.1155902728436331,0.010335145890508102
0.3,1143,353.009239813009,352.95828,352.89365,352.9989,0.05095734230587823,0.11559357277462823,0.010338445821503228
0.3,1144,353.009243111741,352.95828,352.89365,352.9989,0.05096064103787512,0.11559687150662512,0.01034174455350012
0.3,1145,353.009246409272,352.95828,352.89362,352.9989,0.05096393856888426,0.11563068661575926,0.01034504208450926
0.3,1146,353.009249705603,352.95828,352.89365,352.9989,0.05096723489987198,0.11560346536862198,0.010348338415496983
0.3,1147,353.009253000731,352.95828,352.89362,352.9989,0.05097053002788243,0.11563727807475743,0.010351633543507432
0.3,1148,353.009256294661,352.95828,352.89365,352.9989,0.050973823957860986,0.11561005442661099,0.010354927473485986
0.3,1149,353.009259587393,352.95828,352.89365,352.9989,0.05097711668986449,0.11561334715861449,0.010358220205489488
0.3,1150,353.00926287892,352.95828,352.89365,352.9989,0.050980408216901196,0.1156166386856512,0.010361511732526196
0.3,1151,353.009266169253,352.95828,352.89365,352.9989,0.05098369854988505,0.11561992901863505,0.010364802065510048
0.3,1152,353.009269458388,352.95828,352.89365,352.9989,0.05098698768489385,0.11562321815364385,0.010368091200518847
0.3,1153,353.009272746324,352.95828,352.89362,352.9989,0.05099027562084757,0.11565702366772257,0.01037137913647257
0.3,1154,353.009276033064,352.95828,352.89362,352.9989,0.0509935623608726,0.1156603104077476,0.010374665876497602
0.3,1155,353.009279318605,352.95828,352.89365,352.9989,0.0509968479018994,0.1156330783706494,0.0103779514175244
0.3,1156,353.009282602951,352.95828,352.89365,352.9989,0.05100013224785016,0.11563636271660016,0.01038123576347516
0.3,1157,353.009285886101,352.95828,352.89362,352.9989,0.05100341539787223,0.11567016344474723,0.010384518913497232
0.3,1158,353.009289168056,352.95828,352.89365,352.9989,0.05100669735287511,0.11564292782162511,0.010387800868500108
0.3,1159,353.009292448813,352.95828,352.89365,352.9989,0.05100997810990293,0.11564620857865293,0.010391081625527931
0.3,1160,353.009295728377,352.95828,352.89365,352.9989,0.05101325767390108,0.11564948814265108,0.01039436118952608
0.3,1161,353.009299006746,352.95828,352.89365,352.9989,0.051016536042880034,0.11565276651163003,0.010397639558505034
0.3,1162,353.009302283924,352.95828,352.89362,352.9989,0.051019813220875676,0.11568656126775068,0.010400916736500676
0.3,1163,353.00930555991,352.95828,352.89365,352.9989,0.051023089206864825,0.11565931967561482,0.010404192722489825
0.3,1164,353.009308834697,352.95828,352.89365,352.9989,0.05102636399385574,0.11566259446260574,0.010407467509480739
0.3,1165,353.009312108291,352.95828,352.89362,352.9989,0.05102963758787382,0.11569638563474882,0.010410741103498822
0.3,1166,353.009315380693,352.95828,352.89362,352.9989,0.05103290998988541,0.11569965803676041,0.010414013505510411
0.3,1167,353.009318651903,352.95828,352.89362,352.9989,0.05103618119989051,0.1157029292467655,0.010417284715515507
0.3,1168,353.009321921925,352.95828,352.8936,352.9989,0.05103945122186815,0.11573671684686815,0.010420554737493148
0.3,1169,353.009325190752,352.95828,352.89362,352.9989,0.05104272004888344,0.11570946809575844,0.010423823564508439
0.3,1170,353.009328458392,352.95828,352.89362,352.9989,0.051045987688894456,0.11571273573576946,0.010427091204519456
0.3,1171,353.009331724842,352.95828,352.89362,352.9989,0.0510492541388885,0.1157160021857635,0.0104303576545135
0.3,1172,353.009334990099,352.95828,352.89362,352.9989,0.05105251939585287,0.11571926744272787,0.010433622911477869
0.3,1173,353.009338254167,352.95828,352.89362,352.9989,0.05105578346388029,0.11572253151075529,0.010436886979505289
0.3,1174,353.009341517051,352.95828,352.89365,352.9989,0.051059046347859294,0.1156952768166093,0.010440149863484294
0.3,1175,353.009344778743,352.95828,352.89362,352.9989,0.05106230803988865,0.11572905608676365,0.010443411555513649
0.3,1176,353.009348039251,352.95828,352.89365,352.9989,0.05106556854786959,0.11570179901661959,0.010446672063494589
0.3,1177,353.00935129857,352.95828,352.89365,352.9989,0.051068827866856736,0.11570505833560674,0.010449931382481736
0.3,1178,353.009354556701,352.95828,352.89365,352.9989,0.05107208599787327,0.11570831646662327,0.010453189513498273
0.3,1179,353.009357813645,352.95828,352.89365,352.9989,0.05107534294188554,0.11571157341063554,0.010456446457510538
0.3,1180,353.009361069406,352.95828,352.89365,352.9989,0.05107859870287257,0.11571482917162257,0.010459702218497569
0.3,1181,353.009364323978,352.95828,352.89365,352.9989,0.05108185327486581,0.11571808374361581,0.010462956790490807
0.3,1182,353.009367577365,352.95828,352.89365,352.9989,0.051085106661901136,0.11572133713065114,0.010466210177526136
0.3,1183,353.009370829569,352.95828,352.89365,352.9989,0.05108835886585439,0.11572458933460439,0.010469462381479389
0.3,1184,353.009374080586,352.95828,352.89365,352.9989,0.05109160988286021,0.11572784035161021,0.010472713398485212
0.3,1185,353.00937733042,352.95828,352.89365,352.9989,0.051094859716897645,0.11573109018564764,0.010475963232522645
0.3,1186,353.00938057907,352.95828,352.89365,352.9989,0.05109810836688666,0.11573433883563666,0.010479211882511663
0.3,1187,353.009383826538,352.95828,352.89365,352.9989,0.05110135583487363,0.11573758630362363,0.01048245935049863
0.3,1188,353.009387072825,352.95828,352.89365,352.9989,0.051104602121881726,0.11574083259063173,0.010485705637506726
0.3,1189,353.00939031793,352.95828,352.89365,352.9989,0.05110784722688777,0.11574407769563777,0.01048895074251277
0.3,1190,353.009393561852,352.95828,352.89365,352.9989,0.05111109114886858,0.11574732161761858,0.010492194664493582
0.3,1191,353.009396804592,352.95828,352.89365,352.9989,0.05111433388884734,0.11575056435759734,0.01049543740447234
0.3,1192,353.009400046152,352.95828,352.89365,352.9989,0.05111757544887041,0.11575380591762041,0.010498678964495411
0.3,1193,353.009403286532,352.95828,352.89365,352.9989,0.05112081582888095,0.11575704629763095,0.01050191934450595
0.3,1194,353.009406525728,352.95828,352.89365,352.9989,0.05112405502489992,0.11576028549364992,0.010505158540524917
0.3,1195,353.009409763744,352.95828,352.89365,352.9989,0.05112729304084951,0.11576352350959951,0.010508396556474509
0.3,1196,353.009413000586,352.95828,352.89365,352.9989,0.051130529882868814,0.11576676035161881,0.010511633398493814
0.3,1197,353.009416236244,352.95828,352.89365,352.9989,0.05113376554089655,0.11576999600964655,0.010514869056521547
0.3,1198,353.009419470726,352.95828,352.89368,352.9989,0.05113700002289079,0.11574271291351579,0.010518103538515788
0.3,1199,353.009422704034,352.95828,352.89368,352.9989,0.0511402333308979,0.1157459462215229,0.0105213368465229
0.3,1200,353.009425936162,352.95828,352.89447,352.9989,0.05114346545889248,0.11495572131826748,0.010524568974517479
0.3,1201,353.009429167112,352.95828,352.8945,352.9989,0.051146696408864045,0.11492843469011405,0.010527799924489045
0.3,1202,353.009432396887,352.95828,352.8945,352.9989,0.051149926183882144,0.11493166446513214,0.010531029699507144
0.3,1203,353.009435625485,352.95828,352.8945,352.9989,0.05115315478190041,0.11493489306315041,0.010534258297525412
0.3,1204,353.009438852909,352.95828,352.8945,352.9989,0.051156382205874706,0.1149381204871247,0.010537485721499706
0.3,1205,353.009442079156,352.95828,352.89453,352.9989,0.05115960845284917,0.11491082915597417,0.01054071196847417
0.3,1206,353.009445304227,352.95828,352.8945,352.9989,0.051162833523846984,0.11494457180509698,0.010543937039471984
0.3,1207,353.009448528126,352.95828,352.89453,352.9989,0.05116605742284719,0.11491727812597219,0.010547160938472189
0.3,1208,353.009451750846,352.95828,352.89453,352.9989,0.05116928014285804,0.11492050084598304,0.010550383658483042
0.3,1209,353.009454972398,352.95828,352.8945,352.9989,0.051172501694850325,0.11495423997610033,0.010553605210475325
0.3,1210,353.009458192775,352.95828,352.89453,352.9989,0.05117572207188914,0.11492694277501414,0.01055682558751414
0.3,1211,353.00946141198,352.95828,352.8945,352.9989,0.0511789412768735,0.1149606795581235,0.010560044792498502
0.3,1212,353.009464630009,352.95828,352.89453,352.9989,0.051182159305881214,0.11493338000900621,0.010563262821506214
0.3,1213,353.009467846867,352.95828,352.8945,352.9989,0.051185376163857654,0.11496711444510765,0.010566479679482654
0.3,1214,353.009471062552,352.95828,352.8945,352.9989,0.051188591848870146,0.11497033013012015,0.010569695364495146
0.3,1215,353.009474277068,352.95828,352.89447,352.9989,0.05119180636489773,0.11500406222427273,0.01057290988052273
0.3,1216,353.009477490411,352.95828,352.8945,352.9989,0.05119501970784768,0.11497675798909768,0.010576123223472678
0.3,1217,353.009480702585,352.95828,352.8945,352.9989,0.05119823188186956,0.11497997016311956,0.01057933539749456
0.3,1218,353.009483913595,352.95828,352.89453,352.9989,0.05120144289185191,0.11495266359497691,0.010582546407476912
0.3,1219,353.009487123432,352.95828,352.8945,352.9989,0.051204652728870315,0.11498639101012031,0.010585756244495315
0.3,1220,353.009490332101,352.95828,352.8945,352.9989,0.05120786139787015,0.11498959967912015,0.010588964913495147
0.3,1221,353.0094935396,352.95828,352.89453,352.9989,0.05121106889686189,0.11496228959998689,0.010592172412486889
0.3,1222,353.009496745928,352.95828,352.8945,352.9989,0.0512142752248792,0.1149960135061292,0.010595378740504202
0.3,1223,353.009499951091,352.95828,352.8945,352.9989,0.051217480387890646,0.11499921866914065,0.010598583903515646
0.3,1224,353.009503155087,352.95828,352.89453,352.9989,0.05122068438384986,0.11497190508697486,0.010601787899474857
0.3,1225,353.009506357917,352.95828,352.8945,352.9989,0.051223887213893704,0.1150056254951437,0.010604990729518704
0.3,1226,353.009509559579,352.95828,352.8945,352.9989,0.05122708887586214,0.11500882715711214,0.010608192391487137
0.3,1227,353.009512760078,352.95828,352.89453,352.9989,0.05123028937487106,0.11498151007799606,0.010611392890496063
0.3,1228,353.009515959407,352.95828,352.89453,352.9989,0.0512334887038719,0.1149847094069969,0.010614592219496899
0.3,1229,353.009519157575,352.95828,352.89453,352.9989,0.05123668687190275,0.11498790757502775,0.010617790387527748
0.3,1230,353.009522354576,352.95828,352.89453,352.9989,0.051239883872881364,0.11499110457600636,0.010620987388506364
0.3,1231,353.009525550413,352.95828,352.8945,352.9989,0.05124307970987729,0.11502481799112729,0.010624183225502293
0.3,1232,353.009528745087,352.95828,352.89453,352.9989,0.05124627438385687,0.11499749508698187,0.010627377899481871
0.3,1233,353.009531938594,352.95828,352.89453,352.9989,0.051249467890897904,0.1150006885940229,0.010630571406522904
0.3,1234,353.009535130941,352.95828,352.8945,352.9989,0.051252660237878445,0.11503439851912844,0.010633763753503445
0.3,1235,353.009538322123,352.95828,352.89453,352.9989,0.051255851419853116,0.11500707212297812,0.010636954935478116
0.3,1236,353.009541512141,352.95828,352.89453,352.9989,0.05125904143790194,0.11501026214102694,0.010640144953526942
0.3,1237,353.009544701003,352.95828,352.89453,352.9989,0.051262230299869316,0.11501345100299432,0.010643333815494316
0.3,1238,353.009547888704,352.95828,352.89453,352.9989,0.0512654180008667,0.1150166387039917,0.010646521516491703
0.3,1239,353.009551075241,352.95828,352.89456,352.9989,0.0512686045378814,0.1149893076628814,0.010649708053506401
0.3,1240,353.009554260619,352.95828,352.89453,352.9989,0.05127178991585879,0.11502301061898379,0.01065289343148379
0.3,1241,353.009557444835,352.95828,352.89453,352.9989,0.05127497413189985,0.11502619483502485,0.010656077647524853
0.3,1242,353.009560627892,352.95828,352.89453,352.9989,0.05127815718884676,0.11502937789197176,0.010659260704471762
0.3,1243,353.009563809791,352.95828,352.8945,352.9989,0.05128133908789323,0.11506307736914323,0.01066244260351823
0.3,1244,353.009566990533,352.95828,352.89453,352.9989,0.051284519829891906,0.1150357405330169,0.010665623345516906
0.3,1245,353.009570170113,352.95828,352.89453,352.9989,0.051287699409897414,0.11503892011302241,0.010668802925522414
0.3,1246,353.009573348535,352.95828,352.89453,352.9989,0.05129087783188879,0.11504209853501379,0.010671981347513793
0.3,1247,353.009576525805,352.95828,352.89453,352.9989,0.051294055101891445,0.11504527580501644,0.010675158617516445
0.3,1248,353.009579701917,352.95828,352.89453,352.9989,0.05129723121387997,0.11504845191700497,0.010678334729504968
0.3,1249,353.009582876867,352.95828,352.89453,352.9989,0.05130040616387532,0.11505162686700032,0.010681509679500323
0.3,1250,353.009586050664,352.95828,352.89453,352.9989,0.05130357996085877,0.11505480066398377,0.01068468347648377
0.3,1251,353.009589223305,352.95828,352.89453,352.9989,0.05130675260187445,0.11505797330499945,0.01068785611749945
0.3,1252,353.009592394788,352.95828,352.89453,352.9989,0.051309924084876,0.115061144788001,0.010691027600501002
0.3,1253,353.009595565118,352.95828,352.89453,352.9989,0.051313094414865645,0.11506431511799065,0.010694197930490645
0.3,1254,353.009598734295,352.95828,352.89453,352.9989,0.051316263591900224,0.11506748429502522,0.010697367107525224
0.3,1255,353.009601902314,352.95828,352.89453,352.9989,0.05131943161086383,0.11507065231398883,0.01070053512648883
0.3,1256,353.009605069182,352.95828,352.89453,352.9989,0.05132259847886189,0.11507381918198689,0.010703701994486892
0.3,1257,353.009608234897,352.95828,352.89453,352.9989,0.051325764193848045,0.11507698489697304,0.010706867709473045
0.3,1258,353.009611399461,352.95828,352.89453,352.9989,0.05132892875786865,0.11508014946099365,0.010710032273493653
0.3,1259,353.009614562871,352.95828,352.8945,352.9989,0.05133209216785417,0.11511383044910417,0.01071319568347917
0.3,1260,353.009617725127,352.95828,352.89453,352.9989,0.05133525442386144,0.11508647512698644,0.010716357939486443
0.3,1261,353.009620886232,352.95828,352.8945,352.9989,0.05133841552890317,0.11512015381015317,0.01071951904452817
0.3,1262,353.009624046186,352.95828,352.89453,352.9989,0.051341575482865665,0.11509279618599066,0.010722678998490665
0.3,1263,353.009627204988,352.95828,352.89453,352.9989,0.051344734284896276,0.11509595498802128,0.010725837800521276
0.3,1264,353.009630362642,352.95828,352.8945,352.9989,0.05134789193886036,0.11512963022011036,0.010728995454485357
0.3,1265,353.009633519146,352.95828,352.89453,352.9989,0.051351048442882075,0.11510226914600707,0.010732151958507075
0.3,1266,353.0096366745,352.95828,352.89453,352.9989,0.05135420379684774,0.11510542449997274,0.010735307312472742
0.3,1267,353.009639828704,352.95828,352.89453,352.9989,0.051357358000871045,0.11510857870399605,0.010738461516496045
0.3,1268,353.009642981759,352.95828,352.89453,352.9989,0.05136051105586148,0.11511173175898648,0.01074161457148648
0.3,1269,353.009646133666,352.95828,352.89453,352.9989,0.05136366296289907,0.11511488366602407,0.01074476647852407
0.3,1270,353.009649284424,352.95828,352.89453,352.9989,0.05136681372084695,0.11511803442397195,0.010747917236471949
0.3,1271,353.009652434036,352.95828,352.89453,352.9989,0.051369963332888346,0.11512118403601335,0.010751066848513346
0.3,1272,353.009655582502,352.95828,352.89453,352.9989,0.05137311179885273,0.11512433250197773,0.010754215314477733
0.3,1273,353.009658729819,352.95828,352.89453,352.9989,0.05137625911589794,0.11512747981902294,0.010757362631522938
0.3,1274,353.009661875993,352.95828,352.89453,352.9989,0.05137940528987883,0.11513062599300383,0.010760508805503832
0.3,1275,353.009665021018,352.95828,352.89453,352.9989,0.0513825503148837,0.1151337710180087,0.010763653830508702
0.3,1276,353.009668164898,352.95828,352.89453,352.9989,0.051385694194891585,0.11513691489801658,0.010766797710516585
0.3,1277,353.009671307631,352.95828,352.89453,352.9989,0.05138883692785612,0.11514005763098112,0.010769940443481119
0.3,1278,353.009674449226,352.95828,352.89453,352.9989,0.05139197852287225,0.11514319922599725,0.01077308203849725
0.3,1279,353.009677589676,352.95828,352.89453,352.9989,0.051395118972891396,0.1151463396760164,0.010776222488516396
0.3,1280,353.009680728978,352.95828,352.89453,352.9989,0.051398258274900854,0.11514947897802585,0.010779361790525854
0.3,1281,353.009683867133,352.95828,352.89453,352.9989,0.05140139642986696,0.11515261713299196,0.010782499945491963
0.3,1282,353.00968700415,352.95828,352.89453,352.9989,0.05140453344688467,0.11515575415000967,0.01078563696250967
0.3,1283,353.009690140024,352.95828,352.89453,352.9989,0.05140766932089491,0.11515889002401991,0.010788772836519911
0.3,1284,353.009693274757,352.95828,352.89453,352.9989,0.051410804053887205,0.1151620247570122,0.010791907569512205
0.3,1285,353.009696408347,352.95828,352.89453,352.9989,0.05141393764387203,0.11516515834699703,0.010795041159497032
0.3,1286,353.009699540797,352.95828,352.89456,352.9989,0.051417070093862094,0.1151377732188621,0.010798173609487094
0.3,1287,353.009702672102,352.95828,352.89453,352.9989,0.05142020139885517,0.11517142210198017,0.01080130491448017
0.3,1288,353.009705802272,352.95828,352.89456,352.9989,0.0514233315688557,0.1151440346938557,0.010804435084480701
0.3,1289,353.009708931301,352.95828,352.89456,352.9989,0.05142646059789513,0.11514716372289513,0.01080756411352013
0.3,1290,353.009712059192,352.95828,352.89456,352.9989,0.05142958848887247,0.11515029161387247,0.010810692004497469
0.3,1291,353.009715185943,352.95828,352.89456,352.9989,0.05143271523985504,0.11515341836485504,0.010813818755480042
0.3,1292,353.009718311554,352.95828,352.89456,352.9989,0.051435840850899694,0.1151565439758997,0.010816944366524694
0.3,1293,353.009721436027,352.95828,352.89456,352.9989,0.05143896532388226,0.11515966844888226,0.010820068839507258
0.3,1294,353.009724559366,352.95828,352.89456,352.9989,0.05144208866289546,0.11516279178789546,0.010823192178520458
0.3,1295,353.009727681563,352.95828,352.89453,352.9989,0.05144521085986753,0.11519643156299253,0.01082631437549253
0.3,1296,353.00973080262,352.95828,352.89456,352.9989,0.05144833191690168,0.11516903504190168,0.01082943543252668
0.3,1297,353.009733922542,352.95828,352.89456,352.9989,0.05145145183888644,0.11517215496388644,0.010832555354511442
0.3,1298,353.009737041328,352.95828,352.8946,352.9989,0.05145457062485548,0.11514475617173048,0.010835674140480478
0.3,1299,353.009740158976,352.95828,352.89453,352.9989,0.05145768827287611,0.11520890897600111,0.010838791788501112
0.3,1300,353.009743275491,352.95828,352.89453,352.9989,0.05146080478789372,0.11521202549101872,0.010841908303518721
0.3,1301,353.00974639087,352.95828,352.89453,352.9989,0.051463920166895605,0.1152151408700206,0.010845023682520605
0.3,1302,353.009749505119,352.95828,352.89456,352.9989,0.05146703441585032,0.11518773754085032,0.010848137931475321
0.3,1303,353.009752618231,352.95828,352.89456,352.9989,0.05147014752787982,0.11519085065287982,0.010851251043504817
0.3,1304,353.009755730212,352.95828,352.89456,352.9989,0.05147325950889581,0.11519396263389581,0.010854363024520808
0.3,1305,353.009758841055,352.95828,352.89456,352.9989,0.05147637035184971,0.11519707347684971,0.01085747386747471
0.3,1306,353.009761950766,352.95828,352.89453,352.9989,0.05147948006288061,0.11523070076600561,0.010860583578505612
0.3,1307,353.009765059346,352.95828,352.89453,352.9989,0.05148258864289801,0.11523380934602301,0.010863692158523008
0.3,1308,353.009768166796,352.95828,352.89453,352.9989,0.05148569609286824,0.11523691679599324,0.010866799608493238
0.3,1309,353.009771273108,352.95828,352.89453,352.9989,0.051488802404890066,0.11524002310801507,0.010869905920515066
0.3,1310,353.009774378293,352.95828,352.89453,352.9989,0.05149190758987743,0.11524312829300243,0.010873011105502428
0.3,1311,353.009777482347,352.95828,352.89456,352.9989,0.051495011643851285,0.11521571476885129,0.010876115159476285
0.3,1312,353.009780585266,352.95828,352.89453,352.9989,0.05149811456288944,0.11524933526601444,0.010879218078514441
0.3,1313,353.009783687062,352.95828,352.89453,352.9989,0.05150121635887217,0.11525243706199717,0.01088231987449717
0.3,1314,353.009786787724,352.95828,352.89453,352.9989,0.05150431702088554,0.11525553772401054,0.010885420536510537
0.3,1315,353.009789887254,352.95828,352.89456,352.9989,0.05150741655086222,0.11522811967586222,0.010888520066487217
0.3,1316,353.00979298566,352.95828,352.89456,352.9989,0.051510514956873976,0.11523121808187398,0.010891618472498976
0.3,1317,353.009796082938,352.95828,352.89453,352.9989,0.05151361223488493,0.11526483293800993,0.010894715750509931
0.3,1318,353.009799179087,352.95828,352.89453,352.9989,0.0515167083838719,0.1152679290869969,0.010897811899496901
0.3,1319,353.009802274106,352.95828,352.8946,352.9989,0.05151980340286855,0.11520998894974355,0.010900906918493547
0.3,1320,353.009805368,352.95828,352.89456,352.9989,0.05152289729687709,0.11524360042187709,0.01090400081250209
0.3,1321,353.009808460763,352.95828,352.89456,352.9989,0.05152599005987213,0.11524669318487213,0.010907093575497129
0.3,1322,353.009811552403,352.95828,352.8946,352.9989,0.051529081699868584,0.11521926724674358,0.010910185215493584
0.3,1323,353.009814642917,352.95828,352.8946,352.9989,0.051532172213853755,0.11522235776072876,0.010913275729478755
0.3,1324,353.009817732306,352.95828,352.89456,352.9989,0.051535261602850824,0.11525596472785082,0.010916365118475824
0.3,1325,353.009820820569,352.95828,352.8946,352.9989,0.05153834986589345,0.11522853541276845,0.010919453381518451
0.3,1326,353.009823907706,352.95828,352.89462,352.9989,0.05154143700286795,0.11520110497161795,0.010922540518492951
0.3,1327,353.009826993721,352.95828,352.8946,352.9989,0.05154452301786705,0.11523470856474205,0.01092562653349205
0.3,1328,353.009830078611,352.95828,352.89462,352.9989,0.051547607907878046,0.11520727587662805,0.010928711423503046
0.3,1329,353.009833162376,352.95828,352.8946,352.9989,0.05155069167290094,0.11524087721977594,0.010931795188525939
0.3,1330,353.009836245018,352.95828,352.89462,352.9989,0.051553774314868406,0.1152134422836184,0.010934877830493406
0.3,1331,353.00983932654,352.95828,352.8946,352.9989,0.05155685583684999,0.11524704138372499,0.01093795935247499
0.3,1332,353.009842406937,352.95828,352.89462,352.9989,0.051559936233900316,0.11521960420265032,0.010941039749525316
0.3,1333,353.009845486215,352.95828,352.8946,352.9989,0.051563015511874255,0.11525320105874926,0.010944119027499255
0.3,1334,353.00984856437,352.95828,352.8946,352.9989,0.05156609366684961,0.11525627921372461,0.01094719718247461
0.3,1335,353.009851641403,352.95828,352.89456,352.9989,0.051569170699849565,0.11528987382484956,0.010950274215474565
0.3,1336,353.009854717316,352.95828,352.8946,352.9989,0.05157224661286364,0.11526243215973864,0.010953350128488637
0.3,1337,353.009857792106,352.95828,352.8946,352.9989,0.051575321402879126,0.11526550694975413,0.010956424918504126
0.3,1338,353.009860865779,352.95828,352.89456,352.9989,0.05157839507586459,0.11529909820086459,0.010959498591489591
0.3,1339,353.00986393833,352.95828,352.8946,352.9989,0.051581467626874655,0.11527165317374966,0.010962571142499655
0.3,1340,353.009867009763,352.95828,352.89456,352.9989,0.05158453905988836,0.11530524218488836,0.010965642575513357
0.3,1341,353.009870080077,352.95828,352.8946,352.9989,0.051587609373882515,0.11527779492075751,0.010968712889507515
0.3,1342,353.009873149273,352.95828,352.89456,352.9989,0.05159067856988031,0.11531138169488031,0.01097178208550531
0.3,1343,353.009876217351,352.95828,352.8946,352.9989,0.051593746647881744,0.11528393219475674,0.010974850163506744
0.3,1344,353.009879284309,352.95828,352.89456,352.9989,0.051596813605897296,0.1153175167308973,0.010977917121522296
0.3,1345,353.009882350151,352.95828,352.8946,352.9989,0.05159987944784916,0.11529006499472416,0.010980982963474162
0.3,1346,353.009885414879,352.95828,352.8946,352.9989,0.05160294417589739,0.11529312972277239,0.010984047691522392
0.3,1347,353.009888478491,352.95828,352.89462,352.9989,0.051606007787881936,0.11526567575663194,0.010987111303506936
0.3,1348,353.009891540982,352.95828,352.8946,352.9989,0.051609070278857416,0.11529925582573242,0.010990173794482416
0.3,1349,353.009894602362,352.95828,352.8946,352.9989,0.05161213165888512,0.11530231720576012,0.010993235174510119
0.3,1350,353.009897662628,352.95828,352.8946,352.9989,0.0516151919248955,0.1153053774717705,0.010996295440520498
0.3,1351,353.009900721776,352.95828,352.89456,352.9989,0.05161825107285267,0.11533895419785267,0.010999354588477672
0.3,1352,353.009903779816,352.95828,352.89456,352.9989,0.05162130911287477,0.11534201223787477,0.01100241262849977
0.3,1353,353.009906836738,352.95828,352.8946,352.9989,0.051624366034900504,0.1153145515817755,0.011005469550525504
0.3,1354,353.009909892547,352.95828,352.8946,352.9989,0.051627421843875254,0.11531760739075025,0.011008525359500254
0.3,1355,353.009912947244,352.95828,352.89456,352.9989,0.051630476540879044,0.11535117966587904,0.011011580056504044
0.3,1356,353.009916000826,352.95828,352.8946,352.9989,0.051633530122899174,0.11532371566977417,0.011014633638524174
0.3,1357,353.009919053298,352.95828,352.89456,352.9989,0.05163658259488102,0.11535728571988102,0.01101768611050602
0.3,1358,353.009922104653,352.95828,352.89456,352.9989,0.051639633949889685,0.11536033707488969,0.011020737465514685
0.3,1359,353.0099251549,352.95828,352.8946,352.9989,0.051642684196849586,0.11533286974372459,0.011023787712474586
0.3,1360,353.009928204037,352.95828,352.8946,352.9989,0.05164573333388489,0.11533591888075989,0.011026836849509891
0.3,1361,353.009931252062,352.95828,352.89462,352.9989,0.05164878135889239,0.11530844932764239,0.011029884874517393
0.3,1362,353.009934298978,352.95828,352.8946,352.9989,0.05165182827488479,0.11534201382175979,0.011032931790509792
0.3,1363,353.009937344785,352.95828,352.8946,352.9989,0.05165487408186209,0.11534505962873709,0.01103597759748709
0.3,1364,353.009940389484,352.95828,352.8946,352.9989,0.05165791878084747,0.11534810432772247,0.011039022296472467
0.3,1365,353.00994343307,352.95828,352.8946,352.9989,0.051660962366895546,0.11535114791377055,0.011042065882520546
0.3,1366,353.009946475547,352.95828,352.8946,352.9989,0.05166400484387168,0.11535419039074668,0.01104510835949668
0.3,1367,353.00994951692,352.95828,352.8946,352.9989,0.05166704621689178,0.11535723176376678,0.011048149732516777
0.3,1368,353.00995255718,352.95828,352.8946,352.9989,0.05167008647686089,0.11536027202373589,0.011051189992485888
0.3,1369,353.009955596335,352.95828,352.8946,352.9989,0.05167312563185078,0.11536331117872578,0.01105422914747578
0.3,1370,353.009958634384,352.95828,352.89456,352.9989,0.051676163680895115,0.11539686680589512,0.011057267196520115
0.3,1371,353.009961671328,352.95828,352.8946,352.9989,0.05167920062490339,0.11536938617177839,0.011060304140528388
0.3,1372,353.009964707164,352.95828,352.8946,352.9989,0.051682236460862896,0.1153724220077379,0.011063339976487896
0.3,1373,353.009967741894,352.95828,352.8946,352.9989,0.05168527119087685,0.11537545673775185,0.011066374706501847
0.3,1374,353.009970775517,352.95828,352.89462,352.9989,0.051688304813865216,0.11534797278261522,0.011069408329490216
0.3,1375,353.009973808035,352.95828,352.89462,352.9989,0.051691337331874365,0.11535100530062437,0.011072440847499365
0.3,1376,353.009976839448,352.95828,352.8946,352.9989,0.05169436874484745,0.11538455429172245,0.011075472260472452
0.3,1377,353.009979869761,352.95828,352.89462,352.9989,0.051697399057900384,0.11535706702665038,0.011078502573525384
0.3,1378,353.00998289897,352.95828,352.89462,352.9989,0.05170042826688359,0.11536009623563359,0.011081531782508591
0.3,1379,353.009985927074,352.95828,352.89462,352.9989,0.05170345637088758,0.11536312433963758,0.01108455988651258
0.3,1380,353.009988954072,352.95828,352.89462,352.9989,0.05170648336888917,0.11536615133763917,0.011087586884514167
0.3,1381,353.009991979971,352.95828,352.89462,352.9989,0.051709509267880094,0.1153691772366301,0.011090612783505094
0.3,1382,353.009995004766,352.95828,352.89465,352.9989,0.05171253406285814,0.11534168445348314,0.01109363757848314
0.3,1383,353.00999802846,352.95828,352.89465,352.9989,0.05171555775689285,0.11534470814751785,0.01109666127251785
0.3,1384,353.010001051053,352.95828,352.89462,352.9989,0.051718580349870535,0.11537824831862054,0.011099683865495535
0.3,1385,353.010004072545,352.95828,352.89462,352.9989,0.05172160184184804,0.11538126981059804,0.011102705357473042
0.3,1386,353.010007092933,352.95828,352.89465,352.9989,0.05172462222986951,0.11535377262049451,0.01110572574549451
0.3,1387,353.010010112224,352.95828,352.89465,352.9989,0.05172764152086984,0.11535679191149484,0.011108745036494838
0.3,1388,353.010013130417,352.95828,352.89465,352.9989,0.05173065971388269,0.11535981010450769,0.011111763229507687
0.3,1389,353.01001614751,352.95828,352.89462,352.9989,0.051733676806861695,0.1153933447756117,0.011114780322486695
0.3,1390,353.010019163501,352.95828,352.89465,352.9989,0.051736692797874184,0.11536584318849918,0.011117796313499184
0.3,1391,353.010022178395,352.95828,352.89465,352.9989,0.05173970769186553,0.11536885808249053,0.011120811207490533
0.3,1392,353.010025192192,352.95828,352.89462,352.9989,0.051742721488892585,0.11540238945764258,0.011123825004517585
0.3,1393,353.010028204891,352.95828,352.89465,352.9989,0.051745734187875314,0.11537488457850031,0.011126837703500314
0.3,1394,353.01003121649,352.95828,352.89465,352.9989,0.051748745786881045,0.11537789617750605,0.011129849302506045
0.3,1395,353.010034226992,352.95828,352.89465,352.9989,0.051751756288865636,0.11538090667949064,0.011132859804490636
0.3,1396,353.0100372364,352.95828,352.89465,352.9989,0.05175476569689863,0.11538391608752363,0.01113586921252363
0.3,1397,353.010040244711,352.95828,352.89462,352.9989,0.05175777400785364,0.11541744197660364,0.01113887752347864
0.3,1398,353.010043251927,352.95828,352.89465,352.9989,0.05176078122389072,0.11538993161451572,0.011141884739515717
0.3,1399,353.010046258047,352.95828,352.89462,352.9989,0.05176378734387299,0.11542345531262299,0.011144890859497991
0.3,1400,353.010049263071,352.95828,352.89465,352.9989,0.051766792367857306,0.1153959427584823,0.011147895883482306
0.3,1401,353.010052266999,352.95828,352.89462,352.9989,0.051769796295900505,0.1154294642646505,0.011150899811525505
0.3,1402,353.010055269834,352.95828,352.89465,352.9989,0.0517727991309016,0.1154019495215266,0.011153902646526603
0.3,1403,353.010058271574,352.95828,352.89465,352.9989,0.05177580087087108,0.11540495126149608,0.01115690438649608
0.3,1404,353.010061272225,352.95828,352.89462,352.9989,0.05177880152189118,0.11543846949064118,0.011159905037516182
0.3,1405,353.010064271776,352.95828,352.89465,352.9989,0.05178180107287744,0.11541095146350244,0.011162904588502442
0.3,1406,353.010067270238,352.95828,352.89465,352.9989,0.051784799534857484,0.11541394992548248,0.011165903050482484
0.3,1407,353.010070267609,352.95828,352.89462,352.9989,0.05178779690589863,0.11544746487464863,0.011168900421523631
0.3,1408,353.010073263888,352.95828,352.89462,352.9989,0.051790793184864015,0.11545046115361401,0.011171896700489015
0.3,1409,353.010076259073,352.95828,352.89462,352.9989,0.0517937883698778,0.1154534563386278,0.011174891885502802
0.3,1410,353.010079253174,352.95828,352.89462,352.9989,0.05179678247088759,0.11545645043963759,0.011177885986512592
0.3,1411,353.010082246182,352.95828,352.89465,352.9989,0.05179977547885528,0.11542892586948028,0.011180878994480281
0.3,1412,353.010085238095,352.95828,352.8946,352.9989,0.05180276739184819,0.11549295293872319,0.011183870907473192
0.3,1413,353.010088228921,352.95828,352.89462,352.9989,0.05180575821788125,0.11546542618663125,0.011186861733506248
0.3,1414,353.010091218656,352.95828,352.89465,352.9989,0.05180874795286172,0.11543789834348672,0.011189851468486722
0.3,1415,353.010094207302,352.95828,352.89465,352.9989,0.05181173659889282,0.11544088698951782,0.011192840114517821
0.3,1416,353.010097194863,352.95828,352.89465,352.9989,0.05181472415989674,0.11544387455052174,0.011195827675521741
0.3,1417,353.010100181332,352.95828,352.89465,352.9989,0.05181771062888174,0.11544686101950674,0.011198814144506741
0.3,1418,353.010103166716,352.95828,352.89465,352.9989,0.051820696012896406,0.1154498464035214,0.011201799528521406
0.3,1419,353.010106151008,352.95828,352.89462,352.9989,0.05182368030489215,0.11548334827364215,0.01120478382051715
0.3,1420,353.010109134217,352.95828,352.89465,352.9989,0.051826663513850235,0.11545581390447524,0.011207767029475235
0.3,1421,353.010112116338,352.95828,352.89465,352.9989,0.05182964563488213,0.11545879602550713,0.011210749150507127
0.3,1422,353.010115097374,352.95828,352.89465,352.9989,0.05183262667088684,0.11546177706151184,0.011213730186511839
0.3,1423,353.010118077323,352.95828,352.89465,352.9989,0.05183560661987485,0.11546475701049985,0.011216710135499852
0.3,1424,353.010121056184,352.95828,352.89465,352.9989,0.05183858548087983,0.11546773587150483,0.011219688996504829
0.3,1425,353.010124033963,352.95828,352.89465,352.9989,0.05184156325987033,0.11547071365049533,0.011222666775495327
0.3,1426,353.010127010658,352.95828,352.89465,352.9989,0.05184453995485683,0.11547369034548183,0.011225643470481828
0.3,1427,353.010129986268,352.95828,352.89465,352.9989,0.05184751556487299,0.11547666595549799,0.011228619080497992
0.3,1428,353.010132960794,352.95828,352.89465,352.9989,0.05185049009088516,0.11547964048151016,0.01123159360651016
0.3,1429,353.010135934238,352.95828,352.89465,352.9989,0.05185346353488285,0.11548261392550785,0.011234567050507849
0.3,1430,353.010138906597,352.95828,352.89465,352.9989,0.05185643589385336,0.11548558628447836,0.011237539409478359
0.3,1431,353.010141877871,352.95828,352.89465,352.9989,0.05185940716785353,0.11548855755847853,0.011240510683478533
0.3,1432,353.010144848062,352.95828,352.89465,352.9989,0.05186237735887289,0.11549152774949789,0.011243480874497891
0.3,1433,353.010147817175,352.95828,352.89465,352.9989,0.05186534647185681,0.11549449686248181,0.01124644998748181
0.3,1434,353.010150785208,352.95828,352.89465,352.9989,0.051868314504872615,0.11549746489549761,0.011249418020497615
0.3,1435,353.010153752157,352.95828,352.89465,352.9989,0.05187128145388442,0.11550043184450942,0.011252384969509421
0.3,1436,353.010156718026,352.95828,352.89465,352.9989,0.05187424732287127,0.11550339771349627,0.01125535083849627
0.3,1437,353.010159682814,352.95828,352.89465,352.9989,0.05187721211086682,0.11550636250149182,0.011258315626491822
0.3,1438,353.010162646527,352.95828,352.89468,352.9989,0.05188017582389648,0.11547880863639648,0.01126127933952148
0.3,1439,353.010165609153,352.95828,352.89468,352.9989,0.051883138449852595,0.1154817712623526,0.011264241965477595
0.3,1440,353.010168570705,352.95828,352.89468,352.9989,0.051886100001866,0.115484732814366,0.011267203517490998
0.3,1441,353.010171531175,352.95828,352.89465,352.9989,0.05188906047186492,0.11551821086248992,0.011270163987489923
0.3,1442,353.010174490567,352.95828,352.89465,352.9989,0.05189201986388525,0.11552117025451025,0.011273123379510253
0.3,1443,353.010177448882,352.95828,352.89468,352.9989,0.051894978178893325,0.11549361099139333,0.011276081694518325
0.3,1444,353.010180406116,352.95828,352.89468,352.9989,0.05189793541285326,0.11549656822535326,0.011279038928478258
0.3,1445,353.010183362276,352.95828,352.89468,352.9989,0.05190089157287048,0.11549952438537048,0.011281995088495478
0.3,1446,353.010186317358,352.95828,352.89465,352.9989,0.05190384665485226,0.11553299704547726,0.01128495017047726
0.3,1447,353.010189271366,352.95828,352.89468,352.9989,0.05190680066289133,0.11550543347539133,0.011287904178516328
0.3,1448,353.010192224294,352.95828,352.89465,352.9989,0.051909753590848595,0.1155389039814736,0.011290857106473595
0.3,1449,353.010195176145,352.95828,352.89468,352.9989,0.05191270544185045,0.11551133825435045,0.011293808957475449
0.3,1450,353.010198126923,352.95828,352.89465,352.9989,0.05191565621987593,0.11554480661050093,0.011296759735500927
0.3,1451,353.010201076629,352.95828,352.89465,352.9989,0.05191860592589137,0.11554775631651637,0.01129970944151637
0.3,1452,353.010204025258,352.95828,352.89465,352.9989,0.051921554554894556,0.11555070494551956,0.011302658070519556
0.3,1453,353.01020697281,352.95828,352.89468,352.9989,0.051924502106885484,0.11552313491938548,0.011305605622510484
0.3,1454,353.010209919297,352.95828,352.89468,352.9989,0.051927448593858117,0.11552608140635812,0.011308552109483117
0.3,1455,353.010212864705,352.95828,352.89468,352.9989,0.051930394001885816,0.11552902681438582,0.011311497517510816
0.3,1456,353.010215809041,352.95828,352.89468,352.9989,0.051933338337846635,0.11553197115034664,0.011314441853471635
0.3,1457,353.010218752303,352.95828,352.89468,352.9989,0.05193628159986474,0.11553491441236474,0.011317385115489742
0.3,1458,353.010221694495,352.95828,352.89465,352.9989,0.05193922379186233,0.11556837418248733,0.011320327307487332
0.3,1459,353.010224635613,352.95828,352.89468,352.9989,0.05194216490986037,0.11554079772236037,0.011323268425485367
0.3,1460,353.010227575661,352.95828,352.89468,352.9989,0.05194510495789473,0.11554373777039473,0.011326208473519728
0.3,1461,353.010230514636,352.95828,352.89468,352.9989,0.05194804393289587,0.11554667674539587,0.011329147448520871
0.3,1462,353.010233452544,352.95828,352.89468,352.9989,0.0519509818408892,0.1155496146533892,0.011332085356514199
0.3,1463,353.010236389381,352.95828,352.89465,352.9989,0.05195391867789567,0.11558306906852067,0.011335022193520672
0.3,1464,353.010239325145,352.95828,352.89468,352.9989,0.05195685444186893,0.11555548725436893,0.011337957957493927
0.3,1465,353.01024225984,352.95828,352.89468,352.9989,0.05195978913690169,0.11555842194940169,0.01134089265252669
0.3,1466,353.010245193467,352.95828,352.8947,352.9989,0.051962722763846614,0.11553083799822161,0.011343826279471614
0.3,1467,353.010248126025,352.95828,352.8947,352.9989,0.051965655321851045,0.11553377055622605,0.011346758837476045
0.3,1468,353.01025105752,352.95828,352.8947,352.9989,0.051968586816883544,0.11553670205125854,0.011349690332508544
0.3,1469,353.010253987943,352.95828,352.89468,352.9989,0.05197151723984916,0.11557015005234916,0.011352620755474163
0.3,1470,353.010256917302,352.95828,352.8947,352.9989,0.05197444659887651,0.11554256183325151,0.011355550114501511
0.3,1471,353.010259845589,352.95828,352.89468,352.9989,0.05197737488589382,0.11557600769839382,0.011358478401518823
0.3,1472,353.010262772814,352.95828,352.8947,352.9989,0.0519803021108487,0.1155484173452237,0.011361405626473697
0.3,1473,353.010265698967,352.95828,352.8947,352.9989,0.05198322826385038,0.11555134349822538,0.011364331779475378
0.3,1474,353.010268624053,352.95828,352.89468,352.9989,0.05198615334990109,0.11558478616240109,0.011367256865526087
0.3,1475,353.010271548072,352.95828,352.89474,352.9989,0.05198907736888714,0.11552667502513714,0.011370180884512138
0.3,1476,353.010274471032,352.95828,352.8947,352.9989,0.051992000328880295,0.1155601155632553,0.011373103844505295
0.3,1477,353.010277392926,352.95828,352.8947,352.9989,0.05199492222288882,0.11556303745726382,0.011376025738513817
0.3,1478,353.010280313752,352.95828,352.89468,352.9989,0.05199784304886634,0.11559647586136634,0.011378946564491343
0.3,1479,353.010283233518,352.95828,352.89468,352.9989,0.05200076281488464,0.11559939562738464,0.011381866330509638
0.3,1480,353.010286152217,352.95828,352.89468,352.9989,0.05200368151389512,0.11560231432639512,0.011384785029520117
0.3,1481,353.010289069861,352.95828,352.89468,352.9989,0.05200659915789174,0.11560523197039174,0.011387702673516742
0.3,1482,353.010291986436,352.95828,352.8947,352.9989,0.05200951573289103,0.11557763096726603,0.011390619248516032
0.3,1483,353.010294901948,352.95828,352.89468,352.9989,0.052012431244861546,0.11561106405736155,0.011393534760486546
0.3,1484,353.010297816392,352.95828,352.8947,352.9989,0.052015345688857906,0.1155834609232329,0.011396449204482906
0.3,1485,353.010300729778,352.95828,352.8947,352.9989,0.052018259074884554,0.11558637430925955,0.011399362590509554
0.3,1486,353.010303642104,352.95828,352.8947,352.9989,0.05202117140089513,0.11558928663527013,0.011402274916520128
0.3,1487,353.010306553373,352.95828,352.8947,352.9989,0.05202408266990233,0.11559219790427733,0.011405186185527327
0.3,1488,353.01030946358,352.95828,352.89468,352.9989,0.05202699287684709,0.11562562568934709,0.011408096392472089
0.3,1489,353.010312372727,352.95828,352.8947,352.9989,0.05202990202388946,0.11559801725826446,0.011411005539514463
0.3,1490,353.01031528081,352.95828,352.8947,352.9989,0.05203281010687988,0.11560092534125488,0.011413913622504879
0.3,1491,353.010318187836,352.95828,352.8947,352.9989,0.05203571713286692,0.11560383236724192,0.011416820648491921
0.3,1492,353.010321093802,352.95828,352.8947,352.9989,0.05203862309889473,0.11560673833326973,0.011419726614519732
0.3,1493,353.010323998712,352.95828,352.8947,352.9989,0.05204152800888551,0.11560964324326051,0.011422631524510507
0.3,1494,353.010326902564,352.95828,352.89468,352.9989,0.05204443186084973,0.11564306467334973,0.011425535376474727
0.3,1495,353.010329805356,352.95828,352.89468,352.9989,0.052047334652854715,0.11564596746535472,0.011428438168479715
0.3,1496,353.010332707091,352.95828,352.89468,352.9989,0.05205023638785633,0.11564886920035633,0.01143133990348133
0.3,1497,353.010335607767,352.95828,352.89468,352.9989,0.05205313706386505,0.11565176987636505,0.011434240579490051
0.3,1498,353.01033850739,352.95828,352.89468,352.9989,0.05205603668684944,0.11565466949934944,0.011437140202474438
0.3,1499,353.010341405951,352.95828,352.89468,352.9989,0.052058935247885074,0.11565756806038507,0.011440038763510074
0.3,1500,353.010344303463,352.95828,352.89545,352.9989,0.052061832759875415,0.11489752611925041,0.011442936275500415
0.3,1501,353.010347199917,352.95828,352.89542,352.9989,0.052064729213896044,0.11493094015139604,0.011445832729521044
0.3,1502,353.010350095319,352.95828,352.89545,352.9989,0.052067624615858676,0.11490331797523368,0.011448728131483676
0.3,1503,353.010352989663,352.95828,352.89545,352.9989,0.0520705189598516,0.1149062123192266,0.011451622475476597
0.3,1504,353.010355882948,352.95828,352.8954,352.9989,0.052073412244851625,0.11497014076047662,0.011454515760476625
0.3,1505,353.010358775185,352.95828,352.89542,352.9989,0.05207630448188638,0.11494251541938638,0.011457407997511382
0.3,1506,353.010361666364,352.95828,352.89542,352.9989,0.052079195660894584,0.11494540659839458,0.011460299176519584
0.3,1507,353.010364556494,352.95828,352.89542,352.9989,0.05208208579085749,0.11494829672835749,0.01146318930648249
0.3,1508,353.010367445567,352.95828,352.89542,352.9989,0.05208497486387387,0.11495118580137387,0.011466078379498867
0.3,1509,353.010370333591,352.95828,352.89542,352.9989,0.05208786288790179,0.11495407382540179,0.011468966403526792
0.3,1510,353.010373220559,352.95828,352.89545,352.9989,0.05209074985589268,0.11492644321526768,0.011471853371517682
0.3,1511,353.010376106475,352.95828,352.8955,352.9989,0.05209363577188242,0.11486829397500742,0.011474739287507418
0.3,1512,353.010378991342,352.95828,352.89548,352.9989,0.0520965206388837,0.1149016964201337,0.011477624154508703
0.3,1513,353.010381875157,352.95828,352.89548,352.9989,0.052099404453883835,0.11490458023513384,0.011480507969508835
0.3,1514,353.010384757924,352.95828,352.89545,352.9989,0.052102287220861854,0.11493798058023685,0.011483390736486854
0.3,1515,353.01038763964,352.95828,352.89545,352.9989,0.0521051689368619,0.1149408622962369,0.011486272452486901
0.3,1516,353.010390520306,352.95828,352.89545,352.9989,0.052108049602850315,0.11494374296222531,0.011489153118475315
0.3,1517,353.010393399923,352.95828,352.89548,352.9989,0.05211092921985028,0.11491610500110028,0.011492032735475277
0.3,1518,353.01039627849,352.95828,352.89548,352.9989,0.05211380778689545,0.11491898356814545,0.01149491130252045
0.3,1519,353.010399156011,352.95828,352.89548,352.9989,0.052116685307851185,0.11492186108910118,0.011497788823476185
0.3,1520,353.010402032482,352.95828,352.8955,352.9989,0.05211956177885213,0.11489421998197713,0.01150066529447713
0.3,1521,353.010404907902,352.95828,352.89548,352.9989,0.052122437198875105,0.1149276129801251,0.011503540714500105
0.3,1522,353.010407782274,352.95828,352.89548,352.9989,0.052125311570875965,0.11493048735212597,0.011506415086500965
0.3,1523,353.010410655601,352.95828,352.89548,352.9989,0.05212818489786741,0.11493336067911741,0.011509288413492413
0.3,1524,353.010413527881,352.95828,352.89545,352.9989,0.05213105717785993,0.11496675053723493,0.01151216069348493
0.3,1525,353.010416399117,352.95828,352.89548,352.9989,0.052133928413866215,0.11493910419511622,0.011515031929491215
0.3,1526,353.010419269304,352.95828,352.8955,352.9989,0.05213679860088405,0.11491145680400905,0.011517902116509049
0.3,1527,353.010422138448,352.95828,352.8955,352.9989,0.05213966774488199,0.11491432594800699,0.01152077126050699
0.3,1528,353.010425006551,352.95828,352.89545,352.9989,0.05214253584784956,0.11497822920722456,0.011523639363474558
0.3,1529,353.010427873605,352.95828,352.89548,352.9989,0.05214540290188552,0.11495057868313552,0.011526506417510518
0.3,1530,353.010430739612,352.95828,352.89545,352.9989,0.0521482689088657,0.1149839622682407,0.011529372424490703
0.3,1531,353.010433604576,352.95828,352.89545,352.9989,0.05215113387288284,0.11498682723225784,0.011532237388507838
0.3,1532,353.010436468497,352.95828,352.89548,352.9989,0.05215399779388008,0.11495917357513008,0.01153510130950508
0.3,1533,353.010439331373,352.95828,352.89548,352.9989,0.05215686066986791,0.11496203645111791,0.01153796418549291
0.3,1534,353.010442193208,352.95828,352.89548,352.9989,0.05215972250488221,0.11496489828613221,0.011540826020507211
0.3,1535,353.010445053997,352.95828,352.8955,352.9989,0.05216258329386392,0.11493724149698892,0.011543686809488918
0.3,1536,353.010447913745,352.95828,352.89548,352.9989,0.052165443041872095,0.1149706188231221,0.011546546557497095
0.3,1537,353.01045077245,352.95828,352.89548,352.9989,0.05216830174686038,0.11497347752811038,0.01154940526248538
0.3,1538,353.010453630111,352.95828,352.8955,352.9989,0.05217115940786243,0.11494581761098743,0.011552262923487433
0.3,1539,353.010456486735,352.95828,352.8955,352.9989,0.052174016031869996,0.114948674234995,0.011555119547494996
0.3,1540,353.010459342319,352.95828,352.89548,352.9989,0.05217687161587037,0.11498204739712037,0.011557975131495368
0.3,1541,353.010462196863,352.95828,352.89548,352.9989,0.05217972615986355,0.11498490194111355,0.011560829675488549
0.3,1542,353.010465050366,352.95828,352.89545,352.9989,0.0521825796628832,0.1150182730222582,0.0115636831785082
0.3,1543,353.01046790283,352.95828,352.89548,352.9989,0.052185432126862,0.114990607908112,0.011566535642486997
0.3,1544,353.010470754257,352.95828,352.89548,352.9989,0.05218828355390315,0.11499345933515315,0.011569387069528148
0.3,1545,353.010473604645,352.95828,352.89548,352.9989,0.0521911339418466,0.1149963097230966,0.011572237457471601
0.3,1546,353.010476453992,352.95828,352.89548,352.9989,0.05219398328887337,0.11499915907012337,0.011575086804498369
0.3,1547,353.010479302301,352.95828,352.89548,352.9989,0.052196831597882465,0.11500200737913246,0.011577935113507465
0.3,1548,353.010482149574,352.95828,352.8955,352.9989,0.05219967887086341,0.11497433707398841,0.011580782386488409
0.3,1549,353.01048499581,352.95828,352.8955,352.9989,0.05220252510684986,0.11497718330997486,0.011583628622474862
0.3,1550,353.010487841011,352.95828,352.8955,352.9989,0.05220537030788819,0.11498002851101319,0.011586473823513188
0.3,1551,353.010490685173,352.95828,352.8955,352.9989,0.05220821446988566,0.11498287267301066,0.011589317985510661
0.3,1552,353.010493528297,352.95828,352.8955,352.9989,0.05221105759386546,0.11498571579699046,0.011592161109490462
0.3,1553,353.01049637039,352.95828,352.8955,352.9989,0.052213899686876175,0.11498855789000118,0.011595003202501175
0.3,1554,353.010499211446,352.95828,352.8955,352.9989,0.0522167407428924,0.1149913989460174,0.011597844258517398
0.3,1555,353.010502051464,352.95828,352.8955,352.9989,0.05221958076089095,0.11499423896401595,0.011600684276515949
0.3,1556,353.010504890449,352.95828,352.89548,352.9989,0.05222241974587405,0.11502759552712405,0.011603523261499049
0.3,1557,353.010507728399,352.95828,352.89548,352.9989,0.05222525769585218,0.11503043347710218,0.011606361211477179
0.3,1558,353.010510565312,352.95828,352.89548,352.9989,0.05222809460889266,0.11503327039014266,0.011609198124517661
0.3,1559,353.010513401194,352.95828,352.8955,352.9989,0.05223093049085037,0.11500558869397537,0.011612034006475369
0.3,1560,353.010516236043,352.95828,352.8955,352.9989,0.05223376533984947,0.11500842354297447,0.01161486885547447
0.3,1561,353.010519069859,352.95828,352.8955,352.9989,0.05223659915588996,0.11501125735901496,0.011617702671514962
0.3,1562,353.010521902646,352.95828,352.8955,352.9989,0.05223943194289404,0.11501409014601904,0.011620535458519043
0.3,1563,353.010524734399,352.95828,352.8955,352.9989,0.05224226369585949,0.11501692189898449,0.011623367211484492
0.3,1564,353.010527565119,352.95828,352.8955,352.9989,0.05224509441586633,0.11501975261899133,0.011626197931491333
0.3,1565,353.010530394806,352.95828,352.89554,352.9989,0.052247924102857723,0.11499206472785772,0.011629027618482723
0.3,1566,353.010533223466,352.95828,352.89554,352.9989,0.052250752762859065,0.11499489338785907,0.011631856278484065
0.3,1567,353.010536051094,352.95828,352.89554,352.9989,0.05225358039086814,0.11499772101586814,0.011634683906493137
0.3,1568,353.010538877696,352.95828,352.89554,352.9989,0.0522564069928535,0.1150005476178535,0.011637510508478499
0.3,1569,353.010541703267,352.95828,352.8955,352.9989,0.05225923256386977,0.11503389076699477,0.011640336079494773
0.3,1570,353.010544527807,352.95828,352.8955,352.9989,0.052262057103860116,0.11503671530698512,0.011643160619485116
0.3,1571,353.010547351319,352.95828,352.89554,352.9989,0.05226488061589407,0.11500902124089407,0.011645984131519072
0.3,1572,353.0105501738,352.95828,352.89554,352.9989,0.052267703096902096,0.1150118437219021,0.011648806612527096
0.3,1573,353.010552995252,352.95828,352.8955,352.9989,0.05227052454887371,0.11504518275199871,0.01165162806449871
0.3,1574,353.010555815678,352.95828,352.89554,352.9989,0.052273344974878455,0.11501748559987846,0.011654448490503455
0.3,1575,353.01055863508,352.95828,352.89554,352.9989,0.05227616437684901,0.11502030500184901,0.01165726789247401
0.3,1576,353.010561453448,352.95828,352.89554,352.9989,0.05227898274489462,0.11502312336989462,0.01166008626051962
0.3,1577,353.010564270788,352.95828,352.89554,352.9989,0.052281800084870156,0.11502594070987016,0.011662903600495156
0.3,1578,353.010567087104,352.95828,352.89557,352.9989,0.052284616400868344,0.11499823944774334,0.011665719916493344
0.3,1579,353.010569902396,352.95828,352.89554,352.9989,0.052287431692889186,0.11503157231788919,0.011668535208514186
0.3,1580,353.010572716661,352.95828,352.89554,352.9989,0.052290245957863135,0.11503438658286314,0.011671349473488135
0.3,1581,353.010575529902,352.95828,352.89554,352.9989,0.05229305919885974,0.11503719982385974,0.011674162714484737
0.3,1582,353.010578342115,352.95828,352.89554,352.9989,0.05229587141189995,0.11504001203689995,0.011676974927524952
0.3,1583,353.010581153307,352.95828,352.89554,352.9989,0.052298682603861835,0.11504282322886183,0.011679786119486835
0.3,1584,353.010583963473,352.95828,352.89554,352.9989,0.05230149276985685,0.11504563339485685,0.01168259628548185
0.3,1585,353.010586772616,352.95828,352.89554,352.9989,0.0523043019128977,0.1150484425378977,0.0116854054285227
0.3,1586,353.010589580734,352.95828,352.89554,352.9989,0.052307110030881176,0.11505125065588118,0.011688213546506176
0.3,1587,353.010592387833,352.95828,352.89554,352.9989,0.05230991712988953,0.11505405775488953,0.011691020645514527
0.3,1588,353.010595193908,352.95828,352.89554,352.9989,0.05231272320486369,0.11505686382986369,0.011693826720488687
0.3,1589,353.010597998961,352.95828,352.89554,352.9989,0.05231552825785002,0.11505966888285002,0.01169663177347502
0.3,1590,353.010600802989,352.95828,352.89554,352.9989,0.052318332285892666,0.11506247291089267,0.011699435801517666
0.3,1591,353.010603605998,352.95828,352.89554,352.9989,0.05232113529490334,0.11506527591990334,0.011702238810528343
0.3,1592,353.010606407984,352.95828,352.89554,352.9989,0.05232393728090301,0.11506807790590301,0.01170504079652801
0.3,1593,353.01060920895,352.95828,352.8955,352.9989,0.052326738246847526,0.11510139644997253,0.011707841762472526
0.3,1594,353.010612008896,352.95828,352.89554,352.9989,0.05232953819285058,0.11507367881785058,0.011710641708475578
0.3,1595,353.010614807825,352.95828,352.89554,352.9989,0.05233233712186802,0.11507647774686802,0.011713440637493022
0.3,1596,353.010617605732,352.95828,352.8955,352.9989,0.05233513502889764,0.11510979323202264,0.011716238544522639
0.3,1597,353.010620402619,352.95828,352.89554,352.9989,0.052337931915872105,0.1150820725408721,0.011719035431497105
0.3,1598,353.01062319849,352.95828,352.89554,352.9989,0.052340727786884145,0.11508486841188414,0.011721831302509145
0.3,1599,353.010625993341,352.95828,352.89554,352.9989,0.05234352263789788,0.11508766326289788,0.011724626153522877
0.3,1600,353.010628787172,352.95828,352.89554,352.9989,0.05234631646885646,0.11509045709385646,0.011727419984481458
0.3,1601,353.010631579982,352.95828,352.8955,352.9989,0.05234910927885039,0.11512376748197539,0.011730212794475392
0.3,1602,353.01063437178,352.95828,352.89554,352.9989,0.05235190107686094,0.11509604170186094,0.01173300459248594
0.3,1603,353.010637162557,352.95828,352.89554,352.9989,0.05235469185385,0.11509883247885,0.011735795369475
0.3,1604,353.010639952322,352.95828,352.89554,352.9989,0.05235748161885567,0.11510162224385567,0.011738585134480672
0.3,1605,353.010642741066,352.95828,352.89554,352.9989,0.0523602703628967,0.1151044109878967,0.0117413738785217
0.3,1606,353.010645528799,352.95828,352.89554,352.9989,0.052363058095863835,0.11510719872086383,0.011744161611488835
0.3,1607,353.010648315511,352.95828,352.89554,352.9989,0.052365844807866324,0.11510998543286632,0.011746948323491324
0.3,1608,353.010651101208,352.95828,352.89554,352.9989,0.052368630504872726,0.11511277112987273,0.011749734020497726
0.3,1609,353.010653885891,352.95828,352.89554,352.9989,0.05237141518784938,0.11511555581284938,0.01175251870347438
0.3,1610,353.010656669559,352.95828,352.89554,352.9989,0.05237419885588679,0.11511833948088679,0.011755302371511789
0.3,1611,353.010659452215,352.95828,352.8955,352.9989,0.05237698151188397,0.11515163971500897,0.011758085027508969
0.3,1612,353.010662233856,352.95828,352.89554,352.9989,0.05237976315288506,0.11512390377788506,0.011760866668510062
0.3,1613,353.010665014486,352.95828,352.89554,352.9989,0.052382543782869107,0.1151266844078691,0.011763647298494107
0.3,1614,353.010667794098,352.95828,352.8955,352.9989,0.052385323394901206,0.1151599815980262,0.011766426910526206
0.3,1615,353.010670572701,352.95828,352.8955,352.9989,0.052388101997848935,0.11516276020097393,0.011769205513473935
0.3,1616,353.010673350292,352.95828,352.8955,352.9989,0.05239087958887012,0.11516553779199512,0.01177198310449512
0.3,1617,353.010676126869,352.95828,352.89554,352.9989,0.05239365616586156,0.11513779679086156,0.011774759681486557
0.3,1618,353.010678902434,352.95828,352.89554,352.9989,0.05239643173086961,0.11514057235586961,0.011777535246494608
0.3,1619,353.010681676992,352.95828,352.89554,352.9989,0.052399206288896494,0.1151433469138965,0.011780309804521494
0.3,1620,353.010684450535,352.95828,352.89554,352.9989,0.05240197983187045,0.11514612045687045,0.011783083347495449
0.3,1621,353.010687223069,352.95828,352.89554,352.9989,0.05240475236587372,0.11514889299087372,0.011785855881498719
0.3,1622,353.010689994591,352.95828,352.89554,352.9989,0.0524075238878936,0.1151516645128936,0.011788627403518603
0.3,1623,353.010692765106,352.95828,352.89554,352.9989,0.05241029440287548,0.11515443502787548,0.01179139791850048
0.3,1624,353.010695534611,352.95828,352.89554,352.9989,0.05241306390786349,0.11515720453286349,0.011794167423488489
0.3,1625,353.010698303109,352.95828,352.89554,352.9989,0.05241583240587033,0.11515997303087033,0.011796935921495333
0.3,1626,353.010701070596,352.95828,352.89554,352.9989,0.05241859989286013,0.11516274051786013,0.01179970340848513
0.3,1627,353.010703837073,352.95828,352.89554,352.9989,0.05242136636985606,0.11516550699485606,0.01180246988548106
0.3,1628,353.010706602544,352.95828,352.89554,352.9989,0.052424131840894006,0.115168272465894,0.011805235356519006
0.3,1629,353.010709367007,352.95828,352.89554,352.9989,0.05242689630387076,0.11517103692887076,0.011807999819495762
0.3,1630,353.010712130465,352.95828,352.89554,352.9989,0.052429659761855874,0.11517380038685587,0.011810763277480874
0.3,1631,353.010714892909,352.95828,352.89554,352.9989,0.05243242220586808,0.11517656283086808,0.011813525721493079
0.3,1632,353.010717654352,352.95828,352.89554,352.9989,0.05243518364886768,0.11517932427386768,0.011816287164492678
0.3,1633,353.010720414789,352.95828,352.89554,352.9989,0.05243794408585245,0.11518208471085245,0.01181904760147745
0.3,1634,353.010723174221,352.95828,352.89554,352.9989,0.05244070351790242,0.11518484414290242,0.01182180703352742
0.3,1635,353.010725932648,352.95828,352.89554,352.9989,0.05244346194484706,0.11518760256984706,0.011824565460472058
0.3,1636,353.010728690069,352.95828,352.89554,352.9989,0.052446219365890556,0.11519035999089056,0.011827322881515556
0.3,1637,353.010731446484,352.95828,352.89554,352.9989,0.052448975780862384,0.11519311640586238,0.011830079296487384
0.3,1638,353.010734201895,352.95828,352.89554,352.9989,0.05245173119186575,0.11519587181686575,0.011832834707490747
0.3,1639,353.010736956305,352.95828,352.89554,352.9989,0.052454485601856504,0.1151986262268565,0.011835589117481504
0.3,1640,353.01073970971,352.95828,352.89554,352.9989,0.052457239006855616,0.11520137963185562,0.011838342522480616
0.3,1641,353.010742462111,352.95828,352.89554,352.9989,0.052459991407886264,0.11520413203288626,0.011841094923511264
0.3,1642,353.010745213511,352.95828,352.89554,352.9989,0.05246274280784746,0.11520688343284746,0.011843846323472462
0.3,1643,353.010747963908,352.95828,352.89554,352.9989,0.05246549320486338,0.11520963382986338,0.011846596720488378
0.3,1644,353.010750713306,352.95828,352.89554,352.9989,0.05246824260285621,0.11521238322785621,0.011849346118481208
0.3,1645,353.010753461699,352.95828,352.89554,352.9989,0.05247099099585739,0.11521513162085739,0.011852094511482392
0.3,1646,353.010756209091,352.95828,352.89554,352.9989,0.05247373838790281,0.11521787901290281,0.011854841903527813
0.3,1647,353.010758955481,352.95828,352.89554,352.9989,0.0524764847778556,0.1152206254028556,0.011857588293480603
0.3,1648,353.010761700874,352.95828,352.8955,352.9989,0.05247923017088851,0.11525388837401351,0.011860333686513513
0.3,1649,353.010764445263,352.95828,352.89554,352.9989,0.052481974559896116,0.11522611518489612,0.011863078075521116
0.3,1650,353.010767188654,352.95828,352.89554,352.9989,0.05248471795084697,0.11522885857584697,0.01186582146647197
0.3,1651,353.010769931044,352.95828,352.89557,352.9989,0.052487460340898906,0.1152010833877739,0.011868563856523906
0.3,1652,353.010772672439,352.95828,352.89554,352.9989,0.05249020173584995,0.11523434236084995,0.01187130525147495
0.3,1653,353.010775412832,352.95828,352.89554,352.9989,0.052492942128878894,0.1152370827538789,0.011874045644503894
0.3,1654,353.010778152227,352.95828,352.89557,352.9989,0.05249568152385109,0.11520930457072609,0.01187678503947609
0.3,1655,353.01078089062,352.95828,352.89554,352.9989,0.052498419916901184,0.11524256054190118,0.011879523432526184
0.3,1656,353.010783628016,352.95828,352.89554,352.9989,0.05250115731286087,0.11524529793786087,0.011882260828485869
0.3,1657,353.010786364419,352.95828,352.89557,352.9989,0.05250389371587971,0.11521751676275471,0.011884997231504713
0.3,1658,353.010789099824,352.95828,352.89554,352.9989,0.05250662912089865,0.11525076974589865,0.011887732636523651
0.3,1659,353.010791834234,352.95828,352.89557,352.9989,0.05250936353087354,0.11522298657774854,0.011890467046498543
0.3,1660,353.010794567649,352.95828,352.89557,352.9989,0.05251209694586123,0.11522571999273623,0.01189320046148623
0.3,1661,353.010797300068,352.95828,352.89554,352.9989,0.05251482936489538,0.11525896998989538,0.011895932880520377
0.3,1662,353.01080003149,352.95828,352.89554,352.9989,0.052517560786895956,0.11526170141189596,0.011898664302520956
0.3,1663,353.010802761917,352.95828,352.89554,352.9989,0.05252029121385249,0.11526443183885249,0.011901394729477488
0.3,1664,353.010805491348,352.95828,352.89554,352.9989,0.05252302064485548,0.11526716126985548,0.011904124160480478
0.3,1665,353.010808219784,352.95828,352.89554,352.9989,0.052525749080871265,0.11526988970587126,0.011906852596496265
0.3,1666,353.010810947227,352.95828,352.89554,352.9989,0.05252847652388937,0.11527261714888937,0.011909580039514367
0.3,1667,353.010813673678,352.95828,352.89557,352.9989,0.05253120297487612,0.11524482602175112,0.011912306490501123
0.3,1668,353.010816399132,352.95828,352.89557,352.9989,0.052533928428886156,0.11524755147576116,0.011915031944511156
0.3,1669,353.010819123595,352.95828,352.89557,352.9989,0.052536652891888025,0.11525027593876302,0.011917756407513025
0.3,1670,353.010821847067,352.95828,352.89557,352.9989,0.05253937636388173,0.11525299941075673,0.011920479879506729
0.3,1671,353.010824569546,352.95828,352.89557,352.9989,0.05254209884287775,0.11525572188975275,0.011923202358502749
0.3,1672,353.010827291032,352.95828,352.89557,352.9989,0.052544820328876085,0.11525844337575109,0.011925923844501085
0.3,1673,353.010830011525,352.95828,352.89554,352.9989,0.05254754082187674,0.11529168144687674,0.011928644337501737
0.3,1674,353.010832731029,352.95828,352.8956,352.9989,0.052550260325858744,0.11523336579460874,0.011931363841483744
0.3,1675,353.010835449541,352.95828,352.89557,352.9989,0.05255297883786625,0.11526660188474125,0.011934082353491249
0.3,1676,353.010838167067,352.95828,352.89557,352.9989,0.05255569636386781,0.11526931941074281,0.01193679987949281
0.3,1677,353.010840883597,352.95828,352.89557,352.9989,0.052558412893858986,0.11527203594073399,0.011939516409483986
0.3,1678,353.010843599135,352.95828,352.8956,352.9989,0.05256112843187566,0.11524423390062566,0.011942231947500659
0.3,1679,353.01084631369,352.95828,352.8956,352.9989,0.05256384298689909,0.11524694845564909,0.01194494650252409
0.3,1680,353.010849027255,352.95828,352.89557,352.9989,0.052566556551880694,0.1152801795987557,0.011947660067505694
0.3,1681,353.010851739829,352.95828,352.8956,352.9989,0.052569269125854134,0.11525237459460413,0.011950372641479134
0.3,1682,353.010854451412,352.95828,352.8956,352.9989,0.052571980708876254,0.11525508617762625,0.011953084224501254
0.3,1683,353.010857162009,352.95828,352.89554,352.9989,0.05257469130589243,0.11531883193089243,0.01195579482151743
0.3,1684,353.010859871623,352.95828,352.8956,352.9989,0.05257740091985852,0.11526050638860852,0.011958504435483519
0.3,1685,353.01086258025,352.95828,352.8956,352.9989,0.05258010954685233,0.11526321501560233,0.011961213062477327
0.3,1686,353.010865287884,352.95828,352.89557,352.9989,0.05258281718084845,0.11529644022772345,0.011963920696473451
0.3,1687,353.010867994534,352.95828,352.8956,352.9989,0.052585523830884995,0.115268629299635,0.011966627346509995
0.3,1688,353.0108707002,352.95828,352.8956,352.9989,0.05258822949684827,0.11527133496559827,0.011969333012473271
0.3,1689,353.010873404881,352.95828,352.8956,352.9989,0.05259093417788563,0.11527403964663563,0.011972037693510629
0.3,1690,353.010876108575,352.95828,352.89557,352.9989,0.05259363787189386,0.11530726091876886,0.011974741387518861
0.3,1691,353.010878811286,352.95828,352.89563,352.9989,0.05259634058285201,0.11524892847347701,0.011977444098477008
0.3,1692,353.010881513011,352.95828,352.89563,352.9989,0.052599042307861055,0.11525163019848605,0.011980145823486055
0.3,1693,353.010884213755,352.95828,352.8956,352.9989,0.05260174305186638,0.11528484852061638,0.011982846567491379
0.3,1694,353.010886913506,352.95828,352.89563,352.9989,0.05260444280287402,0.11525703069349902,0.011985546318499019
0.3,1695,353.010889612279,352.95828,352.89563,352.9989,0.05260714157589064,0.11525972946651564,0.011988245091515637
0.3,1696,353.010892310068,352.95828,352.89563,352.9989,0.05260983936489083,0.11526242725551583,0.011990942880515831
0.3,1697,353.010895006875,352.95828,352.89557,352.9989,0.05261253617186412,0.11532615921873912,0.011993639687489122
0.3,1698,353.010897702698,352.95828,352.89557,352.9989,0.05261523199487783,0.11532885504175283,0.011996335510502831
0.3,1699,353.01090039754,352.95828,352.89557,352.9989,0.05261792683688782,0.11533154988376282,0.011999030352512818
0.3,1700,353.010903091399,352.95828,352.8956,352.9989,0.05262062069584772,0.11530372616459772,0.01200172421147272
0.3,1701,353.010905784282,352.95828,352.89563,352.9989,0.05262331357886296,0.11527590146948796,0.012004417094487962
0.3,1702,353.010908476181,352.95828,352.8956,352.9989,0.05262600547786178,0.11530911094661178,0.012007108993486781
0.3,1703,353.0109111671,352.95828,352.89563,352.9989,0.05262869639688006,0.11528128428750506,0.01200979991250506
0.3,1704,353.010913857038,352.95828,352.89566,352.9989,0.052631386334894614,0.11525345664739461,0.012012489850519614
0.3,1705,353.010916545996,352.95828,352.89563,352.9989,0.052634075292871785,0.11528666318349678,0.012015178808496785
0.3,1706,353.010919233975,352.95828,352.8956,352.9989,0.052636763271891596,0.1153198687406416,0.012017866787516596
0.3,1707,353.010921920975,352.95828,352.89563,352.9989,0.052639450271897203,0.1152920381625222,0.012020553787522203
0.3,1708,353.010924606994,352.95828,352.89563,352.9989,0.05264213629089909,0.11529472418152409,0.012023239806524089
0.3,1709,353.010927292031,352.95828,352.8956,352.9989,0.05264482132787407,0.11532792679662407,0.01202592484349907
0.3,1710,353.010929976095,352.95828,352.89563,352.9989,0.05264750539186025,0.11530009328248525,0.01202860890748525
0.3,1711,353.010932659178,352.95828,352.89563,352.9989,0.05265018847489955,0.11530277636552455,0.01203129199052455
0.3,1712,353.010935341284,352.95828,352.8956,352.9989,0.052652870580857325,0.11533597604960732,0.012033974096482325
0.3,1713,353.010938022413,352.95828,352.8956,352.9989,0.05265555170984726,0.11533865717859726,0.01203665522547226
0.3,1714,353.010940702568,352.95828,352.8956,352.9989,0.052658231864882055,0.11534133733363205,0.012039335380507055
0.3,1715,353.01094338175,352.95828,352.8956,352.9989,0.052660911046871206,0.1153440165156212,0.012042014562496206
0.3,1716,353.010946059949,352.95828,352.89557,352.9989,0.052663589245867115,0.11537721229274212,0.012044692761492115
0.3,1717,353.010948737178,352.95828,352.8956,352.9989,0.052666266474886925,0.11534937194363692,0.012047369990511925
0.3,1718,353.01095141343,352.95828,352.89563,352.9989,0.05266894272688205,0.11532153061750705,0.012050046242507051
0.3,1719,353.010954088706,352.95828,352.89563,352.9989,0.052671618002875675,0.11532420589350068,0.012052721518500675
0.3,1720,353.010956763007,352.95828,352.8956,352.9989,0.05267429230389098,0.11535739777264098,0.01205539581951598
0.3,1721,353.010959436337,352.95828,352.8956,352.9989,0.05267696563385016,0.11536007110260016,0.012058069149475159
0.3,1722,353.010962108687,352.95828,352.89563,352.9989,0.05267963798388564,0.11533222587451064,0.012060741499510641
0.3,1723,353.010964780066,352.95828,352.8956,352.9989,0.052682309362865,0.115365414831615,0.012063412878489999
0.3,1724,353.010967450472,352.95828,352.89563,352.9989,0.052684979768855555,0.11533756765948056,0.012066083284480555
0.3,1725,353.010970119902,352.95828,352.8956,352.9989,0.052687649198901454,0.11537075466765145,0.012068752714526454
0.3,1726,353.010972788361,352.95828,352.89563,352.9989,0.05269031765789123,0.11534290554851623,0.012071421173516228
0.3,1727,353.010975455851,352.95828,352.8956,352.9989,0.05269298514787124,0.11537609061662124,0.01207408866349624
0.3,1728,353.010978122367,352.95828,352.89563,352.9989,0.052695651663896115,0.11534823955452111,0.012076755179521115
0.3,1729,353.010980787909,352.95828,352.89563,352.9989,0.05269831720585216,0.11535090509647716,0.012079420721477163
0.3,1730,353.010983452482,352.95828,352.8956,352.9989,0.052700981778855294,0.1153840872476053,0.012082085294480294
0.3,1731,353.010986116085,352.95828,352.89557,352.9989,0.052703645381882325,0.11541726842875732,0.012084748897507325
0.3,1732,353.010988778719,352.95828,352.8956,352.9989,0.052706308015899594,0.1153894134846496,0.012087411531524594
0.3,1733,353.010991440384,352.95828,352.8956,352.9989,0.05270896968085026,0.11539207514960026,0.01209007319647526
0.3,1734,353.010994101075,352.95828,352.8956,352.9989,0.05271163037190263,0.11539473584065263,0.012092733887527629
0.3,1735,353.010996760795,352.95828,352.8956,352.9989,0.052714290091898874,0.11539739556064887,0.012095393607523874
0.3,1736,353.010999419551,352.95828,352.8956,352.9989,0.05271694884788758,0.11540005431663758,0.01209805236351258
0.3,1737,353.011002077339,352.95828,352.89557,352.9989,0.052719606635889704,0.1154332296827647,0.012100710151514704
0.3,1738,353.011004734154,352.95828,352.89554,352.9989,0.05272226345090303,0.11546640407590303,0.012103366966528029
0.3,1739,353.011007390001,352.95828,352.8956,352.9989,0.05272491929787293,0.11540802476662293,0.01210602281349793
0.3,1740,353.011010044885,352.95828,352.89557,352.9989,0.05272757418185847,0.11544119722873347,0.012108677697483472
0.3,1741,353.0110126988,352.95828,352.8956,352.9989,0.052730228096891096,0.1154133335656411,0.012111331612516096
0.3,1742,353.011015351747,352.95828,352.89557,352.9989,0.0527328810438803,0.1154465040907553,0.012113984559505298
0.3,1743,353.011018003728,352.95828,352.8956,352.9989,0.05273553302487244,0.11541863849362244,0.012116636540497439
0.3,1744,353.011020654744,352.95828,352.89557,352.9989,0.0527381840408907,0.1154518070877657,0.012119287556515701
0.3,1745,353.011023304792,352.95828,352.89554,352.9989,0.05274083408886554,0.11548497471386554,0.01212193760449054
0.3,1746,353.01102595388,352.95828,352.89554,352.9989,0.05274348317686872,0.11548762380186872,0.012124586692493722
0.3,1747,353.011028601999,352.95828,352.89554,352.9989,0.05274613129586214,0.11549027192086214,0.012127234811487142
0.3,1748,353.011031249151,352.95828,352.89557,352.9989,0.052748778447892164,0.11546240149476716,0.012129881963517164
0.3,1749,353.01103389534,352.95828,352.89557,352.9989,0.052751424636880984,0.11546504768375598,0.012132528152505984
0.3,1750,353.01103654056,352.95828,352.89557,352.9989,0.05275406985686004,0.11546769290373504,0.012135173372485042
0.3,1751,353.011039184822,352.95828,352.8956,352.9989,0.05275671411885696,0.11543981958760696,0.012137817634481962
0.3,1752,353.011041828121,352.95828,352.89557,352.9989,0.052759357417869523,0.11547298046474452,0.012140460933494523
0.3,1753,353.011044470454,352.95828,352.89557,352.9989,0.052761999750885025,0.11547562279776002,0.012143103266510025
0.3,1754,353.011047111828,352.95828,352.89557,352.9989,0.052764641124895206,0.1154782641717702,0.012145744640520206
0.3,1755,353.011049752242,352.95828,352.89557,352.9989,0.05276728153887689,0.11548090458575189,0.012148385054501887
0.3,1756,353.01105239169,352.95828,352.89557,352.9989,0.05276992098686151,0.11548354403373651,0.012151024502486507
0.3,1757,353.011055030176,352.95828,352.8956,352.9989,0.05277255947288495,0.11545566494163495,0.01215366298850995
0.3,1758,353.011057667702,352.95828,352.8956,352.9989,0.05277519699887989,0.11545830246762989,0.012156300514504892
0.3,1759,353.011060304267,352.95828,352.89554,352.9989,0.052777833563879994,0.11552197418888,0.012158937079504994
0.3,1760,353.011062939871,352.95828,352.89557,352.9989,0.05278046916788526,0.11549409221476026,0.012161572683510258
0.3,1761,353.011065574514,352.95828,352.8956,352.9989,0.05278310381089568,0.11546620927964568,0.012164207326520682
0.3,1762,353.011068208199,352.95828,352.8956,352.9989,0.052785737495867124,0.11546884296461712,0.012166841011492124
0.3,1763,353.011070840924,352.95828,352.8956,352.9989,0.05278837022086691,0.11547147568961691,0.01216947373649191
0.3,1764,353.011073472691,352.95828,352.8956,352.9989,0.052791001987884556,0.11547410745663456,0.012172105503509556
0.3,1765,353.0110761035,352.95828,352.8956,352.9989,0.05279363279686322,0.11547673826561322,0.012174736312488221
0.3,1766,353.011078733346,352.95828,352.8956,352.9989,0.05279626264285753,0.11547936811160753,0.012177366158482528
0.3,1767,353.011081362235,352.95828,352.8956,352.9989,0.05279889153189288,0.11548199700064288,0.012179995047517878
0.3,1768,353.011083990169,352.95828,352.89563,352.9989,0.05280151946590195,0.11545410735652695,0.012182622981526947
0.3,1769,353.011086617144,352.95828,352.8956,352.9989,0.052804146440848854,0.11548725190959885,0.012185249956473854
0.3,1770,353.011089243166,352.95828,352.8956,352.9989,0.052806772462872686,0.11548987793162269,0.012187875978497686
0.3,1771,353.011091868227,352.95828,352.89557,352.9989,0.05280939752390168,0.11552302057077668,0.01219050103952668
0.3,1772,353.011094492329,352.95828,352.89557,352.9989,0.05281202162586851,0.11552564467274351,0.01219312514149351
0.3,1773,353.011097115481,352.95828,352.8956,352.9989,0.052814644777868125,0.11549775024661812,0.012195748293493125
0.3,1774,353.011099737678,352.95828,352.8956,352.9989,0.0528172669748983,0.1155003724436483,0.012198370490523303
0.3,1775,353.011102358916,352.95828,352.89563,352.9989,0.05281988821286632,0.11547247610349132,0.012200991728491317
0.3,1776,353.011104979198,352.95828,352.89563,352.9989,0.05282250849489856,0.11547509638552356,0.012203612010523557
0.3,1777,353.011107598525,352.95828,352.89563,352.9989,0.05282512782184767,0.11547771571247267,0.012206231337472673
0.3,1778,353.0111102169,352.95828,352.89566,352.9989,0.052827746196896896,0.1154498165093969,0.012208849712521896
0.3,1779,353.01111283432,352.95828,352.89563,352.9989,0.052830363616862996,0.115482951507488,0.012211467132487996
0.3,1780,353.011115450784,352.95828,352.8956,352.9989,0.05283298008089332,0.11551608554964332,0.012214083596518321
0.3,1781,353.011118066296,352.95828,352.8956,352.9989,0.052835595592853224,0.11551870106160322,0.012216699108478224
0.3,1782,353.011120680857,352.95828,352.8956,352.9989,0.05283821015387957,0.11552131562262957,0.012219313669504572
0.3,1783,353.011123294464,352.95828,352.89563,352.9989,0.05284082376090282,0.11549341165152782,0.012221927276527822
0.3,1784,353.01112590712,352.95828,352.89563,352.9989,0.05284343641687883,0.11549602430750383,0.01222453993250383
0.3,1785,353.011128518823,352.95828,352.89563,352.9989,0.05284604811987492,0.11549863601049992,0.012227151635499922
0.3,1786,353.011131129577,352.95828,352.89563,352.9989,0.052848658873870136,0.11550124676449514,0.012229762389495136
0.3,1787,353.011133739375,352.95828,352.89563,352.9989,0.05285126867187273,0.11550385656249773,0.012232372187497731
0.3,1788,353.011136348227,352.95828,352.89566,352.9989,0.05285387752388715,0.11547594783638715,0.01223498103951215
0.3,1789,353.011138956126,352.95828,352.89566,352.9989,0.05285648542286481,0.11547855573536481,0.012237588938489807
0.3,1790,353.011141563074,352.95828,352.89563,352.9989,0.05285909237085207,0.11551168026147707,0.012240195886477068
0.3,1791,353.011144169077,352.95828,352.89563,352.9989,0.05286169837387433,0.11551428626449933,0.012242801889499333
0.3,1792,353.01114677413,352.95828,352.89566,352.9989,0.05286430342687254,0.11548637373937254,0.012245406942497539
0.3,1793,353.011149378232,352.95828,352.89563,352.9989,0.05286690752888035,0.11551949541950535,0.012248011044505347
0.3,1794,353.011151981384,352.95828,352.89563,352.9989,0.052869510680864096,0.1155220985714891,0.012250614196489096
0.3,1795,353.011154583593,352.95828,352.89566,352.9989,0.05287211288987237,0.11549418320237237,0.012253216405497369
0.3,1796,353.011157184851,352.95828,352.89566,352.9989,0.052874714147890245,0.11549678446039024,0.012255817663515245
0.3,1797,353.011159785158,352.95828,352.89563,352.9989,0.05287731445486088,0.11552990234548588,0.01225841797048588
0.3,1798,353.011162384519,352.95828,352.89566,352.9989,0.05287991381590018,0.11550198412840018,0.012261017331525181
0.3,1799,353.011164982936,352.95828,352.89563,352.9989,0.05288251223288398,0.11553510012350898,0.012263615748508983
0.4,0,413.338899525464,412.49454,414.49234,413.21948,0.8443621719483758,1.1534405624266242,0.11941710358900082
0.4,1,413.339006838994,412.49448,414.49286,413.2195,0.8445305206346347,1.1538520477247403,0.11949389954088474
0.4,2,413.339114203918,412.49316,414.49182,413.21964,0.8459501414179726,1.1527070851445274,0.11947919415234765
0.4,3,413.33922134425,412.49316,414.49036,413.21964,0.8460572817500065,1.1511351010624935,0.1195863344843815
0.4,4,413.339328809506,412.49316,414.48944,413.2196,0.8461647470060143,1.1501121084627357,0.1197243173185143
0.4,5,413.339436323928,412.4932,414.4899,413.2196,0.8462417438498733,1.1504623577126267,0.11983183174049827
0.4,6,413.339543741587,412.4932,414.4915,413.21964,0.8463491615088969,1.151941854116103,0.11990873182139694
0.4,7,413.339650788615,412.49316,414.49326,413.21967,0.8464867261150175,1.1536048266193575,0.11998526127126752
0.4,8,413.339758029067,412.49316,414.49426,413.21967,0.8465939665670135,1.1545046662454865,0.12009250172326347
0.4,9,413.339865198386,412.4932,414.49402,413.21967,0.8466706183078827,1.1541533563014923,0.1201996710422577
0.4,10,413.339972468149,412.4932,414.49347,413.21967,0.8467778880709034,1.1534967701322216,0.12030694080527837
0.4,11,413.340079944239,412.49316,414.49277,413.21967,0.8469158817389939,1.152687389745381,0.1204144168952439
0.4,12,413.340187202729,412.49316,414.4935,413.21967,0.8470231402289983,1.1533125531303767,0.12052167538524827
0.4,13,413.340294401257,412.4932,414.4951,413.2197,0.8470998211788583,1.1547922686648917,0.12059835633510829
0.4,14,413.340401626098,412.4932,414.49655,413.21973,0.8472070460198893,1.1561498875738607,0.12067506359801428
0.4,15,413.340508784808,412.49323,414.49692,413.21973,0.8472836871517302,1.1564089398013948,0.12078222230798019
0.4,16,413.340615756396,412.4932,414.49576,413.2197,0.84742117631788,1.15514230024462,0.12091971147413005
0.4,17,413.34072268575,412.49323,414.49454,413.21967,0.847497588093745,1.15381466776563,0.12105715840624498
0.4,18,413.340829683083,412.49316,414.49326,413.21967,0.8476656205829727,1.1524259321514023,0.12116415573922268
0.4,19,413.34093676969,412.4932,414.4927,413.21967,0.8477421896118926,1.1517695291381074,0.12127124234626763
0.4,20,413.341043834411,412.49316,414.4931,413.21967,0.8478797719109821,1.152059192932768,0.12137830706723207
0.4,21,413.341150684837,412.49316,414.49326,413.21967,0.8479866223369754,1.1521049303973996,0.12148515749322542
0.4,22,413.341257722545,412.4932,414.49252,413.21967,0.8480631424668559,1.1512654708143941,0.12159219520123088
0.4,23,413.341364727755,412.4932,414.49103,413.21964,0.8481701476768535,1.1496631042762715,0.1217297179893535
0.4,24,413.341471493227,412.49316,414.49005,413.2196,0.8483074307270044,1.1485797763042456,0.12186700103950443
0.4,25,413.341578228491,412.49316,414.48816,413.2196,0.8484141659910165,1.1465809511964835,0.12197373630351649
0.4,26,413.341685083268,412.49417,414.4874,413.21948,0.8475139406898506,1.1457111569663994,0.12220266139297564
0.4,27,413.341791939922,412.49445,414.48788,413.21945,0.8473461391407682,1.1460925815623568,0.12234003562514317
0.4,28,413.341898711751,412.49365,414.48868,413.21954,0.8482463680010142,1.1467792667646108,0.12235525471976416
0.4,29,413.342005474649,412.4936,414.48914,413.21954,0.8484141660552496,1.1471302675385004,0.12246201761774955
0.4,30,413.342112174449,412.49295,414.48877,413.21964,0.8491617349959029,1.1466573568009721,0.12247716468340286
0.4,31,413.342219016961,412.49335,414.48843,413.21957,0.8488718489922462,1.1462148209296288,0.12264504235162121
0.4,32,413.342325491905,412.49292,414.48813,413.21964,0.849405570030001,1.145803170204374,0.12269048213937594
0.4,33,413.342432254423,412.49335,414.48822,413.21957,0.8490850864542381,1.145787960420762,0.12285827981361308
0.4,34,413.34253904508,412.49335,414.489,413.2196,0.8491918771112523,1.1464746267949977,0.12293455289250232
0.4,35,413.342645703146,412.4929,414.48996,413.21967,0.8497562988491154,1.1473140136508846,0.12298017580224041
0.4,36,413.342752305806,412.4929,414.4902,413.21967,0.849862901509141,1.147451551615859,0.12308677846226601
0.4,37,413.342859050863,412.4929,414.4898,413.21967,0.8499696465661373,1.1469480780432377,0.12319352351926227
0.4,38,413.342965662632,412.49338,414.48932,413.2196,0.8495879770851502,1.1463531850242248,0.12336117044452521
0.4,39,413.34307202548,412.4934,414.4891,413.21957,0.8496638223550121,1.1460331991293629,0.12349805087063714
0.4,40,413.343178565453,412.49356,414.48953,413.21957,0.8496177744373767,1.1463539052501233,0.12360459084362674
0.4,41,413.343285097108,412.49408,414.4911,413.21954,0.8492055072642302,1.1478037700795198,0.12374164007673016
0.4,42,413.3433915066,412.4943,414.49335,413.21954,0.8490982937094032,1.1499556613687218,0.12384804956877815
0.4,43,413.343497898297,412.49432,414.4951,413.21954,0.8491741678282665,1.1515887716248585,0.12395444126576649
0.4,44,413.343604357957,412.4945,414.49588,413.21954,0.8490975220195196,1.1522757689961054,0.1240609009257696
0.4,45,413.343710614094,412.49423,414.4953,413.21957,0.8494784363596182,1.1515896788747568,0.12413663948461817
0.4,46,413.343816757361,412.49518,414.49417,413.21945,0.8486385347047758,1.1503543852170992,0.1243648530641508
0.4,47,413.343923202849,412.49548,414.49347,413.2194,0.8484398044114982,1.1495460354322518,0.12453233370837324
0.4,48,413.344029560296,412.4954,414.49396,413.21942,0.8486377145928827,1.1499279592352423,0.12460817357725773
0.4,49,413.34413588906,412.4954,414.49548,413.21942,0.8487440433568736,1.1513475093775014,0.12471450234124859
0.4,50,413.344241748944,412.4954,414.49738,413.21945,0.8488499032408754,1.1531337393372496,0.12478984464712539
0.4,51,413.344347888969,412.49548,414.49832,413.21948,0.8488644905315255,1.1539736442340995,0.12486546709402546
0.4,52,413.344453949278,412.49536,414.4981,413.21948,0.8490926211529768,1.1536539608782732,0.12497152740297679
0.4,53,413.344560093146,412.49594,414.4974,413.2194,0.8486189310366399,1.1528459127133601,0.12516922400538988
0.4,54,413.344666454635,412.49542,414.49673,413.21945,0.8492440913537393,1.1520681645056357,0.12521455033811435
0.4,55,413.344772631266,412.4956,414.49734,413.21942,0.8491671625159825,1.1525723394371425,0.12535124454723245
0.4,56,413.344878675945,412.4945,414.49893,413.2196,0.8503718400074831,1.1540532088206419,0.12527418375748312
0.4,57,413.344984799756,412.4951,414.5004,413.21954,0.8498981298341164,1.1554119287596336,0.1254413427247414
0.4,58,413.345090820015,412.49454,414.50104,413.2196,0.8505534664993775,1.1559467776412475,0.12548632782750246
0.4,59,413.345196958977,412.49374,414.5004,413.2197,0.8514530624926238,1.1551997695386262,0.12550091405512376
0.4,60,413.345302836293,412.49423,414.4993,413.21964,0.8510706585586263,1.1539952594101237,0.1256678265273763
0.4,61,413.345408646503,412.49405,414.49844,413.21964,0.8513595742373923,1.1530349570126077,0.12577363673739228
0.4,62,413.345514621077,412.49445,414.49796,413.21957,0.8510688202957226,1.1524407011886524,0.12594064646759762
0.4,63,413.345620572116,412.49396,414.4983,413.21964,0.8516630525847404,1.1526704435090096,0.1259855623503654
0.4,64,413.345726368897,412.49393,414.49823,413.21964,0.851799366943851,1.152503611571774,0.12609135913135106
0.4,65,413.345832298065,412.49445,414.49753,413.21957,0.8513864972837268,1.1516957781068982,0.12625832345560184
0.4,66,413.345938195445,412.49396,414.49576,413.2196,0.8519806759137509,1.149819861195624,0.12633370325750093
0.4,67,413.346043752017,412.4947,414.49402,413.21948,0.8513538106107603,1.1479748026704897,0.12656133014201032
0.4,68,413.346149384941,412.49432,414.49243,413.2195,0.8518256544722362,1.1462822556840138,0.12663644548786124
0.4,69,413.346255136981,412.49475,414.49185,413.21945,0.8515041604184717,1.1455966696596533,0.12680323268409666
0.4,70,413.346360891141,412.49472,414.49222,413.21948,0.8516404321566142,1.1458571264371358,0.12687846926598922
0.4,71,413.346466561093,412.49323,414.49292,413.21967,0.8532414634367456,1.1464533607820044,0.12680103374924556
0.4,72,413.346572217978,412.49298,414.4932,413.2197,0.8535912609467573,1.1466223621001177,0.1268761730561323
0.4,73,413.346677817108,412.49225,414.4927,413.21976,0.8544292819517523,1.1460284817201227,0.12692073702987727
0.4,74,413.346783558197,412.49274,414.49237,413.2197,0.8540467417907394,1.1455870472717606,0.12708751327511436
0.4,75,413.34688893357,412.4932,414.49188,413.21964,0.8536943534919033,1.1449933906487217,0.12725392380440326
0.4,76,413.346994597086,412.4932,414.4917,413.21964,0.8538000170078703,1.1447046216640047,0.12735958732037034
0.4,77,413.347100273947,412.49316,414.49234,413.21967,0.8539362114469782,1.1452398139436468,0.12743474660322818
0.4,78,413.347205834517,412.49316,414.49326,413.21967,0.8540417720170126,1.1460497807173624,0.1275403071732626
0.4,79,413.347311340449,412.4932,414.49387,413.21967,0.8541167603708573,1.1465546263478927,0.12764581310523226
0.4,80,413.347416989459,412.4932,414.49402,413.21967,0.8542224093808954,1.1466015652284796,0.12775146211527044
0.4,81,413.347522505469,412.49323,414.49423,413.21967,0.8542974078127372,1.1467096722653878,0.12785697812523722
0.4,82,413.347627773418,412.49316,414.49472,413.2197,0.8544637109180258,1.1470926855663492,0.12793172849615075
0.4,83,413.347733219019,412.49316,414.4958,413.2197,0.8545691565190054,1.1480553551997446,0.12803717409713045
0.4,84,413.347838656918,412.49347,414.49783,413.2197,0.8543694186367361,1.149994595035139,0.1281426119961111
0.4,85,413.347943973131,412.49292,414.49994,413.2198,0.8550240512560094,1.1519949917127406,0.12815637547475944
0.4,86,413.348049272126,412.49344,414.5015,413.21976,0.8546105514228657,1.1534460892021343,0.12829219204786568
0.4,87,413.348154640002,412.49292,414.5019,413.21982,0.8552347181270079,1.153737449841742,0.1283365247676329
0.4,88,413.348259804858,412.4932,414.5008,413.2198,0.855065224779878,1.152533652173247,0.128472207201753
0.4,89,413.348364854451,412.49268,414.49924,413.21982,0.8556890732010061,1.150872206095869,0.12854673921663107
0.4,90,413.34847020913,412.49292,414.49838,413.21976,0.8555502872550278,1.1499123592293472,0.1287131290519028
0.4,91,413.348575476456,412.49234,414.4988,413.21985,0.8562353885653806,1.1502343379971194,0.12872684364350562
0.4,92,413.348680715456,412.4932,414.50055,413.21976,0.8554861353778733,1.1518686009502517,0.12892363537787332
0.4,93,413.348785500301,412.4932,414.50244,413.2198,0.8555909202228804,1.1536559059489946,0.1289979026447554
0.4,94,413.348890552465,412.49316,414.50345,413.21982,0.8557264899649795,1.1545579338631455,0.12907243723060446
0.4,95,413.348995523554,412.4932,414.5034,413.21982,0.855800943475856,1.154391927617894,0.129177408319606
0.4,96,413.349100580368,412.4932,414.50238,413.2198,0.8559060002898491,1.153279790725776,0.1293129827117241
0.4,97,413.349205855711,412.49442,414.50174,413.21964,0.8547905725078522,1.1525336462421478,0.12957084594535218
0.4,98,413.349310945212,412.49414,414.50253,413.21967,0.8551703202119825,1.1532220137723925,0.12964541786823247
0.4,99,413.349415900697,412.49442,414.50455,413.21967,0.8550006174938858,1.1551312184436142,0.12975037335326078
0.4,100,413.349520935411,412.49442,414.50668,413.2197,0.8551056522078966,1.1571624141983534,0.12982489048914658
0.4,101,413.349625887932,412.4942,414.5077,413.21976,0.8554242277757567,1.1580645417554933,0.12986880785388166
0.4,102,413.349730668848,412.49338,414.50717,413.21985,0.8563529833011216,1.1574409620113784,0.12988203603549664
0.4,103,413.34983540612,412.49338,414.50632,413.21982,0.8564577205731325,1.1564817325518675,0.13001729088563252
0.4,104,413.349940220079,412.49292,414.5053,413.21985,0.85702029820402,1.15536983851473,0.13009158726652004
0.4,105,413.350045113693,412.49335,414.5047,413.21982,0.8566979457242496,1.1546545933382504,0.13022699845862462
0.4,106,413.350149981223,412.49338,414.5046,413.2198,0.8567722956761372,1.1544581730738628,0.13036238356676222
0.4,107,413.350254688321,412.4932,414.50443,413.21982,0.8570601082428766,1.1541703605071234,0.1304365730866266
0.4,108,413.350359535882,412.49405,414.50336,413.2197,0.856310463616353,1.152997397711772,0.130663490960103
0.4,109,413.350464351232,412.4938,414.50192,413.21973,0.8566594195913808,1.1514582561898692,0.1307377887320058
0.4,110,413.350568927528,412.49237,414.5007,413.21985,0.858198322059252,1.150132976768873,0.13072029471550195
0.4,111,413.350673474342,412.4929,414.49973,413.2198,0.8577840700451134,1.1490518674548866,0.13088587668573837
0.4,112,413.350778143951,412.49335,414.49957,413.21973,0.857430975982254,1.148794609955246,0.13105158145100404
0.4,113,413.350882783754,412.49335,414.50037,413.21976,0.8575356157852525,1.1494834271834975,0.1311257036758775
0.4,114,413.350987348801,412.49292,414.50143,413.21982,0.8580674269260271,1.150446977370848,0.1311692335666521
0.4,115,413.351091941051,412.49362,414.50165,413.21973,0.8574701148791064,1.1505560081677686,0.1313653785509814
0.4,116,413.351196449793,412.49374,414.50128,413.21973,0.857452553308633,1.150085288488242,0.13146988729300801
0.4,117,413.351301157581,412.49518,414.50076,413.21954,0.8561229349247697,1.1494617818721053,0.13175770054976965
0.4,118,413.351405473532,412.49548,414.50012,413.21948,0.8559220750944974,1.1487165967805026,0.13192305165699736
0.4,119,413.351509934455,412.4954,414.49945,413.21948,0.8561180887518844,1.1479407491387406,0.13202751258000944
0.4,120,413.351614452417,412.4954,414.49988,413.21948,0.8562226067138567,1.1482634772705183,0.13213203054198175
0.4,121,413.351718895466,412.4954,414.50043,413.2195,0.8563270497628537,1.1487083506277713,0.13220595601285368
0.4,122,413.351823284356,412.49548,414.5008,413.21948,0.8563398859184872,1.1489701726752628,0.1323408624809872
0.4,123,413.351927800022,412.49533,414.5008,413.2195,0.856596989475122,1.148865657009253,0.13241486056887197
0.4,124,413.352032217305,412.49518,414.50095,413.21954,0.856853994648759,1.148913827616866,0.132488760273759
0.4,125,413.352136398467,412.49533,414.5013,413.2195,0.8568055879201211,1.149175857392379,0.13262345901387107
0.4,126,413.35224074325,412.4953,414.50223,413.21954,0.856940450281229,1.149987039953146,0.132697286218729
0.4,127,413.352345097119,412.4947,414.50418,413.21964,0.8576551557127345,1.1518358110841405,0.13271008735335954
0.4,128,413.352449330875,412.49493,414.50632,413.21964,0.8575152488437539,1.1538678077968711,0.13281432110937885
0.4,129,413.352553566674,412.49442,414.50784,413.21973,0.8581382834708506,1.1552894509041494,0.13282700417397564
0.4,130,413.352657846868,412.49393,414.50827,413.2198,0.8587308449148736,1.1556124168038764,0.13287024921174861
0.4,131,413.352761925456,412.49393,414.5072,413.2198,0.8588349235028545,1.1544402229815205,0.1329743277997295
0.4,132,413.352865891391,412.49445,414.50583,413.2197,0.8584200906097408,1.1529629660308842,0.13316984646911578
0.4,133,413.352970152264,412.49466,414.5049,413.21967,0.8583107284358675,1.1519431778141325,0.13330462492024253
0.4,134,413.353074344027,412.49393,414.5054,413.21976,0.859147342073868,1.152327267301132,0.133317263948868
0.4,135,413.353178497522,412.49393,414.50702,413.21976,0.8592514955688557,1.1538405454467693,0.13342141744385572
0.4,136,413.353282193512,412.49445,414.50885,413.21973,0.8588363927307228,1.1555679041442772,0.13355563101197276
0.4,137,413.353386162899,412.49515,414.50995,413.21967,0.858238457820903,1.156562567569722,0.13372063555527802
0.4,138,413.353490037067,412.4938,414.50977,413.21982,0.8596851054263652,1.1562755879330098,0.13367192183261523
0.4,139,413.353594023545,412.4943,414.50922,413.21976,0.8593008106543607,1.1556222850487643,0.1338369434668607
0.4,140,413.35369829174,412.49478,414.5089,413.2197,0.8589167975993632,1.1552128410725118,0.13400224681811324
0.4,141,413.353802296858,412.4943,414.50983,413.21976,0.8595090839673958,1.1560243632982292,0.13404521677989578
0.4,142,413.353906203139,412.49374,414.51163,413.21985,0.8601623066546153,1.1577209941266347,0.13405757032649035
0.4,143,413.354010300045,412.49307,414.51352,413.21997,0.8609377902793653,1.1595089870643847,0.13403959691999034
0.4,144,413.354114213319,412.4916,414.51434,413.22015,0.8625065473033828,1.1602290483997422,0.13396040472525783
0.4,145,413.354217893481,412.4921,414.5136,413.22006,0.8621219462153817,1.1593929463627433,0.13415563762163174
0.4,146,413.354321522723,412.4916,414.5125,413.22012,0.8627138567073871,1.158190684308238,0.1341982317073871
0.4,147,413.354425243171,412.49225,414.5113,413.22003,0.862176708014772,1.156866260735228,0.13439350488977198
0.4,148,413.354529065838,412.49155,414.5105,413.2201,0.862982434978619,1.155968981037006,0.13443629240049404
0.4,149,413.354632794227,412.49155,414.51022,413.2201,0.8630861633675977,1.1555905944449023,0.1345400207894727
0.4,150,413.354736367114,412.49155,414.5107,413.2201,0.8631897362546397,1.1559753028078603,0.13464359367651468
0.4,151,413.354840018151,412.49207,414.50943,413.22003,0.8627745884634805,1.1545899134896445,0.13480827986973054
0.4,152,413.354943767936,412.4918,414.50702,413.22003,0.8631529964516176,1.1520752750327574,0.13491202965474258
0.4,153,413.355047120219,412.49225,414.50494,413.21994,0.8627985850627624,1.1498967274372376,0.1351069346721374
0.4,154,413.355150500167,412.49176,414.50287,413.21997,0.8633902462607352,1.1477181521767648,0.13517979704198524
0.4,155,413.355254136938,412.4923,414.50195,413.21988,0.8629445666255151,1.146698988061985,0.1353749865473901
0.4,156,413.355357684043,412.49158,414.50214,413.21997,0.8637805356054855,1.1467785464257645,0.1353869809179855
0.4,157,413.355461247877,412.49164,414.50262,413.21997,0.8638230642832241,1.147163263841776,0.13549054475197408
0.4,158,413.355564754551,412.49216,414.5026,413.2199,0.8634077721291078,1.1470292395896422,0.1356550865822328
0.4,159,413.355668173093,412.49216,414.50214,413.2199,0.8635111906711472,1.1464680573757278,0.13575850512427223
0.4,160,413.355771790552,412.4921,414.50177,413.2199,0.8636758432863871,1.1459982289792379,0.13586212258326213
0.4,161,413.355875021732,412.49158,414.50146,413.21997,0.8642978732945039,1.145589822017996,0.13590431860700392
0.4,162,413.355978371429,412.49207,414.50116,413.2199,0.8639129417414892,1.1451812965397608,0.13606870346023925
0.4,163,413.356081796523,412.49207,414.5016,413.2199,0.8640163668354717,1.1455051175395283,0.13617212855422167
0.4,164,413.356185147127,412.49158,414.50223,413.21997,0.8646079986895074,1.1460426360761176,0.13621444400200744
0.4,165,413.356288452368,412.4914,414.50253,413.22,0.8648944093992554,1.1462445066163696,0.13628723166488044
0.4,166,413.356391871337,412.49237,414.5023,413.21988,0.8640212658682458,1.1458969470223792,0.1365127209463708
0.4,167,413.356495196178,412.49167,414.5014,413.21997,0.8648264950061275,1.1449086124157475,0.13652449305300252
0.4,168,413.356598286877,412.49176,414.50082,413.21994,0.8648380329707379,1.144225687732387,0.1366581013301129
0.4,169,413.356701539461,412.49295,414.5011,413.2198,0.863751100007903,1.144397093351472,0.136913941804778
0.4,170,413.356804845916,412.4922,414.5024,413.2199,0.8646173459159741,1.145606042755901,0.13689517794722406
0.4,171,413.356908005556,412.49332,414.5043,413.2198,0.8635913551653971,1.147394972959603,0.1371204078997721
0.4,172,413.357011417711,412.4918,414.50586,413.22,0.8652206462266463,1.1488479572889787,0.1370101970078963
0.4,173,413.357114610692,412.4918,414.5064,413.22,0.8653238392076332,1.1492940807142418,0.13711338998888323
0.4,174,413.357217633412,412.49222,414.5059,413.21997,0.8649996158338809,1.1486722591661191,0.13724693028700585
0.4,175,413.357320553332,412.4918,414.50513,413.22,0.8655297818476129,1.1478063997930121,0.13731933262886287
0.4,176,413.3574236668,412.49197,414.50494,413.21997,0.8654497898468776,1.1475201808562474,0.1374529636750026
0.4,177,413.357526765888,412.49216,414.50632,413.21997,0.8653697834661216,1.1487903727838784,0.1375560627629966
0.4,178,413.357629836187,412.49173,414.50885,413.22006,0.8659000998588908,1.1512202614692342,0.13756758032764083
0.4,179,413.357732556133,412.49228,414.5114,413.22003,0.8654535033986122,1.1536810180857628,0.13770081785173716
0.4,180,413.357835453513,412.49176,414.51303,413.2201,0.8660751996067688,1.1551955523463562,0.13774268007551882
0.4,181,413.357938209485,412.49228,414.51352,413.22006,0.8656591567506098,1.1555810776243902,0.13787595362560978
0.4,182,413.358041062215,412.4919,414.5136,413.2201,0.8661282204181475,1.1555697776287275,0.13794828877752252
0.4,183,413.358144098622,412.4919,414.5136,413.2201,0.8662312568251309,1.155466741221744,0.1380513251845059
0.4,184,413.358247006848,412.49213,414.515,413.2201,0.8661205420042393,1.1567676415895107,0.13815423341048927
0.4,185,413.358349787312,412.49225,414.5171,413.2201,0.8661012521557723,1.1587400564379777,0.13825701387452227
0.4,186,413.358452641769,412.49292,414.51926,413.22006,0.8655327198940199,1.160803950027855,0.13839038590964492
0.4,187,413.35855541526,412.49307,414.52014,413.22006,0.8654829054943889,1.1615861863024861,0.1384931594006389
0.4,188,413.358658295642,412.4954,414.5196,413.2198,0.8632664499388625,1.1609339895142625,0.13887069798573748
0.4,189,413.358760988652,412.49548,414.51855,413.21976,0.8632775902145227,1.1597936988479773,0.13900390857389766
0.4,190,413.358863493489,412.4954,414.51743,413.21973,0.8634716477859001,1.1585620436203499,0.13913693098902513
0.4,191,413.358966201174,412.4954,414.51685,413.21973,0.8635743554708597,1.1578795019510153,0.1392396386739847
0.4,192,413.35906888374,412.4954,414.51694,413.21973,0.863677038036883,1.157868372119367,0.139342321240008
0.4,193,413.359171359225,412.49548,414.51666,413.21973,0.8636879607875017,1.1574912384312483,0.13944479672500165
0.4,194,413.359274022904,412.49536,414.51556,413.21973,0.8639126947790032,1.1562899419397468,0.13954746040400323
0.4,195,413.359376695564,412.49542,414.51328,413.21967,0.8639543322827308,1.1538984509203942,0.13971116822023077
0.4,196,413.359478993439,412.49548,414.5111,413.21964,0.8639955950014837,1.1516294049985163,0.1398439836733587
0.4,197,413.359581295946,412.49545,414.50916,413.2196,0.8641284150866113,1.1495739774915137,0.1399768037584863
0.4,198,413.359683852634,412.49484,414.50827,413.21967,0.8648413233371457,1.1485864110378543,0.1400183252902707
0.4,199,413.359786312731,412.4951,414.50864,413.21967,0.8646996428091143,1.1488501618783857,0.14012078538723927
0.4,200,413.359888801266,412.494,414.50934,413.2198,0.8659007641566063,1.1494495776402687,0.14010120360973133
0.4,201,413.359991224469,412.49448,414.5093,413.21973,0.8655149061096381,1.149316636859112,0.1402646619690131
0.4,202,413.360093583447,412.49445,414.50864,413.21973,0.8656477826657465,1.1485428911623785,0.1403670209469965
0.4,203,413.360196105457,412.494,414.50784,413.2198,0.8662080683476461,1.147646912121104,0.14040850780077108
0.4,204,413.360298253805,412.494,414.5065,413.21976,0.8663102166956378,1.1462019903356122,0.1405411737268878
0.4,205,413.360400529705,412.49448,414.50558,413.2197,0.8659242113456003,1.1451841870918997,0.14070448478310027
0.4,206,413.360502902802,412.49448,414.50568,413.2197,0.8660265844426362,1.1451733667292388,0.14080685788013625
0.4,207,413.360605180149,412.49396,414.50632,413.21976,0.8666476606177298,1.1457119585228952,0.1408481000708548
0.4,208,413.360707381235,412.49442,414.5069,413.21973,0.8662920980318631,1.1461895914212619,0.14098081873498813
0.4,209,413.360809764392,412.49442,414.50684,413.21973,0.8663944811888769,1.1460261731079981,0.14108320189200185
0.4,210,413.360911992638,412.4939,414.5069,413.2198,0.8670155082630231,1.145984980018227,0.1411243949817731
0.4,211,413.36101397717,412.49442,414.507,413.21973,0.8665986939668642,1.1459745482206358,0.14128741466998918
0.4,212,413.361116221923,412.4939,414.50763,413.2198,0.8672197375479982,1.1465131726082518,0.1413286242667482
0.4,213,413.361218454083,412.49377,414.50922,413.21982,0.867444040020473,1.147997854510777,0.14140033884859804
0.4,214,413.361320554329,412.49295,414.5109,413.21994,0.8683701148758587,1.1495742210616413,0.1413803687821087
0.4,215,413.361422885151,412.49155,414.5125,413.22012,0.8698762542916256,1.1510893218802494,0.14129959413537563
0.4,216,413.361525007107,412.49207,414.51297,413.22006,0.8694595774194909,1.1514449635961341,0.14146275124761587
0.4,217,413.3616268695,412.49155,414.51227,413.22012,0.8700802386406394,1.1506411969062356,0.14150357848438944
0.4,218,413.361728628995,412.49176,414.51147,413.2201,0.8699683750887743,1.1497459803799757,0.14163585555752434
0.4,219,413.361830733076,412.49228,414.51123,413.22003,0.8695516803416012,1.1493997356740238,0.14179899479472624
0.4,220,413.361932750204,412.49228,414.5122,413.22003,0.8696536974696301,1.150274281045995,0.14190101192275506
0.4,221,413.362034760156,412.49176,414.51447,413.22012,0.870274506249757,1.152430571875243,0.141911469140382
0.4,222,413.36213642046,412.49228,414.51685,413.2201,0.869857367725615,1.15470928266501,0.14204364702248995
0.4,223,413.362238255532,412.4918,414.5184,413.22018,0.870447484047645,1.156163844077355,0.14205392936014505
0.4,224,413.362339949013,412.49246,414.51877,413.2201,0.8698777908098805,1.1564283615338695,0.14224717557550548
0.4,225,413.362441741307,412.4918,414.51883,413.22018,0.8706509698226341,1.1563876043961159,0.14225741513513412
0.4,226,413.362543714801,412.4918,414.519,413.22018,0.8707529433166314,1.1564687363708686,0.14235938862913144
0.4,227,413.362645564139,412.49228,414.52036,413.22015,0.8703665114045975,1.1577096604704025,0.14249175554522253
0.4,228,413.362747284429,412.4923,414.52246,413.22018,0.8704377141165196,1.1597136530709804,0.1425629582571446
0.4,229,413.3628490801,412.49243,414.52435,413.22018,0.8704174394749771,1.161503947243773,0.14266475392810207
0.4,230,413.36295079414,412.492,414.5251,413.22025,0.8709463996087266,1.1621346550787734,0.14270543281185155
0.4,231,413.36305261702,412.492,414.5242,413.22025,0.8710482224887528,1.1611478224331222,0.1428072556918778
0.4,232,413.363154253444,412.4924,414.52313,413.22018,0.8707531303971336,1.1599780707747414,0.14296992727213365
0.4,233,413.363255696702,412.49188,414.5215,413.2202,0.8713733724832764,1.1582591958760986,0.1430408529520264
0.4,234,413.363357348391,412.49255,414.52097,413.22012,0.8708036374534913,1.1576082277808837,0.14323405737536632
0.4,235,413.36345895362,412.49207,414.52106,413.22018,0.871393523932511,1.157598175286239,0.14327462744813602
0.4,236,413.363560371954,412.4914,414.52087,413.22028,0.8721663289852586,1.1573136514834914,0.1432844930477586
0.4,237,413.363661976651,412.4914,414.52005,413.22025,0.8722679336822239,1.1563880721771511,0.14341661532284888
0.4,238,413.363763557538,412.49182,414.51746,413.22015,0.8719422684754932,1.1536924971495068,0.14360974894424317
0.4,239,413.363864814813,412.49274,414.5156,413.22003,0.8711279984067346,1.1517296676088904,0.1438330765317346
0.4,240,413.363966103143,412.4927,414.51407,413.22,0.8712598043148887,1.1501025003726113,0.1439648824398887
0.4,241,413.364067592308,412.49228,414.5135,413.22006,0.8717885395736289,1.149421177223246,0.1440053364486289
0.4,242,413.364169011116,412.49228,414.5139,413.22006,0.8718899583816437,1.1497164869308563,0.14410675525664374
0.4,243,413.364270392414,412.49295,414.5144,413.21997,0.8713199529609028,1.1501339044609722,0.1442996892890278
0.4,244,413.364371768518,412.49228,414.51434,413.22006,0.8720927157836513,1.1499714932007237,0.14430951265865133
0.4,245,413.36447307433,412.49268,414.51352,413.22,0.8717972930800215,1.1490462127793535,0.14447185362689652
0.4,246,413.364574551577,412.49237,414.5126,413.22003,0.8722039461082431,1.1480292081886319,0.14454281329574314
0.4,247,413.364675639804,412.49237,414.51108,413.22,0.872305034335227,1.146402241055398,0.144674419100852
0.4,248,413.364777112751,412.4924,414.51,413.22,0.8723759897041532,1.1452326528739718,0.1447758920479032
0.4,249,413.36487843441,412.4935,414.5099,413.21985,0.8713786785506272,1.1450092609024978,0.14502980159750223
0.4,250,413.364979656438,412.49237,414.51047,413.22,0.8726090509692312,1.1454878728588938,0.14497843573485625
0.4,251,413.365080813078,412.49225,414.51096,413.22003,0.8728322779217592,1.1458749974688658,0.14504907479675921
0.4,252,413.365182142494,412.49268,414.51132,413.21997,0.8725063612440067,1.1461398789903683,0.1452114393690067
0.4,253,413.365283320348,412.4918,414.5116,413.2201,0.8734925488636236,1.1463133593395014,0.1451905469104986
0.4,254,413.365384255244,412.49225,414.51205,413.22003,0.8731357200877596,1.1466701881153654,0.14535251696275964
0.4,255,413.36548542912,412.49167,414.5131,413.22012,0.8738167279481104,1.1476066118956396,0.14536213810436038
0.4,256,413.365586587352,412.49213,414.5147,413.2201,0.873460122508277,1.149122885304223,0.14549381391452698
0.4,257,413.365687631528,412.49258,414.5168,413.22006,0.873103403012351,1.151127554018899,0.145625375668601
0.4,258,413.365788630769,412.49246,414.51828,413.2201,0.87332647256585,1.1524913985279,0.14569585733147505
0.4,259,413.365889700071,412.4954,414.5188,413.21976,0.8704978543678976,1.1529091280539774,0.14613261999289762
0.4,260,413.365990568363,412.49548,414.51794,413.21973,0.8705071699254745,1.1519537675745255,0.1462640058629745
0.4,261,413.366091322454,412.4954,414.51706,413.21973,0.8706994767508718,1.1509680037178782,0.14636475995399678
0.4,262,413.366192382613,412.4954,414.51657,413.21973,0.8708005369098828,1.1503786623088672,0.1464658201130078
0.4,263,413.366293355625,412.4954,414.51776,413.21976,0.8709015099218504,1.1514678748437746,0.14653627554685045
0.4,264,413.366394301176,412.49548,414.5198,413.21976,0.8709109027385011,1.1534116070271239,0.14663722109787614
0.4,265,413.36649479385,412.49533,414.52216,413.21982,0.87116398330312,1.155660967868755,0.14667667861561995
0.4,266,413.366595553883,412.4952,414.52377,413.21985,0.8713868136485985,1.1571776394764015,0.1467469210704735
0.4,267,413.366696238761,412.49542,414.52402,413.21982,0.8712738754797442,1.1573210952233808,0.14687812352661922
0.4,268,413.366797004711,412.4952,414.52383,413.21985,0.8715882644765998,1.1570372238046502,0.14694837189847476
0.4,269,413.366897984268,412.49484,414.52396,413.2199,0.8720554549711323,1.1570583145601177,0.14698831629925735
0.4,270,413.366998764961,412.49487,414.52502,413.2199,0.8721257180860107,1.1580256491014893,0.1470890969922607
0.4,271,413.367099434734,412.49445,414.52716,413.22,0.8726536339527229,1.1600612097972771,0.14709821403084788
0.4,272,413.367200184015,412.49377,414.52917,413.2201,0.8734257699525187,1.1619746206724813,0.14710741057751875
0.4,273,413.367300848491,412.49475,414.52994,413.22,0.872549871928527,1.162636895649598,0.14729962778790195
0.4,274,413.367401622637,412.49396,414.52924,413.22006,0.8734441031057258,1.1618342172067742,0.14733936677760084
0.4,275,413.367502448633,412.49475,414.528,413.21997,0.8727514720704903,1.1605126880857597,0.1475317455079903
0.4,276,413.367602950184,412.49475,414.5266,413.21994,0.8728519736214935,1.1590083779410065,0.14766276463711847
0.4,277,413.367703611472,412.49426,414.52603,413.22,0.8734409161594954,1.1583278826686296,0.14770239076887037
0.4,278,413.367804134849,412.49448,414.526,413.21997,0.8733278164896205,1.1581968417135045,0.14783343172399555
0.4,279,413.367904512988,412.49377,414.5258,413.22006,0.874130098925491,1.157882840527634,0.14784225712861598
0.4,280,413.368004975792,412.49457,414.5248,413.21994,0.8734371046982687,1.1568058152236063,0.14806479024514374
0.4,281,413.368105531403,412.49454,414.523,413.2199,0.8735681778873641,1.154904722503261,0.14819586343423907
0.4,282,413.368205713282,412.49454,414.52145,413.2199,0.8736683597663841,1.1532481441398659,0.14829604531325913
0.4,283,413.368305964044,412.49408,414.52008,413.21994,0.8742263742002478,1.1517746023622522,0.14836577849712285
0.4,284,413.36840648342,412.4939,414.51956,413.21994,0.8745099990450171,1.1511552841581079,0.14846629787314214
0.4,285,413.368506822863,412.4933,414.51978,413.22003,0.8752206900505257,1.1512685677619743,0.14847508458177572
0.4,286,413.36860719603,412.4916,414.5203,413.2202,0.8769995300143592,1.1516869934231408,0.14839235227998415
0.4,287,413.368707514868,412.49155,414.5201,413.2202,0.8771608840086174,1.1514035691163826,0.14849267111799236
0.4,288,413.368807747114,412.49203,414.5193,413.22015,0.8767728350046013,1.1504793622610237,0.14865393852022635
0.4,289,413.368908179974,412.49152,414.51828,413.2202,0.8773920666927779,1.149371849322847,0.14869333622402792
0.4,290,413.369008416665,412.49203,414.51675,413.22012,0.8769735045556217,1.1477457337256283,0.14888512564937173
0.4,291,413.369108579707,412.49152,414.51556,413.22015,0.8775924664257673,1.1464553851367327,0.14895477111326727
0.4,292,413.369208819331,412.49155,414.51547,413.22015,0.8776621884716178,1.1462635927783822,0.1490550107372428
0.4,293,413.369308985514,412.4921,414.51562,413.2201,0.8772130382483851,1.1463160144859899,0.14921621207651015
0.4,294,413.369409107942,412.49176,414.51566,413.22015,0.8776488540357263,1.1462464096361487,0.14925529934822634
0.4,295,413.369509345311,412.49228,414.51526,413.2201,0.8772302925765985,1.1457494437515265,0.14941657187347346
0.4,296,413.369609490239,412.49155,414.5152,413.22015,0.8780628593796109,1.145588263667264,0.14945568164523593
0.4,297,413.36970940139,412.49207,414.5155,413.2201,0.8776439717025255,1.1457935282974745,0.1496166279525255
0.4,298,413.369809475468,412.49155,414.51648,413.22018,0.8782628446086278,1.1466700167194972,0.1496251492961278
0.4,299,413.369909604344,412.49203,414.5185,413.22015,0.8778746922346272,1.1485840479997478,0.14975579575025222
0.4,300,413.370009587366,412.4922,414.52072,413.22015,0.8778220873659848,1.1507118481808902,0.14985577877223477
0.4,301,413.37010982386,412.4917,414.52246,413.22025,0.8784106051099911,1.1523511136400089,0.14986446253186614
0.4,302,413.370209841933,412.49237,414.5229,413.22018,0.87783923646424,1.15267834166076,0.150025515761115
0.4,303,413.370309688301,412.49176,414.52197,413.22025,0.8785494343947562,1.1516629679489938,0.1500643269728812
0.4,304,413.370409435088,412.4923,414.52078,413.22015,0.8780998647754927,1.1503730356151323,0.15025562649424273
0.4,305,413.370509376393,412.49158,414.52026,413.2202,0.8789322279554881,1.149754295482012,0.1502945326429881
0.4,306,413.370609304606,412.4922,414.52106,413.22015,0.8784218046059777,1.1504478243002723,0.15045549601222774
0.4,307,413.370709200489,412.49142,414.52298,413.22028,0.8792846399421137,1.1522705358391363,0.1504333215827387
0.4,308,413.370808753883,412.49207,414.52512,413.22025,0.8787433241955114,1.1543072129138636,0.15056339255488638
0.4,309,413.37090847959,412.49182,414.52557,413.22028,0.8790871905275139,1.154665250878736,0.15063260068376394
0.4,310,413.371008111698,412.49246,414.5252,413.22018,0.8785459534948927,1.1541994078332323,0.15082378552614273
0.4,311,413.371107825816,412.49283,414.52466,413.22015,0.8782794566753864,1.1535503773089886,0.15095401722226143
0.4,312,413.371207684635,412.49225,414.52432,413.2202,0.8789591494787601,1.153114825130615,0.15099284088501008
0.4,313,413.371307435312,412.49268,414.52557,413.22018,0.8786316540620192,1.1542662951567308,0.15112310914014415
0.4,314,413.371407073387,412.49228,414.52765,413.22025,0.8791280206526153,1.1562418523942597,0.1511617120588653
0.4,315,413.371506914486,412.4929,414.52966,413.2202,0.8786175101891445,1.1581561714514805,0.15129207073601947
0.4,316,413.371606571362,412.49252,414.5306,413.22028,0.8790833780026333,1.1590025594973667,0.15133069245575825
0.4,317,413.371706003319,412.49252,414.53015,413.22025,0.879182809959616,1.158445363868509,0.15146064199086595
0.4,318,413.371805387895,412.4929,414.52933,413.2202,0.8789159835981195,1.1575220046831305,0.1515905441449945
0.4,319,413.371904861159,412.49252,414.52832,413.2202,0.8793816677996347,1.1564154513409903,0.15169001740900967
0.4,320,413.372004438419,412.4923,414.52792,413.22025,0.879694868106526,1.155919145565349,0.15175907709090097
0.4,321,413.372103918783,412.49228,414.52798,413.22025,0.8798248660486365,1.1558807003576135,0.15185855745488652
0.4,322,413.372203245442,412.4922,414.52795,413.22028,0.8800157454419946,1.1557508561205054,0.15192736653574457
0.4,323,413.372302651711,412.49225,414.52698,413.22025,0.8800541165547315,1.1546748873515185,0.15205729038285654
0.4,324,413.372402157943,412.49225,414.52545,413.2202,0.8801536227867359,1.153049502213264,0.15218731419298592
0.4,325,413.372501267599,412.49225,414.52414,413.2202,0.8802527324427274,1.1516381366978976,0.1522864238489774
0.4,326,413.372600395883,412.49268,414.523,413.22015,0.879924614633012,1.150409858023238,0.15244658728926197
0.4,327,413.372699791477,412.4927,414.523,413.22015,0.8799934926488504,1.1503104624292746,0.1525459828832254
0.4,328,413.372799081219,412.4932,414.5238,413.2201,0.8796045011408751,1.1510046297185,0.15270630778150007
0.4,329,413.372898402619,412.49335,414.5245,413.2201,0.8795512346502505,1.1516072126153745,0.15280562918150054
0.4,330,413.372997713662,412.4954,414.52448,413.21985,0.8776058679588914,1.1514773839942336,0.1531490808495164
0.4,331,413.373096914633,412.49548,414.52368,413.21982,0.8776135161954812,1.1505847259920188,0.15327879939860622
0.4,332,413.373196232502,412.4954,414.52292,413.21982,0.8778043867988572,1.1497224686698928,0.1533781172676072
0.4,333,413.373295415941,412.4954,414.52176,413.2198,0.8779035702378906,1.1484636172621094,0.15350781828476556
0.4,334,413.37339459627,412.4954,414.52103,413.2198,0.87800275056685,1.14763201505815,0.15360699861372495
0.4,335,413.373493833535,412.49548,414.52133,413.2198,0.878010435097508,1.147837953574367,0.15370623587875798
0.4,336,413.373592953869,412.49536,414.52194,413.21982,0.8782316257439788,1.1483491848028962,0.15377483863460384
0.4,337,413.373692006538,412.49545,414.52252,413.21982,0.8782391256786468,1.1488299661182282,0.15387389130364681
0.4,338,413.373791248075,412.49545,414.52222,413.2198,0.8783383672156333,1.1484255487999917,0.1540036504187583
0.4,339,413.373890261835,412.49545,414.52213,413.2198,0.8784373809756403,1.1482349823056097,0.15410266417876528
0.4,340,413.373989353798,412.49484,414.52225,413.21988,0.879146824501106,1.148257960655144,0.15411020340735604
0.4,341,413.374088420899,412.49512,414.52283,413.21985,0.8789712333989996,1.1487387275385004,0.15423978808649963
0.4,342,413.374187692186,412.49396,414.52432,413.22,0.8802301726547626,1.1501348175796124,0.15418647148288755
0.4,343,413.374286615504,412.49442,414.52603,413.21997,0.8798713323008656,1.1517448786366344,0.15431591237899056
0.4,344,413.374385815095,412.49442,414.52744,413.22,0.8799705318918996,1.1530494876393504,0.15438459439189955
0.4,345,413.37448457702,412.49393,414.52786,413.22006,0.8805575750668595,1.1533779718081405,0.1544223211606095
0.4,346,413.374583368638,412.49393,414.52707,413.22003,0.8806563666848888,1.1524857231588612,0.15455163035676378
0.4,347,413.374682071348,412.49445,414.52606,413.21997,0.8802362705667406,1.1513799403707594,0.1547113682229906
0.4,348,413.374780998178,412.49445,414.52554,413.21997,0.8803351973967324,1.1507622147126426,0.15481029505298238
0.4,349,413.374879855911,412.49396,414.52652,413.22003,0.88092233637974,1.151639919479635,0.15484811762974005
0.4,350,413.374978701501,412.49414,414.52853,413.22003,0.8808380765009929,1.1535552340458821,0.15494696321974288
0.4,351,413.375077203866,412.49463,414.5307,413.22003,0.8804482976159989,1.1556234797277511,0.15504546558474885
0.4,352,413.37517588,412.49417,414.53223,413.2201,0.881004737421847,1.157050682500028,0.15508310656247204
0.4,353,413.375274389984,412.4943,414.5324,413.2201,0.8809811770933607,1.1571352779847643,0.15518161654648566
0.4,354,413.375373065429,412.49402,414.53244,413.22012,0.8813545107415166,1.1570671201178584,0.1552497744133916
0.4,355,413.375472033764,412.49353,414.53244,413.22015,0.8819417603265265,1.1569681517828485,0.1553182251702765
0.4,356,413.37557071849,412.493,414.53375,413.22025,0.8825592438806211,1.1581817229162539,0.15532535716187112
0.4,357,413.375669275081,412.49158,414.5358,413.22046,0.8840921266435089,1.160127844059616,0.1552102907060089
0.4,358,413.375767891388,412.4916,414.53772,413.22046,0.8841602253723977,1.1619518351744773,0.1553089070130227
0.4,359,413.375866404343,412.4915,414.5386,413.2205,0.8843808086398894,1.1627383319851106,0.15537690238988944
0.4,360,413.375965017178,412.491,414.53772,413.22055,0.8849677027248504,1.1617547093845246,0.15541448006860037
0.4,361,413.376063723733,412.4915,414.53656,413.22046,0.8845781280298866,1.1604963348607384,0.15560473935801156
0.4,362,413.376162051961,412.49103,414.5353,413.2205,0.8851342199297392,1.1591467859296358,0.15567255000786417
0.4,363,413.376260533898,412.491,414.53467,413.2205,0.8852632194448802,1.1584074348519948,0.15577103194488018
0.4,364,413.376358975303,412.4915,414.5348,413.22046,0.8848733795998669,1.158431063759508,0.1558999909279919
0.4,365,413.376457181769,412.49152,414.53455,413.22043,0.8849410684877625,1.1580887166684875,0.15602871497213755
0.4,366,413.376555663745,412.49103,414.53333,413.22046,0.8855278317137731,1.1567695315674769,0.15609667937002314
0.4,367,413.37665407555,412.4912,414.53104,413.22043,0.8854431380499932,1.1543823014031318,0.1562256087531182
0.4,368,413.376752260419,412.49188,414.52872,413.2203,0.8848699362002321,1.1519647805966429,0.15644586393460713
0.4,369,413.376850461269,412.49225,414.52664,413.22025,0.8846019261127367,1.1497913844341383,0.1566050999408617
0.4,370,413.376948754502,412.49136,414.52563,413.22034,0.8855852291113706,1.1486860111230044,0.1566118404394956
0.4,371,413.377047031063,412.49188,414.5258,413.22028,0.8851647068442503,1.1487403224526247,0.1567711521567503
0.4,372,413.37714526345,412.49213,414.52643,413.22025,0.8850187986062679,1.1492829592062321,0.15689990212189286
0.4,373,413.377243464858,412.49106,414.52603,413.22037,0.8861851152486224,1.1487880292826276,0.15687603321737242
0.4,374,413.377341573438,412.49158,414.52512,413.2203,0.8857644250005023,1.1477743933588727,0.15703517695362734
0.4,375,413.377439849375,412.4911,414.5241,413.22034,0.88635098218748,1.14666903734377,0.15710293531247999
0.4,376,413.377537734822,412.49158,414.5225,413.22028,0.885960586384499,1.144953720256126,0.15726185591574904
0.4,377,413.377635907628,412.49158,414.52124,413.22025,0.8860587591905187,1.1436043267469813,0.15739054629989369
0.4,378,413.37773419874,412.49203,414.521,413.22018,0.8856992866305973,1.1432618950100277,0.15754987256809727
0.4,379,413.377832276672,412.49207,414.52148,413.22018,0.8857668469844953,1.1436520983280047,0.15764795050012026
0.4,380,413.377930329313,412.49292,414.52127,413.2201,0.885010407438017,1.143340422640108,0.15783755587551695
0.4,381,413.378028523503,412.49127,414.52075,413.22028,0.8867565508467692,1.1427234296219808,0.1577526445967692
0.4,382,413.378126541317,412.4916,414.5207,413.22025,0.8865188753013626,1.1425643766517624,0.15788117998886264
0.4,383,413.37822434959,412.4918,414.5211,413.2202,0.8864335781056525,1.1428632968943475,0.1580095058400275
0.4,384,413.378322347344,412.49213,414.52182,413.22018,0.8861958825002603,1.1434977210153647,0.15813802117213527
0.4,385,413.378420339882,412.4917,414.52335,413.22028,0.8867211211319841,1.144925607383641,0.1581444609757341
0.4,386,413.378518211805,412.49268,414.5254,413.22018,0.8858424305549875,1.1468724131950125,0.15833388563311246
0.4,387,413.378616334583,412.4918,414.52695,413.2203,0.8868255630986255,1.1483306869013745,0.15830993809862548
0.4,388,413.378714249493,412.49225,414.5273,413.22025,0.8864657143367367,1.1485989829288883,0.1584688881648617
0.4,389,413.378811970223,412.49234,414.52673,413.2202,0.8864718823323869,1.147921428214488,0.15859712647301194
0.4,390,413.378909530301,412.49213,414.52603,413.22025,0.8867830654572231,1.147121963839652,0.15866416897284807
0.4,391,413.3790074028,412.4922,414.52594,413.22025,0.8868199028000276,1.1469325386062224,0.15876204147190265
0.4,392,413.379105228667,412.4922,414.52744,413.22028,0.8869177286670151,1.1483300740673599,0.15882934976076513
0.4,393,413.37920302976,412.49173,414.53015,413.22034,0.8874732934318672,1.1509483374275078,0.1588661156974922
0.4,394,413.379300493627,412.49323,414.53326,413.2202,0.8860753959707495,1.1539636665292505,0.15908564987699947
0.4,395,413.37939813248,412.49277,414.53546,413.2203,0.8866307984956165,1.1560632933012585,0.15909173599561655
0.4,396,413.379495679854,412.49203,414.5366,413.2204,0.887460767744642,1.157094896317858,0.159097730635267
0.4,397,413.379593309527,412.4918,414.5372,413.22043,0.8878025380426493,1.1576076182073507,0.1591648427301493
0.4,398,413.379691219755,412.49213,414.53796,413.2204,0.8875647549112387,1.1582726474325113,0.15929327053623865
0.4,399,413.37978887173,412.49237,414.5394,413.2204,0.8874182662612498,1.1596093216293752,0.15939092251124976
0.4,400,413.379886437449,412.49176,414.5416,413.22052,0.8881261835427381,1.161709021535387,0.1593664179177381
0.4,401,413.379984039086,412.49484,414.54352,413.22015,0.8851415097891504,1.1635340273202246,0.1598302304922754
0.4,402,413.380081574545,412.49493,414.5441,413.22015,0.8851474925137381,1.1640163258456369,0.15992776595123814
0.4,403,413.380179236504,412.49484,414.5432,413.22015,0.8853367072071023,1.1630336541210227,0.16002542791022734
0.4,404,413.380276926947,412.49484,414.54187,413.22015,0.8854343976501013,1.1615931902405237,0.16012311835322635
0.4,405,413.380374291205,412.49484,414.54022,413.22012,0.885531761908112,1.159847876763763,0.160251000189362
0.4,406,413.38047174756,412.49493,414.5394,413.2201,0.8855376655287728,1.1589264457993522,0.16037897412252278
0.4,407,413.380569183647,412.49533,414.53937,413.22006,0.885238373100151,1.158798492134224,0.16050692778765097
0.4,408,413.380666465291,412.49478,414.5391,413.22012,0.8858849711503467,1.1584265522871533,0.1605431742753467
0.4,409,413.380763891308,412.49533,414.53812,413.22003,0.8854330807611177,1.1573525637701323,0.1607321530267427
0.4,410,413.380861280959,412.49475,414.5364,413.2201,0.8861103043964818,1.1555461897441432,0.16076850752148175
0.4,411,413.38095843863,412.4947,414.53537,413.22006,0.8862684972237389,1.154411434416886,0.1608961827706139
0.4,412,413.381055612004,412.49445,414.53415,413.2201,0.8866098112227405,1.1530935579178845,0.16096283856649052
0.4,413,413.381152861006,412.49335,414.53378,413.2202,0.8878056930372509,1.1526300979783741,0.16093801725600088
0.4,414,413.381250093808,412.49338,414.5344,413.2202,0.8878724082611029,1.153143216738897,0.16103525005797792
0.4,415,413.381347280642,412.49445,414.5354,413.2201,0.8869014798607395,1.1540531099830105,0.16125450720448953
0.4,416,413.381444430202,412.4941,414.53552,413.22015,0.8873343227801342,1.1540780307354908,0.16129062160825924
0.4,417,413.381541529077,412.49393,414.5351,413.22015,0.8876145271239011,1.153553685766724,0.1613877204832761
0.4,418,413.38163877198,412.49393,414.53424,413.22015,0.8877117700268968,1.1526019506762282,0.16148496338627183
0.4,419,413.381735513403,412.4939,414.53333,413.22015,0.8878390290279867,1.1515896819095133,0.16158170480923673
0.4,420,413.381832395494,412.49362,414.53253,413.22015,0.8882105693220979,1.1506993427872771,0.16167858690022285
0.4,421,413.381929591736,412.49454,414.53268,413.22006,0.8873922382204,1.15075473443585,0.16186733587665003
0.4,422,413.382026669467,412.4936,414.53287,413.22015,0.8884353608732454,1.1508407621736296,0.16187286087324537
0.4,423,413.382123687121,412.49414,414.53253,413.2201,0.887983062121009,1.150408051160241,0.16203091368350897
0.4,424,413.382220855114,412.4947,414.53168,413.22003,0.8875309137077352,1.1494563909797648,0.16218911683273518
0.4,425,413.382317806431,412.49286,414.5309,413.2202,0.88945891971224,1.148596500209635,0.16210296268099
0.4,426,413.382414591315,412.4932,414.5305,413.22018,0.8892200112368869,1.1480724692318631,0.16223026514313688
0.4,427,413.382511559713,412.49326,414.53076,413.22018,0.8892559444786343,1.1482501590369907,0.16232723354113432
0.4,428,413.382608518881,412.49103,414.5323,413.22046,0.8915806868497498,1.1496790787752502,0.16214953450599978
0.4,429,413.38270536037,412.49106,414.53406,413.2205,0.8916470107606074,1.1513522568175176,0.16221585841685737
0.4,430,413.382802180634,412.49057,414.53564,413.22058,0.8922321122745984,1.1528423506160266,0.16222112594647342
0.4,431,413.382899074142,412.49036,414.5361,413.22058,0.8925426288295171,1.153203220779858,0.16231801945451707
0.4,432,413.382995764301,412.49112,414.5351,413.2205,0.891876379535347,1.152099450542778,0.16250626234784704
0.4,433,413.383092378346,412.49042,414.5339,413.22055,0.8926748978772707,1.1508126509508543,0.16254184123664572
0.4,434,413.383189262768,412.49112,414.53314,413.22046,0.8920698780023599,1.149952827075765,0.16273027839298493
0.4,435,413.383286060257,412.4906,414.53394,413.22052,0.8926854743194781,1.150649486618022,0.1627660407257281
0.4,436,413.383382830535,412.4911,414.53574,413.22052,0.8922939633475266,1.1523532534493484,0.16286281100377664
0.4,437,413.383479133361,412.49063,414.5378,413.22058,0.8928480298453678,1.1543321459358822,0.16289807867349282
0.4,438,413.383575718102,412.4911,414.53934,413.22055,0.8924868509145085,1.1557614401011165,0.16302518099263352
0.4,439,413.383672229023,412.49045,414.53943,413.22064,0.8932242309761023,1.1557564819145227,0.16303013917922726
0.4,440,413.383768821362,412.49048,414.5394,413.2206,0.8932903057370254,1.1556293719973496,0.1631572490964004
0.4,441,413.383865627106,412.49072,414.53915,413.22058,0.8931429708559904,1.1552884256283846,0.16328457241849037
0.4,442,413.383962254551,412.49097,414.54022,413.22058,0.8929954576760224,1.1562599134177276,0.1633811998635224
0.4,443,413.384058750717,412.4905,414.54202,413.22064,0.8935497175138494,1.1579639543611506,0.16341666087322437
0.4,444,413.384155327511,412.4905,414.54395,413.22067,0.8936462943078709,1.159789984989004,0.1634827200891209
0.4,445,413.384251821064,412.49182,414.54462,413.22055,0.8924305320015264,1.1603648781547236,0.16370128395465144
0.4,446,413.384348144072,412.4909,414.54398,413.22064,0.8934423823532711,1.1596276860061039,0.16370605422827111
0.4,447,413.384444424428,412.49097,414.54272,413.2206,0.8934776275530112,1.1582801849469888,0.1638328521623862
0.4,448,413.384540774778,412.49048,414.54132,413.22064,0.8940622591529745,1.1567800260032755,0.16389868493422455
0.4,449,413.384637215552,412.491,414.54056,413.22058,0.8936399010988794,1.1559206457761206,0.16405616086450436
0.4,450,413.384733629884,412.49094,414.54114,413.22058,0.8937973505871355,1.1564040654284895,0.1641525751965105
0.4,451,413.38482990988,412.49023,414.54044,413.22067,0.8945955348800112,1.1556058811356138,0.1641573024581362
0.4,452,413.384926305891,412.49142,414.539,413.22052,0.8935017453441105,1.1540751589527645,0.16440628635973553
0.4,453,413.385022664973,412.4915,414.5369,413.22046,0.8935370692698825,1.1518730869801175,0.16456368059800752
0.4,454,413.385118676334,412.4915,414.53537,413.22046,0.8936330806308774,1.1502511967128726,0.16465969195900243
0.4,455,413.385214814977,412.4915,414.53406,413.22043,0.8937292192738937,1.1488428022104813,0.1647863481801437
0.4,456,413.385311039983,412.49124,414.53366,413.22046,0.8940695849048552,1.1483498486888948,0.16485205560798022
0.4,457,413.38540723918,412.49094,414.5342,413.2205,0.8944709598831082,1.1488029658981418,0.1649177372268582
0.4,458,413.385503357921,412.49167,414.53488,413.22043,0.8938346567491067,1.1493782338758933,0.16507489112410667
0.4,459,413.385599508419,412.49167,414.53513,413.22043,0.8939308072471022,1.1495262240028978,0.16517104162210217
0.4,460,413.385695600541,412.49106,414.5346,413.2205,0.8946372509316234,1.1489113330527516,0.16520609858787338
0.4,461,413.385791859703,412.49167,414.53418,413.2204,0.8941231585311016,1.1483878277970234,0.16539391048422658
0.4,462,413.38588773277,412.49155,414.5336,413.22043,0.8943411019106406,1.1477121207456094,0.16545926597314065
0.4,463,413.385983741053,412.49136,414.5333,413.22043,0.8946202156623713,1.1473109366813787,0.16555527425612127
0.4,464,413.386079847965,412.49158,414.53397,413.22043,0.894502699527493,1.147886216488132,0.16565138116811795
0.4,465,413.386175857301,412.49133,414.5347,413.22046,0.8948428494884979,1.148522629027127,0.1657168729259979
0.4,466,413.386271803104,412.49152,414.5352,413.22046,0.8947556898227731,1.148914964474102,0.1658128187290231
0.4,467,413.386367883693,412.49155,414.53516,413.22043,0.8948212528336512,1.1487883663069738,0.16593941689615122
0.4,468,413.386463890761,412.4911,414.53546,413.2205,0.8953750235734788,1.1489975350202712,0.16597438880785376
0.4,469,413.386559668357,412.4911,414.5358,413.22052,0.8954708011694947,1.1492374507836303,0.16603964882574473
0.4,470,413.38665563076,412.4918,414.53677,413.22043,0.8948648592756285,1.1501180508806215,0.16622716396312853
0.4,471,413.38675159858,412.4921,414.53845,413.22043,0.8946556513143946,1.1517005498574804,0.16632313178314462
0.4,472,413.38684740606,412.49423,414.54053,413.2202,0.8926152283256101,1.1536799376900149,0.16663256230998513
0.4,473,413.386943204792,412.49432,414.54205,413.2202,0.8926194743232259,1.1551100178642741,0.16672836104197586
0.4,474,413.387039064225,412.49423,414.54272,413.2202,0.8928068864906322,1.1556855451499928,0.16682422047500722
0.4,475,413.387134726091,412.49423,414.5419,413.2202,0.8929025483566306,1.1547659086746194,0.16691988234100563
0.4,476,413.387230225922,412.49423,414.54056,413.2202,0.8929980481876214,1.1533276354061286,0.1670153821719964
0.4,477,413.387326074655,412.49432,414.53973,413.22018,0.8930023441862431,1.1524078120637569,0.16714174848311814
0.4,478,413.387421837375,412.4942,414.54044,413.2202,0.8932201772187227,1.1530139536406523,0.1672069936249727
0.4,479,413.387517573466,412.49405,414.5423,413.22025,0.8934685012004024,1.1547797898152226,0.16727221213790244
0.4,480,413.387612976903,412.49463,414.5444,413.2202,0.8929840706529717,1.1567900992689033,0.1673981331529717
0.4,481,413.387708548839,412.4943,414.54556,413.22028,0.8934153359483616,1.1578541953016384,0.16743266993273664
0.4,482,413.387804033084,412.49368,414.5455,413.22034,0.8941211717558986,1.1576976759003514,0.16746711902152356
0.4,483,413.387899598826,412.49393,414.54526,413.2203,0.8939725968728567,1.1573579695333933,0.16759320234160668
0.4,484,413.387995457199,412.49362,414.54498,413.22034,0.894373631027122,1.156987452957253,0.16765854313649697
0.4,485,413.388091047532,412.49335,414.546,413.22037,0.8947438795632365,1.1578989427023885,0.16772361589136153
0.4,486,413.388186549424,412.49277,414.54797,413.22046,0.895419215439631,1.159787083388494,0.167727565049006
0.4,487,413.388282086494,412.49194,414.54987,413.22058,0.8963387271189731,1.161583636162277,0.1677010318064731
0.4,488,413.388377557065,412.49332,414.551,413.22046,0.8950609066743596,1.1626173159818904,0.16791857268998456
0.4,489,413.388473122699,412.4926,414.5503,413.22052,0.895858376605247,1.161819846051003,0.16795310316774703
0.4,490,413.388568502894,412.4931,414.54926,413.22046,0.8954654755502247,1.1606868681997753,0.1681095185189747
0.4,491,413.388663816484,412.4926,414.54813,413.2205,0.8960490703902337,1.1594624042191413,0.16817431453085874
0.4,492,413.388759214697,412.49338,414.54733,413.2204,0.8953815291501428,1.1585735489748572,0.1683612654782678
0.4,493,413.38885454852,412.4934,414.54718,413.2204,0.895446345394987,1.158325627261263,0.16845659930123702
0.4,494,413.388949761229,412.49316,414.54666,413.2204,0.8957856987290143,1.1577116157241107,0.16855181201026426
0.4,495,413.389045114771,412.49338,414.54517,413.22037,0.8956674292241473,1.1561209008539777,0.16867768313039733
0.4,496,413.389140478287,412.4928,414.5429,413.2204,0.896342626724504,1.153767236556746,0.16874252906825404
0.4,497,413.389235470252,412.49274,414.54065,413.22037,0.8964986538457538,1.1514139438104962,0.16886803861137878
0.4,498,413.389330466603,412.4929,414.53882,413.22034,0.8964410623061099,1.1494878927720151,0.16899355254048487
0.4,499,413.389425704545,412.49054,414.53778,413.22058,0.8988861537637263,1.1483550571737737,0.16884464985747627
0.4,500,413.389520864919,412.49103,414.53793,413.22055,0.8984930328877567,1.1484124846903683,0.16897032780963173
0.4,501,413.38961602671,412.49045,414.53848,413.2206,0.8991680286630981,1.148866639305652,0.16900445444434808
0.4,502,413.389711191613,412.4909,414.53864,413.22058,0.8988054298942529,1.148924062293247,0.16913013692550294
0.4,503,413.389806247898,412.4909,414.53802,413.22055,0.8989004861792296,1.1482186544457704,0.16925571078860457
0.4,504,413.38990147889,412.4904,414.53748,413.2206,0.8995145159993854,1.1475741070474896,0.16928990662438537
0.4,505,413.389996325405,412.49088,414.53656,413.22055,0.8991210812643544,1.1465637331887706,0.16944578829560442
0.4,506,413.390091312026,412.491,414.53592,413.22052,0.8990939975728907,1.1458278774271093,0.16957129249476566
0.4,507,413.390186399074,412.4904,414.5361,413.22058,0.8997994361834003,1.1459158958478497,0.1696053443865253
0.4,508,413.390281361667,412.49088,414.5368,413.22055,0.8994061175263823,1.1465228375517427,0.16973082455763233
0.4,509,413.390376287879,412.49042,414.5372,413.2206,0.8999588074102576,1.1468246398553674,0.16976471561338258
0.4,510,413.390471375634,412.4906,414.53708,413.22058,0.8998707896964788,1.1466074817878962,0.16989032094647882
0.4,511,413.390566241466,412.4911,414.53714,413.22052,0.8994773742784901,1.146573651112135,0.17004622193474006
0.4,512,413.390661180016,412.49127,414.53726,413.22052,0.8993892073597749,1.1466007828746,0.1701411604847749
0.4,513,413.390756164586,412.49075,414.5378,413.22058,0.9000029907578551,1.147055114710895,0.17017510989848006
0.4,514,413.390851278337,412.49075,414.5392,413.22058,0.9000981045088565,1.1483638095536435,0.17027022364948152
0.4,515,413.390946094251,412.49097,414.54083,413.22058,0.8999792973759781,1.1498864252802719,0.17036503956347815
0.4,516,413.3910411517,412.49045,414.54227,413.22067,0.9005931536531193,1.1512256940031307,0.17036854427811932
0.4,517,413.391135826726,412.49048,414.54272,413.22067,0.9006573111009857,1.1515887826490143,0.17046321930411068
0.4,518,413.391230499463,412.49097,414.5421,413.2206,0.9002637025880063,1.1508837583494937,0.17061892719738125
0.4,519,413.391325077545,412.49097,414.5412,413.22058,0.900358280669991,1.149873652923759,0.17074402285749102
0.4,520,413.391419882907,412.491,414.54086,413.22058,0.9004225684538483,1.1494431542024017,0.17083882821947327
0.4,521,413.39151462773,412.49045,414.54202,413.22067,0.9010666296831005,1.1505080773481495,0.17084202030810047
0.4,522,413.391609357854,412.4905,414.54346,413.22067,0.9011003246508835,1.1518476733959915,0.17093675043213352
0.4,523,413.391703775953,412.49045,414.54526,413.2207,0.9012557779061012,1.1535537924063988,0.17100065095297623
0.4,524,413.391798228733,412.4904,414.54642,413.22073,0.9014112658423983,1.1546190075951017,0.17106458615489828
0.4,525,413.391892694482,412.4908,414.54684,413.2207,0.901078485497635,1.154951787939865,0.17118956948201003
0.4,526,413.391987274267,412.49057,414.5466,413.2207,0.9014172059076486,1.1546130675298514,0.17128414926702362
0.4,527,413.392082089689,412.4912,414.5467,413.22064,0.9008711521889836,1.1546098048422664,0.17143999984523361
0.4,528,413.392176651874,412.49112,414.5478,413.22067,0.9010572671083992,1.1556138754697258,0.17150404445214917
0.4,529,413.392271101913,412.4907,414.54993,413.22076,0.9015789632411497,1.1576556558994753,0.17150694175677472
0.4,530,413.392365614538,412.49136,414.55194,413.2207,0.9010020891473687,1.1595753034307563,0.17166248953799368
0.4,531,413.392460063026,412.4907,414.5529,413.2208,0.9017679243541465,1.1604268998646035,0.17166538529164654
0.4,532,413.39255457389,412.4907,414.55252,413.2208,0.9018624352181064,1.1599661780631436,0.17175989615560638
0.4,533,413.392648945074,412.49084,414.55164,413.22076,0.9018042185114723,1.1589867971135277,0.1718847849177223
0.4,534,413.392743176762,412.49075,414.55066,413.22076,0.9019900029338714,1.1579160029255036,0.17197901660574644
0.4,535,413.392837569034,412.4911,414.5504,413.2207,0.9017487018464863,1.1575774700285137,0.17213444403398626
0.4,536,413.392931942197,412.49152,414.55066,413.22064,0.9014158289157308,1.1577272374905192,0.1722898523532308
0.4,537,413.39302618534,412.49152,414.5509,413.22067,0.901510072058727,1.157877134972523,0.17235357791810202
0.4,538,413.393120533309,412.49112,414.55008,413.2207,0.902001148543377,1.156958812394123,0.17241740830900198
0.4,539,413.393214902593,412.49155,414.54852,413.22064,0.9016682717336266,1.1553080466257484,0.17257281274925163
0.4,540,413.393308895052,412.49136,414.54724,413.22064,0.9019453696613482,1.1539323158855268,0.1726668052082232
0.4,541,413.393402906832,412.49176,414.546,413.22058,0.9016426529257728,1.1525870834023522,0.17282185214452284
0.4,542,413.393497149033,412.4919,414.54575,413.22055,0.9015843072361349,1.152248700576365,0.17294661192363492
0.4,543,413.393591320462,412.49435,414.54636,413.22028,0.8992370724151328,1.1527648807098672,0.17331544155575784
0.4,544,413.393685458386,412.49432,414.54706,413.22028,0.8993617279172668,1.1533726470827332,0.17340957947976676
0.4,545,413.393779592652,412.49423,414.54715,413.22028,0.8995474149176061,1.1533700655511439,0.17350371374573115
0.4,546,413.393873662821,412.49423,414.5467,413.22028,0.8996414850866472,1.1528182317102278,0.1735977839147722
0.4,547,413.393967910704,412.49423,414.5458,413.22028,0.8997357329696456,1.1518389740616044,0.1736920317977706
0.4,548,413.39406176634,412.49432,414.54425,413.22025,0.8997380358712235,1.1501887219412765,0.17381640501184847
0.4,549,413.394155756782,412.49417,414.54315,413.22025,0.8999846142039019,1.1489960986867231,0.17391039545390186
0.4,550,413.394249846713,412.49414,414.543,413.22025,0.9001092217130235,1.1487494208651015,0.17400448538489854
0.4,551,413.394343843137,412.49417,414.5433,413.22025,0.9001727005588691,1.148960600222381,0.1740984818088691
0.4,552,413.394437747746,412.49405,414.54327,413.22025,0.9003886754803716,1.1488361780352534,0.1741923864178716
0.4,553,413.394531854156,412.49368,414.54294,413.2203,0.9008489928278891,1.148406378265861,0.1742254576716391
0.4,554,413.394625842555,412.49393,414.54285,413.22028,0.9006988406018763,1.1482208371324987,0.17434996364875133
0.4,555,413.394719551529,412.49356,414.5428,413.2203,0.9011587605133968,1.1480660930022282,0.17441315504464683
0.4,556,413.394813527582,412.49304,414.54337,413.22037,0.9017715353945164,1.1485519509336086,0.17444609594139138
0.4,557,413.39490746177,412.4935,414.54495,413.22034,0.9014077059106285,1.1500449308081215,0.17457054770750347
0.4,558,413.395001297683,412.49377,414.54672,413.22034,0.9012268836204953,1.1517211144263797,0.1746643836204953
0.4,559,413.395095077961,412.4938,414.5482,413.22037,0.9012901463203775,1.1530921778983725,0.17472764632037752
0.4,560,413.395188927425,412.49377,414.5483,413.22037,0.9014145133625107,1.1531203987468643,0.17482149578438566
0.4,561,413.395282597494,412.4938,414.54724,413.22034,0.9014776658533492,1.1519586134435258,0.1749456834314742
0.4,562,413.395376034254,412.49377,414.54605,413.22034,0.9016016201915136,1.1506749911366114,0.17503912019151358
0.4,563,413.395469909765,412.4938,414.54538,413.2203,0.9016649781243586,1.1499097289068914,0.17516351328060864
0.4,564,413.39556372738,412.4938,414.54617,413.22034,0.9017587957393971,1.150609368323103,0.1752268133175221
0.4,565,413.395657437024,412.49408,414.5484,413.22034,0.9015778471802491,1.1527434418822509,0.17532052296149914
0.4,566,413.395750806801,412.49435,414.55087,413.22034,0.9013965587541293,1.1551219959333707,0.17541389273850427
0.4,567,413.395844378529,412.49393,414.55252,413.2204,0.9019173765758524,1.1566763734241476,0.17544642931022736
0.4,568,413.395937866908,412.49368,414.55295,413.22043,0.9022550055798888,1.1570101311388612,0.1755094001111388
0.4,569,413.396031453977,412.49258,414.55325,413.22058,0.9034472254613775,1.1572217198511225,0.17545039928950246
0.4,570,413.396125243307,412.491,414.55338,413.22076,0.9051279288538581,1.157250000833642,0.17536108315073307
0.4,571,413.396218864841,412.4915,414.5547,413.2207,0.9047332691378642,1.1584686351590108,0.17551573984098923
0.4,572,413.396312328532,412.4915,414.5568,413.22076,0.9048267328288944,1.1604808843586056,0.17554816837576936
0.4,573,413.396405866087,412.49103,414.55856,413.22083,0.9053780340557296,1.1621573663348954,0.17558067077447959
0.4,574,413.396499307235,412.49173,414.55923,413.22076,0.9047695709068648,1.1627353119056352,0.17573514707873983
0.4,575,413.396592853673,412.4912,414.5581,413.2208,0.9053819161729848,1.1615126150770152,0.1757981759386098
0.4,576,413.396686260362,412.4917,414.5567,413.22073,0.9049870416120029,1.160015399794247,0.17595261778387794
0.4,577,413.396779523075,412.49152,414.55527,413.22073,0.9052634097937471,1.158487810909378,0.1760458804968721
0.4,578,413.396872943042,412.49124,414.55475,413.22076,0.9056314879638876,1.1578755921142374,0.1761087828857626
0.4,579,413.396966323167,412.4915,414.555,413.22073,0.9054807274638961,1.158026352614229,0.17623268058889607
0.4,580,413.397059500762,412.49097,414.55496,413.2208,0.9060927038869977,1.1579026574411273,0.1762648230276227
0.4,581,413.397152923802,412.4915,414.55423,413.2207,0.9056673280989003,1.1570768125260997,0.17644979880202527
0.4,582,413.397246278657,412.49097,414.5527,413.22076,0.9062794817820077,1.1554575787648673,0.17648211850075768
0.4,583,413.397339408356,412.49097,414.55133,413.22073,0.9063726114810038,1.1539911580502462,0.1766057657778788
0.4,584,413.397432555549,412.49203,414.54996,413.22058,0.9053976434396418,1.1525247198416082,0.1768515008615168
0.4,585,413.397525797363,412.4923,414.54947,413.22055,0.9052162270505164,1.1519431967776086,0.1769752602536414
0.4,586,413.397619024262,412.49203,414.5498,413.22058,0.90558411215261,1.152185663238015,0.17703796957448503
0.4,587,413.397712208779,412.492,414.55048,413.2206,0.9057078142477621,1.1527638654397379,0.17710063651338714
0.4,588,413.39780536429,412.4923,414.55035,413.22055,0.9054957939774795,1.1525486396162705,0.17725482718060448
0.4,589,413.397898428698,412.4912,414.5495,413.22067,0.9066874911979994,1.1516010830207506,0.1772258212761244
0.4,590,413.397991662867,412.49176,414.5483,413.2206,0.9062314089607639,1.150317663304861,0.17738009060138893
0.4,591,413.398084507873,412.491,414.54663,413.22067,0.9070871934198976,1.1485463515019774,0.17741190045114763
0.4,592,413.398177642135,412.491,414.5452,413.22064,0.9071803276818855,1.1470188910681145,0.1775355522912605
0.4,593,413.398270822074,412.49078,414.544,413.22064,0.9074871306677323,1.1457355255822677,0.17762873223023234
0.4,594,413.398363883402,412.49176,414.54364,413.22052,0.9066036294957485,1.1452762533167515,0.17784386387074846
0.4,595,413.398456903531,412.49142,414.54352,413.22058,0.9070323429841096,1.1450611628752654,0.17787584884348462
0.4,596,413.398550068736,412.4916,414.54318,413.22055,0.9069424027203468,1.1446323043109032,0.17799953162659676
0.4,597,413.398643104349,412.49203,414.54315,413.2205,0.9066081922396165,1.1445087511197585,0.17815360239586653
0.4,598,413.398735885039,412.4916,414.5434,413.22055,0.9071282190233774,1.1446601110547476,0.17818534792962737
0.4,599,413.398828856892,412.49185,414.5441,413.22052,0.9069770502513848,1.1452690434986152,0.17830883736075975
0.4,600,413.398921822433,412.49173,414.54565,413.22058,0.9071920861048852,1.1467324744419898,0.17834076774551022
0.4,601,413.399014673278,412.49133,414.54752,413.22064,0.9076816654654749,1.14850119586265,0.1783725834342249
0.4,602,413.399107503064,412.492,414.54916,413.22058,0.9071031085327377,1.1500563152953873,0.17852644837648768
0.4,603,413.399200409404,412.49316,414.5497,413.22046,0.9060363469039885,1.1505127253616365,0.1787414250289885
0.4,604,413.399293115245,412.49313,414.5492,413.22046,0.9061595703230978,1.1499012206925272,0.1788341308699728
0.4,605,413.39938570966,412.49316,414.5485,413.22043,0.9062216471600095,1.1491067219806155,0.17895724286313452
0.4,606,413.399478565321,412.49313,414.54852,413.22043,0.906345020399101,1.149044383897774,0.17905009852410103
0.4,607,413.399571382736,412.49316,414.55008,413.22046,0.906407320235985,1.15050796296714,0.17911239836098503
0.4,608,413.399664164048,412.49313,414.5526,413.2205,0.9065306191261016,1.1529481406395234,0.17917466209485156
0.4,609,413.399756500533,412.49295,414.5555,413.22055,0.9068060610798625,1.1557549740763875,0.1792059634236125
0.4,610,413.399849123294,412.493,414.55725,413.22058,0.9068376486846432,1.1574018532684818,0.17926806860651823
0.4,611,413.399941651324,412.49304,414.55774,413.22058,0.9068996591365135,1.1577976064884865,0.1793605966365135
0.4,612,413.400034290755,412.4938,414.55786,413.2205,0.9062293591143771,1.157827037369998,0.17954478880187708
0.4,613,413.400127093497,412.49295,414.55783,413.22058,0.9071766540438944,1.1577037170498556,0.17954603880951936
0.4,614,413.400219752601,412.49423,414.55917,413.22046,0.9059875748666286,1.1589538313833714,0.17976076822600362
0.4,615,413.400312288942,412.49432,414.56116,413.2205,0.9059885584732683,1.1608449376204817,0.1798227869888933
0.4,616,413.400404907132,412.49423,414.56284,413.22052,0.9061727293976105,1.1624307862273895,0.1798848876007355
0.4,617,413.40049740506,412.49423,414.56345,413.22052,0.9062652273256049,1.1629486398618951,0.17997738552872988
0.4,618,413.400590049019,412.49423,414.56253,413.22052,0.9063578712846265,1.1619404685591235,0.18007002948775153
0.4,619,413.4006825087,412.49432,414.5612,413.2205,0.9063587782312652,1.1605052354406098,0.1801930067468902
0.4,620,413.400774791059,412.49417,414.55984,413.22046,0.9066036484808819,1.159070179644118,0.18031580668400693
0.4,621,413.40086728019,412.49405,414.55902,413.2205,0.9068182079244025,1.1581537159037225,0.1803777782369025
0.4,622,413.400959726863,412.4943,414.55896,413.22046,0.9066665139723682,1.1580002340745068,0.1805007424879932
0.4,623,413.401052033237,412.4946,414.55856,413.2204,0.906453644565147,1.157511199184853,0.180654084018272
0.4,624,413.401144475829,412.4934,414.5575,413.22052,0.9077362727040281,1.1563506413584719,0.18062445629777812
0.4,625,413.401236898718,412.49368,414.55603,413.2205,0.9075540373899003,1.1547933747194747,0.18074739676490026
0.4,626,413.401328988164,412.4933,414.55475,413.22052,0.9080428553514821,1.153419546992268,0.1808089686327321
0.4,627,413.401421091102,412.49326,414.5536,413.2205,0.9081654758676336,1.1521677760854914,0.18093158914888363
0.4,628,413.401513442845,412.4928,414.55328,413.22055,0.9087155912824869,1.151770248561263,0.1809629057356119
0.4,629,413.401605702165,412.493,414.55402,413.22052,0.9085942275556249,1.15241041111625,0.1810856826337499
0.4,630,413.401697993092,412.49277,414.55505,413.22058,0.9089306591076252,1.1533557178454998,0.18111693840450016
0.4,631,413.401790221132,412.4933,414.55557,413.22052,0.9085040883194893,1.1537822886336357,0.18127020160073926
0.4,632,413.401882367517,412.4933,414.55524,413.22052,0.9085962347044756,1.1533544488892744,0.1813623479857256
0.4,633,413.401974716969,412.49353,414.55475,413.2205,0.9084444435314936,1.1527738181872564,0.18148521501586856
0.4,634,413.402066694321,412.49316,414.55408,413.22052,0.908902631820979,1.152010454116521,0.18154667478972897
0.4,635,413.402158696341,412.4936,414.55353,413.22046,0.9085673877472686,1.1513691356902314,0.18169971196601864
0.4,636,413.402250885213,412.4931,414.55377,413.22052,0.9091478578692431,1.1515210874432569,0.18173086568174313
0.4,637,413.402342982186,412.49362,414.5542,413.22046,0.90872115601411,1.151856236564015,0.18188399781098497
0.4,638,413.402435019694,412.49286,414.55408,413.22055,0.9095761329752463,1.1516421287435037,0.1818844825846213
0.4,639,413.402527240706,412.49323,414.55347,413.2205,0.9093021430497288,1.1509395561690212,0.18203773875285378
0.4,640,413.402619301886,412.49246,414.55283,413.22058,0.9101571436828522,1.1502066258483978,0.18203824719847717
0.4,641,413.402711096735,412.491,414.55237,413.22073,0.911713782281879,1.149657067327496,0.18197745415687905
0.4,642,413.402803199183,412.49048,414.55276,413.22083,0.9123246835579835,1.1499616933951415,0.18197800387048346
0.4,643,413.402895387872,412.49048,414.55423,413.22083,0.912416872246979,1.151334348456146,0.18207019255947898
0.4,644,413.402987333251,412.491,414.55618,413.2208,0.9119900187978942,1.1531955280771058,0.1821926555166442
0.4,645,413.403079532997,412.4905,414.55777,413.2209,0.912570499793901,1.154690242393599,0.18219330252827604
0.4,646,413.403171299965,412.49203,414.5582,413.2207,0.9111363878556062,1.1550257215193938,0.18246817496498124
0.4,647,413.403263098588,412.49048,414.55722,413.2209,0.9127845829630132,1.1539573603963618,0.18237686811926324
0.4,648,413.403354808815,412.49048,414.55606,413.22086,0.9128762931899814,1.1527059822006436,0.18249909592435642
0.4,649,413.403446691817,412.49097,414.55533,413.2208,0.9124798949420097,1.1518816773236153,0.18265201408263465
0.4,650,413.403538569241,412.49048,414.55597,413.22086,0.9130600536159932,1.1524306690402568,0.18268285635036818
0.4,651,413.403630429945,412.49045,414.55792,413.2209,0.9131824318981216,1.1542919333362534,0.18274419947624665
0.4,652,413.403721948222,412.49094,414.56006,413.22086,0.912785668925153,1.156336645527972,0.182866235331403
0.4,653,413.403813638611,412.49094,414.56122,413.2209,0.9128773593141091,1.157404623107766,0.18292740814223407
0.4,654,413.40390524305,412.4913,414.5614,413.22083,0.9126027528156442,1.1574961241374808,0.18308004773751918
0.4,655,413.403996939411,412.49094,414.5609,413.2209,0.9130606601141267,1.1569161465264983,0.18311070894225168
0.4,656,413.404088922561,412.49142,414.5609,413.22083,0.9126643620141408,1.1568241633764842,0.1832637272485158
0.4,657,413.404180639583,412.49054,414.56192,413.22095,0.9136410888017394,1.1577395264326356,0.18323337395798944
0.4,658,413.404272225358,412.4908,414.56393,413.22092,0.9134580163736246,1.1596621008138754,0.18335547731112456
0.4,659,413.404363882084,412.49033,414.56592,413.221,0.9140379543496238,1.1615540866660012,0.18335558130274876
0.4,660,413.404455520533,412.49094,414.56686,413.22095,0.9135192412361448,1.1624084931388552,0.1835082549080198
0.4,661,413.404547212241,412.49094,414.56598,413.22095,0.9136109329441524,1.1614317916652226,0.1835999466160274
0.4,662,413.404638727814,412.49097,414.56488,413.22092,0.9136719309390173,1.1602416432797327,0.18372197976714233
0.4,663,413.404730062171,412.49033,414.56348,413.22098,0.9144041344366087,1.1587465003290163,0.18375227896785873
0.4,664,413.404821601343,412.49078,414.5622,413.22092,0.9140379099367237,1.1573732228757763,0.18390485329609874
0.4,665,413.404913143427,412.49133,414.56158,413.22083,0.9135801356144952,1.1566713292292548,0.18408794811449525
0.4,666,413.405004492727,412.492,414.56107,413.22073,0.9130000981957664,1.1560611811011086,0.18427085014889144
0.4,667,413.405096007335,412.49146,414.56012,413.2208,0.9136409292099756,1.1550236215712744,0.18430132960060064
0.4,668,413.405187513637,412.4915,414.5585,413.22076,0.9137019179338495,1.1533146836286505,0.18442335348072447
0.4,669,413.405278748795,412.491,414.55743,413.22083,0.9142814343418877,1.1521553332362373,0.1844535534825127
0.4,670,413.405370015101,412.49152,414.55634,413.22073,0.9138539018197775,1.1509654341177225,0.18463637252290255
0.4,671,413.405461350654,412.49097,414.55618,413.2208,0.9144945537789795,1.1507215106741455,0.18466667291960448
0.4,672,413.4055526943,412.49097,414.5569,413.22083,0.9145858974250132,1.1513320713249868,0.18472749898751317
0.4,673,413.40564395584,412.49097,414.55774,413.22083,0.9146771589649916,1.1520953019725084,0.18481876052749158
0.4,674,413.405735203637,412.4914,414.5578,413.22076,0.9143411606682434,1.1520650893317566,0.18497104348074345
0.4,675,413.405826403424,412.4912,414.55725,413.2208,0.9146154659239869,1.151424573138513,0.1850317256896119
0.4,676,413.405917754384,412.49066,414.55646,413.22083,0.9152561332902565,1.1505397651472435,0.18509255907150646
0.4,677,413.406008737835,412.49118,414.5551,413.22076,0.914828317913134,1.149106008258741,0.18524457767875901
0.4,678,413.406099723325,412.49066,414.55386,413.2208,0.915438102231235,1.14776380206564,0.18530504559061
0.4,679,413.406191036733,412.49136,414.55374,413.22073,0.9148275113423665,1.1475504183451335,0.1854573941548665
0.4,680,413.406282170511,412.4908,414.55402,413.2208,0.9154679615266446,1.1477339427702304,0.18548749277664456
0.4,681,413.406373298175,412.49152,414.55457,413.2207,0.9148571848937763,1.1481921315124737,0.18567017317502632
0.4,682,413.406464577295,412.49152,414.5545,413.2207,0.9149484640137757,1.1480398172362243,0.18576145229502572
0.4,683,413.406555641881,412.4919,414.5547,413.22067,0.9146428000841524,1.1481318581189726,0.18588303445915244
0.4,684,413.406646549074,412.4915,414.55502,413.22073,0.9151609533709006,1.1483766442853494,0.18591290649590064
0.4,685,413.406737635029,412.49423,414.55557,413.2204,0.9125054572946283,1.1488348747366217,0.18633968581025329
0.4,686,413.406828715557,412.49432,414.55682,413.22043,0.912504985088276,1.149995014911724,0.18640024876015104
0.4,687,413.406919677705,412.49423,414.55835,413.22046,0.912687499970616,1.151429931670009,0.18646069332999105
0.4,688,413.407010621762,412.49423,414.5595,413.22046,0.9127784440276514,1.1524986555817236,0.1865516373870264
0.4,689,413.407101641209,412.49423,414.55972,413.22046,0.9128694634746353,1.1526212591816147,0.18664265683401027
0.4,690,413.407192461094,412.49432,414.55865,413.22046,0.9128687306252345,1.1514623240622655,0.18673347671898455
0.4,691,413.407283168467,412.4942,414.55753,413.22043,0.9130815083107677,1.1502424662986073,0.18685470167014273
0.4,692,413.407374184122,412.4943,414.5572,413.22043,0.9130809712313521,1.1498157572842729,0.18694571732510212
0.4,693,413.407465115556,412.4943,414.55847,413.22046,0.9131719026653968,1.1510065641314782,0.18700613118102183
0.4,694,413.407556021745,412.4943,414.56104,413.2205,0.9132628088543697,1.1534791345050053,0.18706651979186972
0.4,695,413.407646476712,412.49344,414.56375,413.2206,0.9142077560088637,1.1561047439911363,0.18703490444636373
0.4,696,413.407737202353,412.4937,414.56592,413.2206,0.9140238234467688,1.1581807663969812,0.1871256300873938
0.4,697,413.407827855191,412.49292,414.56674,413.2207,0.9149079333159875,1.1589140881683875,0.18712473019098752
0.4,698,413.407918591549,412.49258,414.56705,413.22076,0.9153343630333666,1.1591285275916334,0.18715443139274157
0.4,699,413.408009543517,412.4933,414.56747,413.2207,0.9147234107044824,1.1594648217173926,0.18730641851698238
0.4,700,413.408100319351,412.49326,414.56876,413.2207,0.9148447041166037,1.1606557841646463,0.18739719435097868
0.4,701,413.408190965971,412.49277,414.57068,413.2208,0.9154236319866413,1.1624877449664837,0.18739628823664134
0.4,702,413.408281695241,412.49277,414.57248,413.22083,0.9155143612566121,1.1641975528058879,0.18745649992848712
0.4,703,413.408372407138,412.4928,414.573,413.22083,0.9155745555755175,1.1646256397369825,0.18754721182551748
0.4,704,413.408462884154,412.493,414.57208,413.22076,0.9154514095446302,1.1636196353772448,0.18769872399775522
0.4,705,413.408553322212,412.49347,414.57062,413.2207,0.9150840839307648,1.1620643535692352,0.1878501972120148
0.4,706,413.408643832378,412.49313,414.5691,413.22073,0.9155102874561294,1.1604479644969956,0.1879101897998794
0.4,707,413.408734435417,412.49316,414.56842,413.2207,0.9155703729169886,1.1596859747392614,0.18803131041698862
0.4,708,413.408825019647,412.49356,414.5683,413.22067,0.9152642286313721,1.1594733201967529,0.18815241222512213
0.4,709,413.408915396601,412.49283,414.56796,413.22076,0.9160870274603781,1.159047249883372,0.18815123644475307
0.4,710,413.40900596282,412.49277,414.5666,413.22073,0.9162386288356288,1.1575833926487462,0.1882723202418788
0.4,711,413.409096494545,412.4924,414.5648,413.22076,0.9166953714981219,1.1556923238143781,0.18833233438874686
0.4,712,413.409186693712,412.4907,414.56308,413.22095,0.9184945550401267,1.1538931402723733,0.18823942808700167
0.4,713,413.409277008118,412.49023,414.56168,413.22095,0.9190426331180106,1.1523990172726144,0.1883297424930106
0.4,714,413.409367410709,412.49094,414.56113,413.2209,0.9184311314121487,1.1517592982753513,0.18848118024027372
0.4,715,413.409457790951,412.4905,414.56155,413.22092,0.9189487577478985,1.1520961641271015,0.18854104290414853
0.4,716,413.409548091643,412.49042,414.56247,413.22095,0.9191306111742392,1.1529213907788858,0.18860082601798922
0.4,717,413.409638425964,412.49057,414.56268,413.22095,0.9190683576046013,1.1530446795047737,0.18869116033897626
0.4,718,413.409728702635,412.49088,414.5623,413.2209,0.9188534584943682,1.1525576743181318,0.18884247216624317
0.4,719,413.409819153644,412.4904,414.56177,413.22095,0.9194321907533549,1.15194842448102,0.18887188801897992
0.4,720,413.409909216586,412.49088,414.5611,413.2209,0.9190339724453906,1.1511869748202344,0.18902298611726565
0.4,721,413.409999260871,412.49088,414.56046,413.2209,0.9191240167303931,1.1504560613946069,0.18911303040226812
0.4,722,413.410089558808,412.49042,414.56073,413.22092,0.9196720783392607,1.1506404216607393,0.18917281076113568
0.4,723,413.410179766636,412.4911,414.56128,413.22086,0.9190908994485198,1.1510995302389802,0.18932405374539485
0.4,724,413.410269913136,412.4906,414.56155,413.22092,0.9196693271985055,1.1512840419421195,0.18935316508913047
0.4,725,413.410360191629,412.49063,414.5615,413.22092,0.9197290881133995,1.1511327282928505,0.18944344358214948
0.4,726,413.410450402265,412.4909,414.56128,413.2209,0.9195446405462349,1.1508288946100151,0.18956417179623486
0.4,727,413.410540385141,412.49042,414.56155,413.22095,0.9201229046722688,1.1510135699371062,0.18959311951601876
0.4,728,413.410630550317,412.49042,414.56244,413.22095,0.9202130698482733,1.1518084145267267,0.18968328469202334
0.4,729,413.41072070168,412.4909,414.56415,413.22092,0.9198149399612703,1.1534272475387297,0.18980395363314528
0.4,730,413.410810756777,412.4909,414.56604,413.22095,0.9199049950582321,1.155229282285518,0.1898634911519821
0.4,731,413.410900753077,412.49112,414.5675,413.22095,0.9197813683113623,1.1566041297355127,0.18995348745198726
0.4,732,413.410990813712,412.49045,414.5676,413.221,0.920542815665101,1.156605621834899,0.189982512930726
0.4,733,413.411080697808,412.49042,414.56644,413.221,0.9206632173392677,1.1553560697701073,0.1900723970267677
0.4,734,413.411170348259,412.49088,414.56497,413.22095,0.9202951041183951,1.153801575569105,0.1902230826340201
0.4,735,413.411260438067,412.49017,414.56335,413.221,0.9210870982232677,1.1520940541204823,0.19025213728576773
0.4,736,413.411350469487,412.49158,414.56342,413.22083,0.9197733210494903,1.1520650578567597,0.19052527417449028
0.4,737,413.41144039353,412.4911,414.56494,413.22092,0.920351526342472,1.153501012720028,0.19052364548309697
0.4,738,413.411529977432,412.4916,414.56693,413.2209,0.9199223114163715,1.1553950713961285,0.19064374696324649
0.4,739,413.411619764094,412.4914,414.568,413.22092,0.9202257211252345,1.1563733999685155,0.19070301604710949
0.4,740,413.411709466392,412.49182,414.56796,413.22086,0.9198881773294829,1.156253180092392,0.19085375350135791
0.4,741,413.411799222389,412.49142,414.56766,413.22092,0.9203746618421178,1.1558582483141322,0.1908824743421178
0.4,742,413.411889226815,412.49185,414.5675,413.22086,0.9200374201743671,1.155615655997508,0.19103351392436707
0.4,743,413.411979054401,412.4918,414.56866,413.2209,0.9201882829166266,1.1566854963802484,0.19109282393225158
0.4,744,413.412068753217,412.4904,414.57077,413.22107,0.9216817903263745,1.1587015104548755,0.19099941727949954
0.4,745,413.41215853406,412.49213,414.5729,413.2209,0.9200320692162336,1.1607479600806414,0.1912723035912336
0.4,746,413.412248245989,412.49078,414.5739,413.22107,0.9214645545827693,1.1616653282297307,0.19117891005151932
0.4,747,413.412337775869,412.49112,414.57355,413.22104,0.9212183911033662,1.1612095874122588,0.19129895750961623
0.4,748,413.412427265386,412.49112,414.57288,413.221,0.9213078806203612,1.1604487111765138,0.19141896460473617
0.4,749,413.412516827047,412.49112,414.57178,413.221,0.9213974422813749,1.1592605167030001,0.19150852626574988
0.4,750,413.412606480964,412.49097,414.57056,413.221,0.9216396840889729,1.157950159661027,0.1915981801827229
0.4,751,413.412696111189,412.49063,414.5706,413.22104,0.9220650076733818,1.1578910470141182,0.19165729282963184
0.4,752,413.412785585865,412.49155,414.57043,413.22095,0.9212389550056059,1.157648984447519,0.19183832023998093
0.4,753,413.412875200914,412.49112,414.5693,413.22098,0.9217558161483907,1.1564302190078593,0.19189741771089075
0.4,754,413.412964787595,412.4918,414.56708,413.22086,0.9211740161106263,1.1541128491237487,0.19210907470437633
0.4,755,413.413054035628,412.4919,414.5651,413.22083,0.9211411938311471,1.1520399585126029,0.19222884031552212
0.4,756,413.413143365242,412.49408,414.5634,413.22052,0.9190637753982287,1.1502416445236463,0.1926233457107287
0.4,757,413.413232815232,412.49414,414.56262,413.22052,0.9190921902319928,1.1493892550805072,0.19271279570074284
0.4,758,413.413322270481,412.49405,414.56293,413.22052,0.9192731982153646,1.1496049756127604,0.19280225094973957
0.4,759,413.413411644378,412.49408,414.56354,413.22052,0.9193320545342658,1.1501259532782342,0.1928916248467658
0.4,760,413.413501013343,412.49423,414.56357,413.22052,0.9192688356086478,1.1500671018913522,0.1929809938117728
0.4,761,413.413590322663,412.49432,414.56326,413.22052,0.9192665921942762,1.1496726167900988,0.1930703031317762
0.4,762,413.413679753571,412.4942,414.56277,413.22052,0.9194780934147389,1.1490949046321361,0.19315973403973885
0.4,763,413.413768845597,412.4943,414.56226,413.2205,0.9194756327063942,1.1484870137779808,0.1932793436438942
0.4,764,413.413857939001,412.49426,414.56195,413.2205,0.9195952436884909,1.1480927445927591,0.19336843704786588
0.4,765,413.413947345897,412.49405,414.56253,413.22052,0.919898273631361,1.148583171681139,0.193427326365736
0.4,766,413.414036638518,412.49368,414.5633,413.22058,0.9203537771898596,1.1492568185132654,0.19345558383048456
0.4,767,413.414125879078,412.49393,414.56372,413.22055,0.9201988771248466,1.1495948240470284,0.1935753419685966
0.4,768,413.414215265662,412.49277,414.56378,413.2207,0.9214479316776192,1.1495664726192558,0.19351214066199418
0.4,769,413.414304487128,412.49326,414.56366,413.22064,0.9210488718936176,1.1493551808407574,0.19366239728424262
0.4,770,413.414393495468,412.49277,414.5637,413.2207,0.9216261614836299,1.1492966900788701,0.19369037046800486
0.4,771,413.414482687264,412.49326,414.56406,413.22064,0.9212270720296374,1.1495737092203626,0.19384059742026238
0.4,772,413.414571874743,412.4928,414.56528,413.2207,0.9217740231804896,1.1507052248663854,0.19386874974298962
0.4,773,413.414660943541,412.49396,414.56665,413.22058,0.92070342400973,1.15198944708402,0.19407988885348004
0.4,774,413.414749998271,412.49268,414.56787,413.22076,0.9220742170210201,1.15312109547898,0.1939858381147701
0.4,775,413.414839124697,412.49356,414.56802,413.22067,0.9212783336813573,1.1531845569436427,0.19416651727510725
0.4,776,413.414928052357,412.49277,414.5673,413.22073,0.9221607183726519,1.152363207408598,0.1941944097789019
0.4,777,413.415016822516,412.49277,414.56616,413.22073,0.9222494885316337,1.1511452868589913,0.1942831799378837
0.4,778,413.415105933642,412.49326,414.56586,413.22067,0.9218503184076212,1.1507509999517538,0.19443332622012122
0.4,779,413.415194970879,412.49326,414.56705,413.22067,0.9219393556446107,1.1518521482616393,0.19452236345711071
0.4,780,413.415283983736,412.4928,414.56912,413.22076,0.9224861321735034,1.1538383307171216,0.1945198235797534
0.4,781,413.415372665946,412.49338,414.57162,413.22073,0.9219949803991199,1.1562520899133801,0.19463902336786987
0.4,782,413.415461521016,412.493,414.573,413.2208,0.9224500464066523,1.1575365258589727,0.1946668432816523
0.4,783,413.415550289472,412.4911,414.57324,413.22104,0.9244614222844802,1.1576918980280198,0.19451147111260525
0.4,784,413.415639150335,412.4906,414.57285,413.22107,0.9250385643974823,1.1572063086493927,0.19456981439748233
0.4,785,413.415728285213,412.4911,414.5726,413.221,0.9246394180254924,1.1568730331463826,0.19471998443174243
0.4,786,413.415817164558,412.4909,414.5736,413.22104,0.9249114028392569,1.1577912338794931,0.19477834619863188
0.4,787,413.415905959836,412.49023,414.57538,413.22116,0.9256715848359818,1.1594724581327682,0.19474507116410678
0.4,788,413.415994793249,412.49026,414.57706,413.2212,0.9257299006708877,1.1610620915166123,0.19480338699901267
0.4,789,413.416083562339,412.49023,414.57748,413.2212,0.9258491873389971,1.1614005685203779,0.19489215608899713
0.4,790,413.416172427956,412.4905,414.57645,413.22113,0.9256633947528599,1.1602741052471401,0.19504205686223486
0.4,791,413.416261112714,412.49088,414.5751,413.22107,0.9253858685733576,1.1588426470516424,0.19519177677648258
0.4,792,413.416349732783,412.49036,414.5737,413.22113,0.9259932874704759,1.157350218388899,0.19521936168922593
0.4,793,413.416438440269,412.4904,414.57285,413.2211,0.9260514773783939,1.1564070187153561,0.19533858675339388
0.4,794,413.416527084231,412.4906,414.5725,413.22107,0.9259264982935065,1.1559826813939935,0.19545774829350648
0.4,795,413.416615608559,412.49164,414.57205,413.22095,0.9249774249652774,1.1554363933940976,0.19566834293402735
0.4,796,413.41670427288,412.4916,414.57068,413.22092,0.925096606864372,1.153974438057503,0.195787524833122
0.4,797,413.416792916869,412.4911,414.5685,413.22095,0.9257040496814852,1.1517190460216398,0.19584565124398523
0.4,798,413.416881227515,412.49054,414.56662,413.221,0.9263416767337276,1.1497386455318974,0.19587292673372758
0.4,799,413.416969546954,412.49106,414.5647,413.22092,0.9259111973446466,1.1477277186709784,0.19605279890714655
0.4,800,413.417058122571,412.492,414.56412,413.2208,0.9250537280397566,1.1470593090696184,0.1962634448366316
0.4,801,413.417146606265,412.49203,414.5644,413.2208,0.9251116941556461,1.147245483578729,0.1963519285306461
0.4,802,413.417235121731,412.492,414.56512,413.2208,0.9252307271997324,1.1478893899877676,0.19644044399660743
0.4,803,413.417323576582,412.49203,414.56537,413.2208,0.9252886644726459,1.148045075761729,0.1965288988476459
0.4,804,413.417411966558,412.492,414.56503,413.2208,0.9254075720267565,1.1476209924263685,0.1966172888236315
0.4,805,413.417500536123,412.49207,414.56482,413.2208,0.9254351064354864,1.1473187998145136,0.19670585838861143
0.4,806,413.417588718045,412.49207,414.56384,413.22076,0.9255232883575104,1.1462540553924896,0.1968245578887604
0.4,807,413.417677035418,412.49295,414.56314,413.22067,0.9247265959648985,1.1454638337226015,0.19700442799614848
0.4,808,413.417765453671,412.49307,414.56375,413.22064,0.9246929439053702,1.1459857670321298,0.19712336382724516
0.4,809,413.417853780069,412.49286,414.56476,413.2207,0.924994893350231,1.146904520712269,0.197150655068981
0.4,810,413.417942030716,412.49203,414.56558,413.2208,0.9259071186066308,1.1476402446746192,0.19714735298163077
0.4,811,413.418030463875,412.492,414.5661,413.22083,0.9260260693437772,1.1480706103437228,0.19720526856252718
0.4,812,413.41811879885,412.49228,414.56647,413.2208,0.9258397461156278,1.1483484863062472,0.1973241211156278
0.4,813,413.418206898638,412.49185,414.56726,413.22086,0.9263550919973795,1.1490538435494955,0.19735118574737953
0.4,814,413.41829522939,412.49225,414.56842,413.22083,0.9260466942337757,1.1501251807662243,0.19747003407752572
0.4,815,413.418383489825,412.492,414.57053,413.2209,0.9263790952937256,1.1521426332218994,0.19749725935622564
0.4,816,413.418471638111,412.49246,414.57278,413.22086,0.9260094799078615,1.1543127857171385,0.19761592522036153
0.4,817,413.418560042276,412.49277,414.5747,413.22086,0.925792708291624,1.156146988974001,0.19770432938537397
0.4,818,413.418648237243,412.49197,414.5753,413.22095,0.9266743602898941,1.1566386279913559,0.19770097161801914
0.4,819,413.418736238272,412.49197,414.57462,413.22095,0.9267623613188789,1.155879240243621,0.1977889726470039
0.4,820,413.418824083794,412.49243,414.57343,413.22086,0.9263924431689929,1.154601209174757,0.19796837090336794
0.4,821,413.418912278234,412.4925,414.57272,413.22086,0.9264196024527678,1.1538111104378572,0.19805656534339278
0.4,822,413.419000392264,412.4927,414.5737,413.22083,0.9262940934358994,1.1546995589078506,0.1981751969515244
0.4,823,413.419088479696,412.49304,414.57568,413.22083,0.9260464875084722,1.1565951140540278,0.19826328438347218
0.4,824,413.419176240397,412.49203,414.57788,413.22098,0.9271413282876324,1.1587046189779926,0.1981984571938824
0.4,825,413.419264175187,412.4921,414.57916,413.22098,0.9271682279213564,1.1598984224692686,0.19828639198385645
0.4,826,413.419351997349,412.492,414.57922,413.221,0.927347602817747,1.159871635463503,0.19834369656774697
0.4,827,413.419439929366,412.49408,414.57892,413.22076,0.9253603395222285,1.1594785276652715,0.19867576920972851
0.4,828,413.419528149595,412.49414,414.57883,413.22073,0.9253875245950098,1.1592987547018652,0.19879450701688484
0.4,829,413.419616114146,412.49405,414.57986,413.22076,0.9255670418803561,1.160248387807144,0.1988519539897311
0.4,830,413.419703948174,412.49423,414.5819,413.22076,0.9254717704396285,1.1622052315134965,0.19893978801775347
0.4,831,413.419791867167,412.49423,414.58383,413.2208,0.9255596894326459,1.1640399199423541,0.19899718943264588
0.4,832,413.419879709523,412.49432,414.5847,413.2208,0.925555979054252,1.164806569773873,0.19908503178862702
0.4,833,413.41996766114,412.49417,414.58408,413.22083,0.9257965185618673,1.1641082665943827,0.1991424658274923
0.4,834,413.420055430562,412.49414,414.5831,413.2208,0.9259148055620017,1.1630439346723733,0.19926075282762667
0.4,835,413.420143131538,412.49414,414.58188,413.2208,0.9260025065379978,1.1617355305713772,0.19934845380362276
0.4,836,413.420230922745,412.49414,414.58127,413.22076,0.92609029774502,1.161037387801855,0.19946676258877005
0.4,837,413.420318644647,412.49353,414.58133,413.22086,0.9267883712095113,1.1610107010561137,0.1994629317563863
0.4,838,413.420406224205,412.4938,414.58118,413.22083,0.926601292564385,1.16077053360749,0.19958102889250995
0.4,839,413.420493889409,412.49387,414.5801,413.2208,0.9266279226121128,1.1596147531691372,0.1996992116746128
0.4,840,413.420581652783,412.4941,414.57812,413.22073,0.926471545361153,1.157543347216972,0.19984801020490295
0.4,841,413.420669046904,412.4941,414.57663,413.2207,0.9265589394821063,1.1559605917678937,0.19996592190398133
0.4,842,413.420756506541,412.49408,414.57504,413.2207,0.9266769166972608,1.1542862180683642,0.20005338154101082
0.4,843,413.420844245335,412.49457,414.57443,413.22064,0.9262763742412403,1.1535881277118847,0.20020215549124032
0.4,844,413.420931801205,412.4933,414.5748,413.2208,0.9276456683924721,1.153866782779403,0.2001371234705971
0.4,845,413.421019390694,412.493,414.5753,413.22083,0.9280079160846526,1.1542674745403474,0.2001941953815276
0.4,846,413.42110697803,412.4935,414.5751,413.22076,0.92760722217065,1.1539967817356,0.20034281787377495
0.4,847,413.42119445786,412.493,414.57437,413.22083,0.9281829832506219,1.1531768800306281,0.20036926254749687
0.4,848,413.421282059877,412.49292,414.57324,413.22083,0.9283621380020008,1.1519601276229992,0.20045686456450085
0.4,849,413.421369529731,412.49265,414.57172,413.22083,0.9287242660591346,1.1503467788627404,0.2005443344185096
0.4,850,413.421457007813,412.49265,414.5704,413.2208,0.9288117441411146,1.1489470449213854,0.20066233007861456
0.4,851,413.421544538468,412.4926,414.57004,413.2208,0.9289297923742765,1.1484933033288485,0.20074986073365153
0.4,852,413.421631957604,412.49286,414.57028,413.22076,0.9287730708852564,1.1486500248178686,0.2008677974477564
0.4,853,413.421719312254,412.49377,414.5705,413.22067,0.9279448981915266,1.1487762932147234,0.2010467048321516
0.4,854,413.421806855255,412.49075,414.57056,413.22104,0.9310536814268744,1.1487497853700006,0.2007680368956244
0.4,855,413.421894194282,412.49152,414.57062,413.22095,0.9303780810007538,1.1487234814992462,0.2009469286570038
0.4,856,413.421981592616,412.491,414.57095,413.221,0.9309842781628959,1.1489717765246041,0.20097329183477086
0.4,857,413.422068971547,412.491,414.5716,413.221,0.9310716570938666,1.1495252667342584,0.20106067076574163
0.4,858,413.422156554047,412.49084,414.57312,413.22104,0.9313118274844783,1.1509635631405217,0.20111773568760327
0.4,859,413.422243811829,412.49036,414.57504,413.22113,0.9318873665164915,1.1527989127803835,0.2011134407352415
0.4,860,413.422331318584,412.49088,414.57632,413.2211,0.9314560744433606,1.1539931443066394,0.20123146506836065
0.4,861,413.422418443482,412.49088,414.5766,413.2211,0.9315431993413767,1.1541806776117483,0.20131858996637675
0.4,862,413.422505570055,412.49036,414.5756,413.22113,0.9321491247425229,1.1530864709606021,0.20137519896127287
0.4,863,413.422592603356,412.4909,414.57452,413.22107,0.9316868416372586,1.1519313224252414,0.20152326741850857
0.4,864,413.422679865837,412.4906,414.5739,413.2211,0.932079279899483,1.151233708381767,0.20158001232135803
0.4,865,413.422767140439,412.49112,414.5749,413.22104,0.9316477556733957,1.1521229962797293,0.20172832207964575
0.4,866,413.42285433656,412.49112,414.577,413.22107,0.9317349517943967,1.1541415130493533,0.2017850006225217
0.4,867,413.422941186403,412.49088,414.57944,413.22113,0.9320659422623976,1.1564960694563524,0.20181081530927258
0.4,868,413.423028223757,412.49133,414.58096,413.2211,0.9316952159445009,1.1579349110086241,0.2019283702413759
0.4,869,413.423115139908,412.49063,414.58127,413.2212,0.9324840363923954,1.1581531706388546,0.2019237336580204
0.4,870,413.423202127962,412.49106,414.58115,413.22113,0.9321437783526108,1.1579441122723892,0.20207175686823575
0.4,871,413.423289397483,412.49057,414.58115,413.2212,0.9327193291236426,1.1578568427513574,0.20209799123301764
0.4,872,413.423376438359,412.49106,414.58228,413.22116,0.9323180887496392,1.1588989522659858,0.20221554968713917
0.4,873,413.423463357619,412.4906,414.58432,413.22125,0.9328627716815276,1.1608567107403474,0.20221091621277765
0.4,874,413.423550517901,412.49115,414.58633,413.2212,0.932400615557242,1.162783710614633,0.20235911165099196
0.4,875,413.423637506971,412.49063,414.5871,413.22128,0.9330064034553516,1.1634596609977734,0.20235454798660157
0.4,876,413.423724249183,412.49118,414.5865,413.2212,0.9325438292611352,1.1627625672232398,0.20253284293301022
0.4,877,413.42381095027,412.49094,414.5847,413.2212,0.932874670973149,1.160875329026851,0.20261954402002402
0.4,878,413.423897756122,412.49173,414.58292,413.22107,0.9321680197938917,1.1590185036436083,0.20282842018451674
0.4,879,413.423984665427,412.49243,414.58218,413.22098,0.9315530248019854,1.1581991724636396,0.20300688222386043
0.4,880,413.424071484488,412.49197,414.5823,413.22104,0.9320976075348995,1.1582344237151005,0.20303266612864945
0.4,881,413.424158158405,412.49243,414.58197,413.22098,0.9317265177800209,1.157812056438729,0.2031803752018959
0.4,882,413.424244918873,412.49197,414.58105,413.22104,0.9322710419198756,1.1568097686269994,0.20320610051362564
0.4,883,413.424331771989,412.49228,414.57935,413.22098,0.9320527192546137,1.1550139311360113,0.20335398878586375
0.4,884,413.424418254868,412.4922,414.57788,413.22095,0.9322307548679873,1.1534626045070127,0.20347098924298734
0.4,885,413.424504802219,412.49243,414.5766,413.22092,0.932073161594019,1.152094318874731,0.20358805417214398
0.4,886,413.424591632035,412.49167,414.57623,413.221,0.9329229308631284,1.1516412781212466,0.20358333125375339
0.4,887,413.424678281795,412.49182,414.57687,413.22098,0.9328569927325248,1.1521954975018502,0.20370049859189976
0.4,888,413.42476497628,412.49185,414.57742,413.221,0.9329131696393915,1.1526581194231085,0.20375667549876653
0.4,889,413.424851613801,412.4914,414.5774,413.22104,0.9334575708322745,1.1525409643239755,0.20381279544164954
0.4,890,413.424938167375,412.49182,414.57663,413.22098,0.9331168783124895,1.1516914712968855,0.20396038417186446
0.4,891,413.425024925548,412.4914,414.57578,413.221,0.933630882579223,1.150750220936402,0.204016624766723
0.4,892,413.425111301329,412.4914,414.57495,413.221,0.9337172583602751,1.149839870545975,0.20410300054777508
0.4,893,413.425197645956,412.49182,414.57437,413.22095,0.9333763568935183,1.1491736919346067,0.20425038033101828
0.4,894,413.425284227506,412.49188,414.57474,413.22095,0.9334019032872334,1.1494533213221416,0.20433696188098338
0.4,895,413.425370739189,412.4915,414.5757,413.221,0.9338851434858952,1.1503433721391048,0.20436243840777024
0.4,896,413.425457196001,412.49234,414.57657,413.22092,0.9331171081103662,1.1511114075146338,0.2045404479541162
0.4,897,413.425543784997,412.4923,414.57666,413.22092,0.9332342146844894,1.1511163712530106,0.20462703695011442
0.4,898,413.425630282477,412.49408,414.57678,413.22073,0.931550692633266,1.151151944085484,0.20489663989889095
0.4,899,413.425716548729,412.49414,414.5769,413.2207,0.9315759237289853,1.1511877481460147,0.20501342372898534
0.4,900,413.425802984041,412.49405,414.57745,413.22073,0.9317539117753881,1.1516506292402369,0.20506934146288813
0.4,901,413.425889471621,412.49408,414.57867,413.22076,0.9318098817772693,1.1527848447852307,0.2051253114647693
0.4,902,413.42597580494,412.49405,414.58014,413.22076,0.9319267326743557,1.1541633552162693,0.20521164478373066
0.4,903,413.426062413347,412.49432,414.58115,413.22076,0.9317386828782332,1.1550838268873918,0.20529825319073325
0.4,904,413.426148806284,412.4942,414.58124,413.22076,0.9319471461277544,1.1550889866847456,0.20538464612775442
0.4,905,413.426235031335,412.4943,414.58014,413.22073,0.9319418184443862,1.1539041288212388,0.20550138875688617
0.4,906,413.426321164585,412.49478,414.57916,413.22067,0.9315396704443515,1.1528414330712735,0.2056485571631015
0.4,907,413.426407490359,412.4943,414.5787,413.22073,0.9321142774683722,1.1522973436253778,0.20567384778087217
0.4,908,413.426493786905,412.49368,414.5801,413.22083,0.9328109255768595,1.1536148556731405,0.20566859159248452
0.4,909,413.426580075221,412.49414,414.58252,413.2208,0.9324394502210112,1.1559394560289888,0.20578539748663616
0.4,910,413.426666022062,412.49283,414.58502,413.22098,0.9338376529213974,1.1583559505942276,0.20568823885889742
0.4,911,413.426752148924,412.49335,414.5869,413.22095,0.9334049809552312,1.1601619135760188,0.20580488329898117
0.4,912,413.426838183235,412.49332,414.58734,413.22095,0.9335215328443951,1.16050312535873,0.2058909176100201
0.4,913,413.426924302853,412.49277,414.58743,413.221,0.9341569688686491,1.160508558475101,0.20591600207177407
0.4,914,413.427010570767,412.49326,414.58746,413.22098,0.9337549555326063,1.1604528081392687,0.20603278756385635
0.4,915,413.427096733987,412.49326,414.58884,413.22098,0.933841118752639,1.161739935934861,0.20611895078388898
0.4,916,413.427182787973,412.49326,414.5909,413.221,0.9339271727386063,1.1637290772613937,0.20617448719173126
0.4,917,413.42726904932,412.49277,414.59305,413.2211,0.9345017153356139,1.1657790463831361,0.20616919580436388
0.4,918,413.427355133143,412.4928,414.5937,413.2211,0.9345572815805099,1.1663338317007401,0.20625527962738488
0.4,919,413.427440986215,412.4933,414.59293,413.22104,0.9341548534025037,1.1654850391756213,0.2064021678556287
0.4,920,413.427526795554,412.49298,414.59155,413.22107,0.9345458385227516,1.1640259388209984,0.20645745961650164
0.4,921,413.427612702202,412.4933,414.59018,413.221,0.9343265693894978,1.1625667411573772,0.20660440142074776
0.4,922,413.427698716853,412.49304,414.58957,413.221,0.9346567246655013,1.1618703749438737,0.20669041607175132
0.4,923,413.427784617183,412.49237,414.5896,413.2211,0.935414011714272,1.161814992191978,0.20668476366739696
0.4,924,413.427870389709,412.49185,414.5892,413.22116,0.9360185830684031,1.1613324911503469,0.20670950103715313
0.4,925,413.427956249829,412.49103,414.58813,413.22125,0.9369284177977306,1.1601785157960194,0.20670380842273062
0.4,926,413.428042206089,412.49054,414.5856,413.22125,0.9375026553077532,1.1575596005516218,0.20678976468275323
0.4,927,413.428127769123,412.49097,414.58328,413.2212,0.937160972248023,1.155154701580102,0.20693636287302297
0.4,928,413.428213354577,412.49097,414.58133,413.22116,0.9372465577019966,1.1531159911261284,0.2070524659051216
0.4,929,413.428299276016,412.49054,414.58063,413.2212,0.9377597252347414,1.1523281653902586,0.20710786976599138
0.4,930,413.428385031947,412.49042,414.58112,413.22122,0.9379675514782662,1.1527306907092338,0.20716310811889116
0.4,931,413.428470822328,412.49127,414.5818,413.22113,0.9371988496717449,1.153316287047005,0.20734045123424494
0.4,932,413.428556562162,412.49054,414.58182,413.22122,0.9380170113807367,1.1532610647911383,0.20733463833386168
0.4,933,413.428642218276,412.49103,414.58112,413.22113,0.9376143862447748,1.1524735043802252,0.20751184718227478
0.4,934,413.428728078021,412.49042,414.58035,413.2212,0.9383105975522312,1.1516247051821438,0.20753667177098123
0.4,935,413.428813748287,412.49072,414.57928,413.22116,0.9380910920369843,1.1504709196817657,0.20765285961510926
0.4,936,413.428899299304,412.4909,414.57895,413.22113,0.937993537585271,1.150049675305354,0.20776892821027104
0.4,937,413.428984993687,412.49036,414.57944,413.2212,0.9386285483744814,1.1504522621723936,0.2077935874369814
0.4,938,413.429070600884,412.49142,414.58047,413.22107,0.9376460403371425,1.1514042526316075,0.2080012649465175
0.4,939,413.429156149718,412.49094,414.5812,413.22116,0.9382198704211078,1.1520511256726422,0.20799526104610777
0.4,940,413.429241883851,412.49094,414.5813,413.22116,0.9383056045541025,1.1520569442740225,0.2080809951791025
0.4,941,413.429327523849,412.49048,414.58133,413.2212,0.9388490082239969,1.1520018218541281,0.20813611759899686
0.4,942,413.429412831093,412.49146,414.58133,413.2211,0.937957752967975,1.15191651461015,0.20831297757735
0.4,943,413.429498448011,412.49094,414.58157,413.22116,0.9385621687140997,1.1520750383171503,0.2083375593390997
0.4,944,413.429584174019,412.491,414.58243,413.22116,0.9385868595658735,1.1528438044966265,0.2084232853471235
0.4,945,413.429669641591,412.49252,414.58374,413.221,0.9371464482316014,1.1540705927840236,0.20866134080972643
0.4,946,413.429755346021,412.49094,414.58466,413.2212,0.9388190667241361,1.154900415697739,0.20856393977101106
0.4,947,413.429840643452,412.49042,414.58478,413.22125,0.9394231629832461,1.1549371885792539,0.20858820204574613
0.4,948,413.429925962667,412.4905,414.58316,413.22122,0.9394169294639028,1.1532344377235972,0.20870403883890276
0.4,949,413.430011195425,412.4911,414.58154,413.22113,0.9389223282374815,1.1515317733250185,0.20888082433123145
0.4,950,413.430096575476,412.49103,414.58087,413.22113,0.93906874344475,1.15077500655525,0.20896620438225
0.4,951,413.430182046737,412.4904,414.58182,413.22122,0.9397950838463771,1.151635580216123,0.2089601229088771
0.4,952,413.43026744006,412.49167,414.5839,413.2211,0.9385987388881176,1.1536253822056324,0.20916758654436762
0.4,953,413.430352487521,412.49173,414.58636,413.22113,0.9386227511928951,1.15601225857273,0.20922211642727007
0.4,954,413.430437721619,412.49115,414.58786,413.22122,0.9392878192752505,1.1574223858028745,0.2092157977908755
0.4,955,413.43052283606,412.49152,414.58823,413.2212,0.9390067227787426,1.1577034822993824,0.20933142980999264
0.4,956,413.430608023372,412.49197,414.5884,413.22113,0.938634146418849,1.157801400456151,0.209477652278224
0.4,957,413.430693491011,412.49197,414.58856,413.22113,0.9387196140579022,1.1578685207077228,0.20956311991727716
0.4,958,413.43077874711,412.4906,414.59012,413.2213,0.9401781611725255,1.1593396610930995,0.2094652705475255
0.4,959,413.430863856475,412.49063,414.59244,413.22134,0.940232752959389,1.161573887665611,0.20951986233438902
0.4,960,413.430949072402,412.49152,414.59454,413.22125,0.9394329591207224,1.1635943846292776,0.20969663099572244
0.4,961,413.431034265047,412.49112,414.5957,413.22134,0.9399148802813784,1.1646688599529966,0.20969027090637837
0.4,962,413.431119529828,412.49155,414.59506,413.22128,0.9395728989686063,1.1639427260313937,0.2098365708436063
0.4,963,413.431204831532,412.49152,414.59412,413.22125,0.9396887182507498,1.1629113794055002,0.20995239012574984
0.4,964,413.431289806033,412.49127,414.59305,413.22128,0.9400178333767713,1.1617582896701037,0.21000684704864625
0.4,965,413.431374876722,412.4914,414.59274,413.22125,0.9399808337532249,1.1613680431999,0.21012243531572494
0.4,966,413.431459929305,412.49152,414.59305,413.22125,0.9399438160237423,1.1615881663981327,0.21020748789874233
0.4,967,413.431544849522,412.49176,414.59314,413.22122,0.9397845956157767,1.1615947989154733,0.21032292569390165
0.4,968,413.431629890962,412.4919,414.5922,413.2212,0.9397170491650968,1.1605637125536532,0.2104384847119718
0.4,969,413.431714905884,412.49408,414.59003,413.22092,0.9376353160402573,1.1583119495847427,0.2107981578371323
0.4,970,413.431799584702,412.49414,414.58786,413.22086,0.9376589597019915,1.1560605227198835,0.21094387181136653
0.4,971,413.431884380861,412.49405,414.58585,413.22086,0.9378353085953677,1.1539615664046323,0.21102866797036768
0.4,972,413.431969263709,412.49405,414.58514,413.22083,0.9379201914433679,1.153174779259757,0.2111440683964929
0.4,973,413.43205412446,412.49405,414.5854,413.22086,0.9380050521943986,1.1533340591337264,0.21119841156939856
0.4,974,413.432138912843,412.49432,414.58594,413.22083,0.9378151823742655,1.1537985871569845,0.21131371753051553
0.4,975,413.432223735387,412.49417,414.58563,413.22083,0.9380525928089014,1.1534085888317236,0.2113985400745264
0.4,976,413.432308493108,412.49414,414.5847,413.22083,0.9381678681079961,1.1523777861888789,0.21148329779549613
0.4,977,413.43239343805,412.49402,414.58377,413.22083,0.938374883362485,1.15137731390314,0.21156824273748498
0.4,978,413.432477995624,412.49402,414.58228,413.2208,0.9384594409365263,1.1497973950009737,0.21168331788965133
0.4,979,413.432562705729,412.49353,414.58112,413.22086,0.9390324322915262,1.1485530169272238,0.21170699283840122
0.4,980,413.432647477363,412.49396,414.5808,413.2208,0.9386899578317411,1.1481630695120089,0.21185279962861614
0.4,981,413.432732179703,412.49347,414.58127,413.22086,0.9392629414217595,1.1485361308438655,0.21187646681238448
0.4,982,413.43281682239,412.4938,414.58157,413.22083,0.9390118907493843,1.1487566639381157,0.2119916270775093
0.4,983,413.432901603112,412.49377,414.5814,413.22083,0.9391271890494863,1.1484887777473887,0.21207640779948633
0.4,984,413.432986314172,412.49377,414.58142,413.22083,0.9392119001095125,1.1484345842654875,0.2121611188595125
0.4,985,413.433070798693,412.49377,414.58173,413.22083,0.9392963846304951,1.1486552755257549,0.21224560338049514
0.4,986,413.433155471945,412.4938,414.58243,413.22083,0.9393505403043605,1.1492725065706395,0.2123302766324855
0.4,987,413.433240154156,412.4938,414.5839,413.22086,0.9394352225153852,1.1506526681096148,0.21238444126538525
0.4,988,413.433324679404,412.49384,414.5856,413.2209,0.9394892301852451,1.15227712723663,0.2124384489352451
0.4,989,413.433409199444,412.4938,414.58698,413.2209,0.9396042678033609,1.153565898212264,0.21252296897523593
0.4,990,413.433493783737,412.49384,414.58722,413.2209,0.9396583345182421,1.153725454544258,0.2126075532682421
0.4,991,413.433578119352,412.4938,414.5863,413.2209,0.9397731877113529,1.1527255915855221,0.21269188888322788
0.4,992,413.433662351977,412.4928,414.58527,413.221,0.9408645004144773,1.1516037613042727,0.21265405119572733
0.4,993,413.433746907036,412.4933,414.58493,413.22092,0.9404607742234816,1.1511835128858934,0.21283015898910662
0.4,994,413.43383141049,412.49283,414.58615,413.221,0.9410030413493473,1.1523197125569027,0.2128231097087223
0.4,995,413.433915908349,412.49203,414.5886,413.22113,0.941880996239604,1.154676620947896,0.21278553725522897
0.4,996,413.434000056412,412.491,414.5914,413.22128,0.9430027419588782,1.1574000900723718,0.21271709742762823
0.4,997,413.434084384236,412.49152,414.59348,413.22125,0.9425682709547232,1.1593909575609018,0.21283194282972318
0.4,998,413.434168573738,412.4915,414.59433,413.22128,0.9426829780348953,1.1601612602463547,0.2128856147536453
0.4,999,413.43425286467,412.49097,414.5948,413.22134,0.9432860677949861,1.1605347329862639,0.21290887052936114
0.4,1000,413.434337341642,412.49097,414.59503,413.22134,0.9433705447669922,1.1606943966392578,0.21299334750136723
0.4,1001,413.434421696592,412.49097,414.59644,413.22137,0.9434548997169827,1.1620138502830173,0.2130471848732327
0.4,1002,413.434505930067,412.49152,414.5985,413.2213,0.9429898167857687,1.1640048121204813,0.21319245350451865
0.4,1003,413.434590239768,412.491,414.60043,413.2214,0.9435929253148743,1.1658431098413757,0.21318521047112426
0.4,1004,413.434674471881,412.49152,414.6011,413.22137,0.94315835859976,1.166430264447115,0.21329996016226005
0.4,1005,413.434758804796,412.491,414.60025,413.2214,0.9437614903428653,1.1654914393446347,0.21335377549911527
0.4,1006,413.434842967093,412.49203,414.5987,413.22125,0.9428080549836295,1.1638508805632455,0.21359052568675452
0.4,1007,413.434926940257,412.49106,414.5973,413.22137,0.9438685906476394,1.1623630988054856,0.2135524285382644
0.4,1008,413.435011125199,412.4911,414.59674,413.22134,0.9439222580115256,1.1617295974572244,0.21366713105840063
0.4,1009,413.435095244742,412.49057,414.59702,413.2214,0.9445251763826263,1.1619201361173737,0.21369021544512634
0.4,1010,413.435179206723,412.49112,414.59686,413.22134,0.944059821957353,1.161683586245772,0.21383521258235305
0.4,1011,413.43526325345,412.49078,414.59583,413.22137,0.944479562043739,1.160561941862511,0.21388874173123895
0.4,1012,413.435347425111,412.49213,414.59384,413.2212,0.9432209602672401,1.1584941276233849,0.21415601886099012
0.4,1013,413.435431231767,412.49088,414.59225,413.2213,0.9445559876263587,1.1568234069048913,0.21411775520448373
0.4,1014,413.43551505992,412.49112,414.59048,413.22125,0.9443956751543965,1.1549695592206035,0.21426261851377149
0.4,1015,413.435599195339,412.49057,414.58978,413.2213,0.945029126979648,1.154183519504727,0.21428571877652303
0.4,1016,413.435683153038,412.49075,414.58997,413.2213,0.94492997920986,1.154282667274515,0.214369676475485
0.4,1017,413.435767155528,412.49075,414.59042,413.2213,0.9450139816999013,1.1546564284563487,0.21445367896552625
0.4,1018,413.43585113912,412.49115,414.5903,413.22125,0.9447012367762682,1.1544503745518568,0.21459869771376816
0.4,1019,413.435935017362,412.48505,414.58896,413.22195,0.9508886306432487,1.1530237228723763,0.2139806716588737
0.4,1020,413.43601907383,412.49173,414.58777,413.22116,0.9442893375018571,1.151749480857518,0.21485818515810706
0.4,1021,413.43610283281,412.49347,414.58676,413.22095,0.9426335945287292,1.1506586417993958,0.2151555671849792
0.4,1022,413.436186749207,412.49347,414.58603,413.22092,0.9427175109257746,1.1498423035273504,0.2152700011601496
0.4,1023,413.436270672235,412.49347,414.58624,413.22092,0.9428014339537754,1.1499720035462246,0.21535392418815036
0.4,1024,413.436354492785,412.49316,414.58658,413.22095,0.9431904302849716,1.1502238763556534,0.21540722715997163
0.4,1025,413.436438266674,412.49295,414.5868,413.221,0.9434878272208493,1.1503537255135257,0.21542996589272434
0.4,1026,413.436522214002,412.49332,414.58633,413.22095,0.9432055636114001,1.1498120145136,0.21557494837702507
0.4,1027,413.436605936353,412.49335,414.5859,413.22095,0.9432587683842257,1.1493010460688993,0.21565867072797573
0.4,1028,413.436689742361,412.49323,414.58554,413.22095,0.9434646447047612,1.1488510291233638,0.2157424767360112
0.4,1029,413.436773529246,412.4935,414.58594,413.22092,0.9432737733866361,1.149163970753989,0.2158567811991361
0.4,1030,413.436857521298,412.4935,414.58734,413.22095,0.943357765438634,1.150483787295741,0.21591025567300903
0.4,1031,413.436941191785,412.4935,414.58887,413.22095,0.9434414359256493,1.1519259957149757,0.21599392616002433
0.4,1032,413.43702508769,412.4935,414.59042,413.22098,0.9435253318306422,1.1533984962943578,0.21604730448689224
0.4,1033,413.437108769503,412.49347,414.59113,413.221,0.9436395312217769,1.154016718778223,0.2161004687217769
0.4,1034,413.437192223216,412.49326,414.59058,413.221,0.9439366079816409,1.153383948658984,0.21618392243476592
0.4,1035,413.43727555611,412.49332,414.58994,413.221,0.9439589057193984,1.1526597466243516,0.21626725532877344
0.4,1036,413.437359245281,412.49332,414.58984,413.221,0.9440425948903908,1.1524845047189842,0.21635094449976577
0.4,1037,413.437442855554,412.49332,414.59106,413.221,0.9441262051633998,1.1536215975709752,0.21643455477277485
0.4,1038,413.437526459275,412.49463,414.59332,413.2209,0.9428975530249772,1.1557962946312728,0.21664022880622724
0.4,1039,413.437609716991,412.4932,414.59576,413.2211,0.9444151369128804,1.1581544431652446,0.21650986347538037
0.4,1040,413.437693163991,412.49405,414.59732,413.221,0.943644091725389,1.159627392649611,0.216684863209764
0.4,1041,413.437776465895,412.49414,414.5975,413.221,0.9436358408950127,1.1597271962143623,0.21676816511376273
0.4,1042,413.437859867745,412.49405,414.59732,413.221,0.9438107954793509,1.1594606888956491,0.21685156696372587
0.4,1043,413.437943530394,412.49405,414.59732,413.221,0.9438944581283977,1.1593770262466023,0.21693522961277267
0.4,1044,413.438026995496,412.49405,414.59827,413.221,0.9439779232303636,1.1602396060665114,0.21701869471473856
0.4,1045,413.438110336867,412.49432,414.60007,413.221,0.9437866063982483,1.1619568018048767,0.2171020360857483
0.4,1046,413.438193753598,412.49417,414.6019,413.22107,0.9440226110198751,1.163704439761375,0.21712441766050006
0.4,1047,413.438277082348,412.49414,414.60257,413.22107,0.9441364573480087,1.1642924977301163,0.21720774641050866
0.4,1048,413.438360534278,412.49414,414.6019,413.22107,0.9442199092779902,1.1635376590813848,0.21729119834049015
0.4,1049,413.438443739468,412.49417,414.60095,413.22104,0.9442725968899026,1.1625084089694724,0.21740492110865262
0.4,1050,413.438526823076,412.49344,414.59802,413.2211,0.9450881023728925,1.1594956378614825,0.21742696956039254
0.4,1051,413.438610124988,412.49423,414.59747,413.221,0.9443779472535994,1.1588630195432756,0.21760182420672436
0.4,1052,413.438693425981,412.4933,414.59772,413.2211,0.9454072931685005,1.1590238591752495,0.21759357246537547
0.4,1053,413.438776577115,412.4933,414.59766,413.2211,0.945490444302493,1.158879672885007,0.21767672359936796
0.4,1054,413.438859852024,412.49277,414.59683,413.22116,0.9460925180396202,1.1579724233666298,0.21769896335212024
0.4,1055,413.438943048545,412.49277,414.59525,413.22113,0.9461757145606384,1.1563023127831116,0.21781267745126343
0.4,1056,413.439025945586,412.49338,414.59396,413.22104,0.9456482600391496,1.1549376774608504,0.2179871272266496
0.4,1057,413.439108973003,412.49277,414.59286,413.2211,0.9463416390186126,1.1537560172313874,0.21800911948736257
0.4,1058,413.439192090127,412.4933,414.59244,413.22104,0.9459059573144941,1.1532456540136309,0.21815327176761912
0.4,1059,413.439275186255,412.4928,414.59296,413.2211,0.9464773346924744,1.1536813567137756,0.21817533273934941
0.4,1060,413.439358205974,412.4928,414.59354,413.2211,0.9465603544114742,1.1541781709791508,0.21825835245834924
0.4,1061,413.439441261218,412.4928,414.59335,413.2211,0.9466434096555076,1.1539120102663674,0.21834140770238264
0.4,1062,413.439524259922,412.49356,414.59244,413.221,0.9459634689063705,1.1529134842186295,0.2185159591407455
0.4,1063,413.439607430777,412.4933,414.59125,413.221,0.9463212979645164,1.1516401278167336,0.21859912999576636
0.4,1064,413.439690229956,412.49274,414.58954,413.22107,0.9469534135497497,1.1498483442627503,0.2186208940184997
0.4,1065,413.439773022437,412.49258,414.5884,413.22107,0.9471887939213843,1.1486364013911157,0.21870368649950933
0.4,1066,413.439856029216,412.49252,414.58838,413.22107,0.9473328358566278,1.1485228770339972,0.21878669327850275
0.4,1067,413.439938969722,412.49136,414.58887,413.22122,0.9485754443313681,1.148928217778007,0.2187170458938681
0.4,1068,413.440021856252,412.49106,414.5893,413.22125,0.948963506642599,1.149272577341776,0.218769414845724
0.4,1069,413.440104878638,412.4911,414.5893,413.22125,0.9490160114505102,1.1491895549557398,0.21885243723176018
0.4,1070,413.440187806369,412.49063,414.58942,413.2213,0.9495567028533856,1.1492286975372394,0.21887432980651056
0.4,1071,413.440270501052,412.4917,414.58948,413.2212,0.948571282301998,1.149207038010502,0.21907909480199805
0.4,1072,413.440353395783,412.49115,414.58997,413.22125,0.9492034934392564,1.1496124245294936,0.21910095437675636
0.4,1073,413.440436301242,412.49063,414.59113,413.2213,0.9498051977263913,1.1506891870392337,0.21912282467951627
0.4,1074,413.440519088518,412.49057,414.59277,413.22137,0.9499490201586127,1.1522543489820123,0.2191445767992377
0.4,1075,413.440601838424,412.4906,414.5938,413.22137,0.9500012524865156,1.1532091967322344,0.21922732670526557
0.4,1076,413.44068466363,412.49112,414.5938,413.2213,0.9495652788643838,1.1531263715262412,0.2193711870675088
0.4,1077,413.440767294897,412.49057,414.59256,413.22134,0.9501972265376253,1.1517925195561247,0.21942330075637528
0.4,1078,413.440849767602,412.4911,414.59137,413.22128,0.9497609004145033,1.1505198613042467,0.21956680861762834
0.4,1079,413.440932593219,412.49115,414.5908,413.22125,0.9497826908752245,1.1498572017029005,0.2196801518127245
0.4,1080,413.441015337009,412.4861,414.59198,413.22186,0.9549008350558665,1.1509646434597585,0.21915254404024154
0.4,1081,413.441098057612,412.49136,414.59433,413.22128,0.9497345322213846,1.1532317763723654,0.2198150986276346
0.4,1082,413.44118044974,412.49136,414.59702,413.2213,0.9498169243493635,1.1558349311193865,0.2198669731774885
0.4,1083,413.44126301355,412.49084,414.5986,413.2214,0.9504182869874853,1.1573392813718897,0.21985798425311032
0.4,1084,413.44134549338,412.49097,414.5989,413.2214,0.9503786965050267,1.1575619773230983,0.2199404640831517
0.4,1085,413.44142806497,412.49066,414.5986,413.22144,0.9507664438762617,1.1571742299518633,0.21999251809501175
0.4,1086,413.441510926521,412.49075,414.5986,413.2214,0.9507577526928799,1.1570913684008701,0.22010589722412988
0.4,1087,413.441593524537,412.49072,414.59985,413.22144,0.9508708682869838,1.1582599910880162,0.22015797766198375
0.4,1088,413.441676036743,412.49094,414.6018,413.22144,0.9507397574461152,1.1601306038820098,0.22024048986799016
0.4,1089,413.44175858815,412.49048,414.60382,413.22153,0.9512800725249804,1.1620622126312696,0.22023148854060537
0.4,1090,413.441841076991,412.48575,414.60385,413.22208,0.956092785975386,1.162010241368364,0.21976466097538605
0.4,1091,413.441923664383,412.4916,414.60278,413.22137,0.9503159983673868,1.1608595387419882,0.22054915266426178
0.4,1092,413.442006069937,412.49106,414.60144,413.22144,0.9509477203276333,1.1594343597504917,0.2205705230620083
0.4,1093,413.442088412488,412.4857,414.60025,413.22205,0.9564011566286013,1.1581618316526487,0.22004251405047626
0.4,1094,413.442170843383,412.4861,414.5996,413.222,0.9560563414298713,1.1574385316170037,0.22018598010174628
0.4,1095,413.442253213469,412.4861,414.59982,413.222,0.9561387115158482,1.1575697845779018,0.22026835018772317
0.4,1096,413.442335466039,412.4857,414.5999,413.22205,0.956648210179651,1.157579084742224,0.22028956760152596
0.4,1097,413.442417863121,412.4861,414.5991,413.222,0.9563033611678975,1.1566727130508525,0.2204329998397725
0.4,1098,413.442500273786,412.4857,414.5976,413.222,0.9568130179266063,1.1550949410577687,0.22051541050473134
0.4,1099,413.442582316213,412.4861,414.5964,413.22192,0.956467814259895,1.153822713083855,0.22065848808802002
0.4,1100,413.442664366544,412.48615,414.5952,413.22192,0.9565193470127724,1.1525504772059776,0.22074053841902241
0.4,1101,413.442746662207,412.48572,414.59488,413.22195,0.9570288887695142,1.1521324881836108,0.2207923165038892
0.4,1102,413.442828883728,412.48572,414.59537,413.22195,0.9571111102904979,1.152538547912627,0.2208745380248729
0.4,1103,413.442911149535,412.48645,414.59634,413.2219,0.9564609542225071,1.153432844605618,0.2210178389881321
0.4,1104,413.442993342951,412.48642,414.5965,413.2219,0.9565736652166379,1.153503239080237,0.2211000324041379
0.4,1105,413.443075470914,412.48596,414.59598,413.22195,0.9571135568514819,1.152902312289143,0.22112112521085692
0.4,1106,413.443157779993,412.48523,414.5953,413.22202,0.9579282878054869,1.1521486164913881,0.2211423991336119
0.4,1107,413.443239702207,412.48523,414.59433,413.22202,0.9580102100194949,1.15109013177738,0.22122432134761993
0.4,1108,413.443321761114,412.4861,414.59354,413.2219,0.9572072591608958,1.1502146158391042,0.22142845056714577
0.4,1109,413.443403922159,412.48633,414.59363,413.22186,0.9570757971590069,1.150224007528493,0.22154112919025692
0.4,1110,413.44348599192,412.4867,414.594,413.22183,0.9567916559824994,1.1505081487050006,0.22165371652937438
0.4,1111,413.443567987842,412.48874,414.59424,413.2216,0.954828974170141,1.150670293407984,0.221979853076391
0.4,1112,413.443650176389,412.48874,414.59384,413.2216,0.9549111627171101,1.15019137634539,0.22206204162336007
0.4,1113,413.443732273361,412.48865,414.5937,413.2216,0.955084812423479,1.149956691482771,0.22214413859535398
0.4,1114,413.44381422236,412.48868,414.5938,413.2216,0.9551362438443789,1.149996812796246,0.2222260875943789
0.4,1115,413.44389628387,412.4887,414.59427,413.2216,0.9551877877762536,1.1503725149581214,0.22230814910437857
0.4,1116,413.443978306464,412.48883,414.59555,413.2216,0.9551477400577255,1.1515722306453995,0.22239017169835051
0.4,1117,413.44406023512,412.4584,414.5973,413.22522,0.9856556941043664,1.1532298039425086,0.21884050855749138
0.4,1118,413.444142107096,412.45844,414.59885,413.22522,0.9857070485022632,1.1547043284508618,0.2189223805335132
0.4,1119,413.444224056084,412.45593,414.59918,413.22552,0.9882914388965105,1.1549580728222395,0.2186991537402605
0.4,1120,413.444305826627,412.4532,414.59854,413.22583,0.9911197914707373,1.1542354331386377,0.21847574850198725
0.4,1121,413.444387418739,412.45505,414.5976,413.22562,0.9893398113171088,1.1532077961047662,0.2187709636608588
0.4,1122,413.444469265377,412.4554,414.59732,413.22556,0.9890554470176198,1.1528512912636302,0.21891384545511983
0.4,1123,413.444551166362,412.452,414.5984,413.22598,0.9925553167526004,1.1538375055130246,0.21856850034635045
0.4,1124,413.444633006248,412.45206,414.60052,413.226,0.9925761214823865,1.1558918960957385,0.2186198226542615
0.4,1125,413.444714470689,412.4554,414.60284,413.22565,0.9893006523296322,1.1581297675922428,0.21906749803275716
0.4,1126,413.444796132951,412.45154,414.60416,413.2261,0.9932580470135122,1.1593603611896128,0.21869139662288717
0.4,1127,413.444877728649,412.45483,414.60428,413.22574,0.9900437442739758,1.1594008358041492,0.2191392032583508
0.4,1128,413.444959464629,412.45187,414.604,413.22607,0.9930856853321188,1.1590444416210062,0.21888524587899383
0.4,1129,413.445041210841,412.4547,414.60367,413.22574,0.9903292967784978,1.1586270020496272,0.2193026854503728
0.4,1130,413.445122983361,412.45483,414.60458,413.22574,0.9902889989859887,1.1594607568733863,0.21938445797036366
0.4,1131,413.445204639588,412.45224,414.60648,413.22607,0.9929646493536097,1.1612711904901403,0.21913042083798473
0.4,1132,413.445286485994,412.45172,414.6083,413.22614,0.9935652945877678,1.1630203987716072,0.21915123208776777
0.4,1133,413.445368162947,412.4551,414.6091,413.22577,0.990259520368852,1.163732178849898,0.219599119978227
0.4,1134,413.445449580095,412.45187,414.6085,413.22614,0.9935758007981121,1.1630404101393879,0.21931432618873714
0.4,1135,413.445530974841,412.45474,414.60733,413.22577,0.9907885432003809,1.161799347424619,0.2197619318722559
0.4,1136,413.445612508845,412.4544,414.60605,413.2258,0.991205770563738,1.160436075139387,0.21981294829811304
0.4,1137,413.445694114325,412.4514,414.6055,413.22614,0.9943086162781469,1.159805153253103,0.21955886041877193
0.4,1138,413.445775645954,412.45264,414.6057,413.226,0.9931389272039723,1.1599372446710277,0.21976246236022234
0.4,1139,413.445857010914,412.44977,414.60553,413.22635,0.9960889445077328,1.1596727742422672,0.21950813396085778
0.4,1140,413.445938465491,412.4526,414.60443,413.22598,0.9933322643191218,1.1584926868527532,0.2199557994753718
0.4,1141,413.446020013581,412.45264,414.60254,413.22595,0.9933832948310055,1.1565190489189945,0.22006786514350551
0.4,1142,413.446101192378,412.45016,414.60104,413.22623,0.9959363974561484,1.1549425087938516,0.21987438573739837
0.4,1143,413.446182445904,412.453,414.59964,413.2259,0.9931795162165145,1.1534574466741105,0.22029133262276446
0.4,1144,413.446263972101,412.45148,414.59906,413.22604,0.9947869213197578,1.1527960864927422,0.22022027092913277
0.4,1145,413.446345322181,412.44962,414.59943,413.22626,0.9967298436653778,1.1530809473502472,0.22008799796225276
0.4,1146,413.446426713838,412.45294,414.59995,413.2259,0.9934848193067296,1.1535183545213954,0.2205356005567296
0.4,1147,413.446508053486,412.45023,414.5999,413.2262,0.9962822234078885,1.1534064972952365,0.22031176442351352
0.4,1148,413.446589310085,412.45023,414.5992,413.2262,0.9963634800068917,1.1526233363993583,0.22039302102251668
0.4,1149,413.446670771155,412.4499,414.59824,413.22623,0.9967806344362771,1.151565312829348,0.22044396451440207
0.4,1150,413.446751841596,412.45282,414.59674,413.22586,0.993932017377233,1.149988881060267,0.22089124589285802
0.4,1151,413.446833049735,412.45248,414.5955,413.2259,0.9943489188756303,1.1486564522181197,0.22094193645375526
0.4,1152,413.446914357969,412.4527,414.59528,413.22586,0.9942166040627285,1.1483615209372715,0.2210537622658535
0.4,1153,413.446995574872,412.44983,414.59546,413.2262,0.9971664733095054,1.1484634095029946,0.22079928580950536
0.4,1154,413.447076732178,412.45273,414.59558,413.22586,0.9943484606936295,1.1485043225094955,0.22121613647487948
0.4,1155,413.447158076783,412.45145,414.5953,413.226,0.9957115435798869,1.148148319701363,0.2211448931892619
0.4,1156,413.447239349224,412.45197,414.5953,413.22595,0.9952740171927417,1.1480670472603833,0.22128720078649167
0.4,1157,413.447320290037,412.4513,414.59537,413.226,0.9960263447244984,1.1480471416036266,0.22130710644324836
0.4,1158,413.447401497292,412.44992,414.596,413.2262,0.9974808429951167,1.1486068034892583,0.22120520822949175
0.4,1159,413.447482665423,412.45352,414.59747,413.22577,0.9939609369073992,1.1499904791082258,0.22171362245427417
0.4,1160,413.447563743611,412.44995,414.59918,413.22623,0.9976125717359992,1.1516183852952508,0.22133693697037415
0.4,1161,413.447644781909,412.4526,414.60013,413.22592,0.9950385807371163,1.1524833919191337,0.22172315104961626
0.4,1162,413.447725886839,412.45618,414.60022,413.22552,0.9915491290265095,1.1524938397234905,0.2222009844952595
0.4,1163,413.44780680119,412.45374,414.5992,413.22577,0.9940714496274836,1.1514058452943914,0.22203775822123362
0.4,1164,413.44788760129,412.45407,414.59836,413.22574,0.9938165563681309,1.150470553006869,0.22214907589938093
0.4,1165,413.44796870316,412.45135,414.59818,413.22604,0.9966137226912224,1.1502063456681526,0.2219250019880974
0.4,1166,413.448049732093,412.45096,414.5995,413.2261,0.9970914801398862,1.1514375725944888,0.22194499576488624
0.4,1167,413.448130740181,412.45383,414.60193,413.2258,0.994303835884125,1.1537979707565,0.22233117963412496
0.4,1168,413.448211302539,412.45364,414.6044,413.22586,0.9945675037108686,1.1561893322266314,0.22235070683586855
0.4,1169,413.448292133649,412.45374,414.60608,413.2259,0.9945567820864767,1.1577869679135233,0.2224010203677267
0.4,1170,413.448372879695,412.45392,414.60638,413.22586,0.9944544226637504,1.1580113976487496,0.2225122839918754
0.4,1171,413.44845372712,412.45142,414.6062,413.22617,0.9970377114950111,1.157747444754989,0.22228795563563608
0.4,1172,413.448534795522,412.45294,414.60608,413.22598,0.9955929009907436,1.1575443060405064,0.2225521295063686
0.4,1173,413.448615694113,412.45297,414.60693,413.22598,0.9956432820036412,1.1583178996369838,0.22263302809739116
0.4,1174,413.448696500901,412.45126,414.60867,413.2262,0.9974330731666328,1.1599765948021172,0.22250021183850777
0.4,1175,413.448777344924,412.45364,414.61038,413.22595,0.9951335460958717,1.1616047351541283,0.22282519648649668
0.4,1176,413.448858178618,412.45184,414.61093,413.22617,0.9970149168992748,1.1620732178663502,0.2226924071336498
0.4,1177,413.448938779968,412.45135,414.61023,413.22623,0.9975837994992389,1.161290712219511,0.22271197332736392
0.4,1178,413.449019345315,412.45135,414.60922,413.2262,0.99766436484623,1.160203066794395,0.22282305625248
0.4,1179,413.449099985374,412.45377,414.60815,413.2259,0.99533411623338,1.159054311500995,0.22320887209275497
0.4,1180,413.449180719292,412.45245,414.60822,413.22607,0.9967271060107237,1.1590346127392763,0.22310650054197367
0.4,1181,413.449261463046,412.45392,414.60895,413.2259,0.9953430060147639,1.1596862908602361,0.2233703497647639
0.4,1182,413.449341969611,412.4543,414.60938,413.22586,0.9950267840641231,1.1600330303890019,0.22348137390787315
0.4,1183,413.449422677742,412.48602,414.60876,413.2221,0.9633997285232567,1.1593419706954933,0.22731574414825673
0.4,1184,413.449503352554,412.48593,414.60712,413.2221,0.963571956069643,1.157613346664732,0.22739641896026797
0.4,1185,413.449583697757,412.45654,414.60516,413.22552,0.9930407290070207,1.1555798764617293,0.22405879541327067
0.4,1186,413.449664138381,412.45654,414.60373,413.22552,0.9931211696310243,1.1540651096658507,0.22413923603727426
0.4,1187,413.449744688223,412.4535,414.6034,413.22586,0.9962534772855065,1.1536488664644935,0.2238840925198815
0.4,1188,413.449825222951,412.4557,414.6042,413.22562,0.9941367463885058,1.1543617887677442,0.2242087678728808
0.4,1189,413.449905683472,412.4533,414.6051,413.22592,0.996597578003275,1.155196855590475,0.22398405261264998
0.4,1190,413.449986176282,412.4533,414.60507,413.22592,0.9966780708132319,1.155085845202393,0.2240645454226069
0.4,1191,413.450066612383,412.45334,414.60443,413.2259,0.9967279893361365,1.1543645399607385,0.2241754991017615
0.4,1192,413.45014722893,412.45493,414.60388,413.2257,0.9952216918206318,1.1537346070074932,0.2244392211175068
0.4,1193,413.450227473569,412.4529,414.60294,413.22592,0.9973160966158616,1.1527083174466384,0.22430584270961162
0.4,1194,413.450307845221,412.45486,414.60233,413.2257,0.9954433432678798,1.1520175942321202,0.22459983740850475
0.4,1195,413.450388318057,412.45203,414.60272,413.22604,0.9983619508694801,1.15233384991177,0.2243446168851051
0.4,1196,413.450468700517,412.45203,414.60345,413.22604,0.9984423333294785,1.1529858893267715,0.22442499934510352
0.4,1197,413.450549025629,412.45523,414.60397,413.22568,0.9953183127383909,1.1534243630428591,0.2248715353946409
0.4,1198,413.450629491378,412.4517,414.60376,413.22607,0.9989388175498561,1.1531302742470189,0.22455527262798114
0.4,1199,413.450709875046,412.4549,414.60364,413.2257,0.9958148555147659,1.152927820266484,0.2250018672335159
0.4,1200,413.450790047234,412.45197,414.6035,413.22604,0.9988247152027725,1.1526950601878525,0.2247463460621475
0.4,1201,413.450870408433,412.45483,414.6038,413.2257,0.9960364240579906,1.1529198747701344,0.22516240062049064
0.4,1202,413.450950742198,412.4549,414.6049,413.22574,0.9960557226667675,1.1539381738176075,0.22521221680739245
0.4,1203,413.451030974122,412.45493,414.60645,413.22574,0.9961054370126021,1.1554143383780229,0.22529244873135212
0.4,1204,413.451111197602,412.45215,414.60754,413.22607,0.9989627601020175,1.1564327477104825,0.22503697885201746
0.4,1205,413.451191472861,412.45526,414.6076,413.2257,0.9959302423922622,1.1564135076077378,0.22548346504851224
0.4,1206,413.451271552254,412.4549,414.6065,413.22574,0.9963765327227634,1.1552347954022366,0.22553302686338839
0.4,1207,413.45135155942,412.45132,414.60538,413.22617,1.0000270965293794,1.1540256378456206,0.22518578793562938
0.4,1208,413.451431833661,412.45197,414.6046,413.22607,0.9994665016297404,1.1531824241515096,0.22535761491099038
0.4,1209,413.451512043074,412.4512,414.60574,413.22617,1.0003096504958648,1.1542313651291352,0.22534627158961484
0.4,1210,413.451592220591,412.44977,414.60773,413.22638,1.0018241541847601,1.1561348301902399,0.22521282605976012
0.4,1211,413.451671948813,412.45248,414.61014,413.22607,0.9991878179536116,1.1584659906401384,0.22559773006298656
0.4,1212,413.451751952084,412.44943,414.61166,413.22647,1.0023195790371346,1.1599118662753654,0.22528100481838464
0.4,1213,413.451831874531,412.4501,414.612,413.22638,1.001728114765399,1.160167637187726,0.2254524799997739
0.4,1214,413.451911890903,412.44943,414.612,413.22647,1.0024795178561021,1.1600876208157729,0.22544094363735212
0.4,1215,413.451992137085,412.45227,414.6121,413.22614,0.9997216292725284,1.1600989273680966,0.2258568831787784
0.4,1216,413.452072220617,412.44922,414.6131,413.2265,1.0028534706170262,1.1610259239142238,0.22557075577327623
0.4,1217,413.452152196409,412.44904,414.61517,413.22656,1.0031165518777243,1.1630211434347757,0.2255896964089743
0.4,1218,413.452232199029,412.4496,414.61713,413.22653,1.0026472380915266,1.1648942658147234,0.22570021660715156
0.4,1219,413.452312101607,412.45267,414.61804,413.22617,0.9996448652788672,1.1657298905805078,0.2261463301226172
0.4,1220,413.452392116085,412.4494,414.61746,413.22656,1.0029902606162295,1.1650700421181455,0.22582961608497953
0.4,1221,413.45247221983,412.44952,414.61655,413.22653,1.0029482940487355,1.1640744110293895,0.22594023740811053
0.4,1222,413.452551960789,412.45236,414.61523,413.22617,1.0001899002421055,1.1626824142110195,0.22638618930460552
0.4,1223,413.4526318567,412.4524,414.6146,413.22617,1.000239278575009,1.161961649159366,0.22646608521563394
0.4,1224,413.452711773175,412.44974,414.6145,413.22647,1.0029742243468718,1.1617901799500032,0.22624082590937178
0.4,1225,413.452791491168,412.45227,414.61404,413.22617,1.0005209833555,1.161252698285125,0.226625719683625
0.4,1226,413.452871401281,412.4501,414.6125,413.2264,1.0027676415153906,1.1596163916877344,0.22646148917164055
0.4,1227,413.4529512405,412.45264,414.61032,413.22607,1.0003145217499991,1.1573698044218759,0.22687702174999913
0.4,1228,413.453030858991,412.4501,414.6081,413.22635,1.00292709922536,1.155062402727765,0.22668198203786005
0.4,1229,413.453110516216,412.44955,414.60602,413.22638,1.003556072856611,1.152907550190264,0.22673112168473608
0.4,1230,413.453190249393,412.44986,414.605,413.22632,1.0033306302523783,1.1518207369351217,0.22687189001800334
0.4,1231,413.453269984937,412.4524,414.60532,413.226,1.0008774068119806,1.1520461771723944,0.22725680134323056
0.4,1232,413.4533496568,412.45108,414.60498,413.22617,1.0022693345343896,1.1516308119499854,0.2271838853156396
0.4,1233,413.453429299211,412.45624,414.60464,413.22556,0.9971915062422454,1.1512154761796296,0.2278738792891204
0.4,1234,413.453508897763,412.44922,414.60394,413.22638,1.0042901477630153,1.1504339733307347,0.22712950323176528
0.4,1235,413.45358864909,412.45203,414.60352,413.22604,1.0015622819025225,1.1499269759099775,0.2275449479181475
0.4,1236,413.453668007012,412.45053,414.60303,413.2262,1.003137001152652,1.149359336737973,0.22747171794952692
0.4,1237,413.453747676449,412.453,414.60284,413.22592,1.0007447467614838,1.1490965618322662,0.22782604558960884
0.4,1238,413.453827385956,412.453,414.60342,413.22592,1.0008244562685036,1.1495966863096214,0.22790575509662858
0.4,1239,413.453906945658,412.4502,414.60443,413.22626,1.003711633157991,1.150524206685759,0.22764962143924095
0.4,1240,413.453986495589,412.453,414.60495,413.22595,1.0009835659014925,1.1509634555828825,0.2280343471514925
0.4,1241,413.454066192953,412.45023,414.60498,413.2263,1.0038403628748824,1.1509142757969926,0.22777835115613243
0.4,1242,413.454145773795,412.45367,414.6051,413.22586,1.0004714573887554,1.1509567652674946,0.22828517809188043
0.4,1243,413.454225132277,412.4505,414.6053,413.22626,1.0037246439957244,1.1510605122542756,0.22796780805822436
0.4,1244,413.454304639761,412.45035,414.60577,413.22626,1.0039567393703805,1.1514692860202445,0.22804731554225555
0.4,1245,413.454384206161,412.4507,414.60718,413.22626,1.0036700948328985,1.1527935282139765,0.22812688194227349
0.4,1246,413.454463695779,412.4524,414.60876,413.22607,1.0020711176539976,1.1543009526585024,0.2283894770289976
0.4,1247,413.454543067875,412.45404,414.6104,413.2259,1.0005025405312722,1.1558695297812278,0.2286519545937722
0.4,1248,413.454622511974,412.45215,414.61078,413.22614,1.0024740744739802,1.1561562966197698,0.22848725806773018
0.4,1249,413.454701780164,412.45215,414.61023,413.22614,1.0025533426639868,1.1555277120235132,0.22856652625773677
0.4,1250,413.454780823678,412.45447,414.60962,413.22583,1.0003130502404929,1.1548383169470071,0.22895074555299288
0.4,1251,413.454860310799,412.45316,414.60934,413.22598,1.0017047932208811,1.1544841716228689,0.22887764478338113
0.4,1252,413.454939743106,412.4544,414.61075,413.22586,1.0005330048247743,1.1558085479096007,0.22907914740289925
0.4,1253,413.455019082951,412.454,414.61322,413.22595,1.0010090731854007,1.1582011318927243,0.22906693451352567
0.4,1254,413.455098073664,412.45566,414.61578,413.2258,0.9994401146796008,1.1606856177422742,0.2292985131171008
0.4,1255,413.4551772649,412.45605,414.6174,413.22577,0.9991225773999872,1.1622238581468878,0.22940822193123722
0.4,1256,413.455256378654,412.45374,414.6177,413.22604,1.001521027091485,1.16244992017414,0.22921267748210994
0.4,1257,413.455335599231,412.45624,414.61755,413.22574,0.9990978062622276,1.1622181117065224,0.22959707384035255
0.4,1258,413.455415026795,412.45438,414.61746,413.22595,1.0010388060918558,1.1620471314081442,0.2294628783574808
0.4,1259,413.455494288947,412.45532,414.6187,413.22586,1.0001720233220226,1.1632190899592274,0.2296336932438976
0.4,1260,413.455573457567,412.45294,414.62076,413.22617,1.0026315630357772,1.1651845990735978,0.22940768608265216
0.4,1261,413.45565263963,412.4553,414.6228,413.22592,1.0003608915831137,1.1671500947450113,0.2297310087706137
0.4,1262,413.455731716113,412.45282,414.62378,413.22623,1.0029118918942572,1.1680475807619928,0.22950490947238222
0.4,1263,413.455810918469,412.45468,414.62323,413.226,1.0011295219846374,1.1674190619997376,0.22979773487526245
0.4,1264,413.455889983883,412.45502,414.62228,413.22595,1.0008728940392757,1.1663939516638493,0.2299378354455257
0.4,1265,413.455968914452,412.45264,414.62112,413.22623,1.0033321957020007,1.1651553531261243,0.22974210781137572
0.4,1266,413.456048002011,412.45502,414.62064,413.22592,1.0010309121672663,1.1645879843171087,0.23012637115164125
0.4,1267,413.456127049613,412.45242,414.62045,413.22623,1.0037039539098487,1.1643258312464013,0.22990024297234868
0.4,1268,413.456205959379,412.45563,414.6202,413.22586,1.0005785179727695,1.1640027808553555,0.23034536367589453
0.4,1269,413.456285053204,412.45245,414.61893,413.2262,1.0038314399227488,1.1626419487491262,0.2300887641414988
0.4,1270,413.456364085226,412.45563,414.61697,413.2258,1.0007366438197778,1.1606097917270972,0.23056452467915278
0.4,1271,413.456442895449,412.45273,414.61526,413.22614,1.0037146239646404,1.1588219971291096,0.2303076415427654
0.4,1272,413.456521726908,412.4545,414.6137,413.2259,1.0020234358923972,1.1571867691857278,0.23063061362677217
0.4,1273,413.456600659076,412.4546,414.61298,413.2259,1.0020108153260026,1.1563754151427474,0.23070954579475256
0.4,1274,413.456679590366,412.45172,414.61337,413.22623,1.0049583989597295,1.1566932123683955,0.2304527837253545
0.4,1275,413.456758426263,412.45343,414.61398,413.226,1.0033282504817294,1.1572247280338956,0.23074524266922936
0.4,1276,413.456837263618,412.4546,414.61414,413.2259,1.002247419868013,1.157298478569487,0.2309461503367629
0.4,1277,413.456916054834,412.45462,414.61362,413.2259,1.0022956935058573,1.1567008885253927,0.23102494155273234
0.4,1278,413.456994994642,412.45148,414.613,413.22626,1.0055179438607524,1.1560115971548726,0.23073767042325244
0.4,1279,413.457073460858,412.45132,414.61227,413.22626,1.0057489979673733,1.1552007090638767,0.23081613663924827
0.4,1280,413.457152047133,412.45285,414.61148,413.22607,1.004301705336104,1.154328665757646,0.23107782838297908
0.4,1281,413.457230954642,412.45285,414.6118,413.22607,1.0043806128451251,1.1545549340298749,0.23115673589200014
0.4,1282,413.457309749157,412.44962,414.61227,413.22644,1.007694270641366,1.154964420764884,0.23086931946949107
0.4,1283,413.457388494823,412.4529,414.61234,413.22607,1.0044771178698966,1.1549467102551034,0.23131427607302157
0.4,1284,413.457467388678,412.45004,414.6121,413.2264,1.007424664068651,1.154623675775099,0.23105747656865105
0.4,1285,413.457546121322,412.4529,414.612,413.22607,1.0046347443689,1.154453390396725,0.2314719025720251
0.4,1286,413.457624650267,412.45004,414.61212,413.2264,1.0075819256576324,1.1544969317642426,0.23121473815763238
0.4,1287,413.457703358541,412.45248,414.61295,413.22614,1.0052192276816072,1.1552421980996428,0.2315681046347322
0.4,1288,413.457782082849,412.44952,414.6146,413.2265,1.0082581570677576,1.1568114230103674,0.23128061800525757
0.4,1289,413.457860679161,412.45123,414.61655,413.22632,1.0066277690047514,1.1586859516983736,0.23154231978600137
0.4,1290,413.457939511072,412.4524,414.61813,413.2262,1.005546932947027,1.160194033849848,0.23174322200952702
0.4,1291,413.458018158388,412.44952,414.61853,413.22656,1.008494232606722,1.160512115049528,0.2314556583879721
0.4,1292,413.458096556777,412.4524,414.61746,413.2262,1.0057039786519795,1.1593656014261455,0.23190026771447947
0.4,1293,413.45817485373,412.45126,414.6161,413.22632,1.006911425995611,1.157914013457514,0.2318564943549859
0.4,1294,413.458253508424,412.45242,414.61526,413.22617,1.0058304127208544,1.1570113841541456,0.23208773693960438
0.4,1295,413.458332079576,412.45142,414.6157,413.2263,1.006916063950996,1.157360059095879,0.23204423777912098
0.4,1296,413.458410652878,412.45,414.61734,413.22647,1.0083984458467512,1.1589294350126238,0.2319397056123762
0.4,1297,413.458488879327,412.45276,414.61926,413.2262,1.0057300902644783,1.1607738159855217,0.23229259026447835
0.4,1298,413.458567285186,412.44992,414.62027,413.22653,1.0086466308891318,1.1617024902046182,0.23203530276413176
0.4,1299,413.458645536695,412.45248,414.6203,413.22623,1.0061614058355985,1.1616547562737765,0.23241873005434854
0.4,1300,413.458723937494,412.44962,414.6198,413.22656,1.0091084589784032,1.1610880742247218,0.23216143749402818
0.4,1301,413.458802637725,412.45245,414.6193,413.22623,1.0063490244437503,1.1604905751656247,0.2325758310843753
0.4,1302,413.458881072661,412.45245,414.62036,413.22623,1.0064274593797222,1.1614802554640278,0.23265426602034722
0.4,1303,413.458959385835,412.45224,414.62137,413.22626,1.0067193956006122,1.1624090223681378,0.2327020616162372
0.4,1304,413.459037783545,412.45755,414.62274,413.22565,1.001487734716875,1.16370391567375,0.2333908108887499
0.4,1305,413.459116061592,412.45056,414.62305,413.2265,1.008554538154499,1.163930813408001,0.23261459674824891
0.4,1306,413.459194428752,412.45154,414.6222,413.22635,1.0076563428145278,1.1629979540604722,0.23284555179890276
0.4,1307,413.459272904039,412.45114,414.6211,413.22638,1.0081315466171077,1.1618208459610173,0.2328935095077327
0.4,1308,413.459351011094,412.45465,414.6198,413.22595,1.004700132187736,1.160461000624764,0.23339886265648602
0.4,1309,413.459429298976,412.45215,414.6191,413.22626,1.0072808614759765,1.1596808084458985,0.2331719747572265
0.4,1310,413.459507608467,412.45053,414.61914,413.22644,1.0089766026076177,1.1596330165330073,0.23306717877949268
0.4,1311,413.45958572103,412.4506,414.619,413.22644,1.0089936800143846,1.1594023160793654,0.2331452913425096
0.4,1312,413.459663965369,412.4534,414.61804,413.22607,1.00626430716585,1.158378026818525,0.2335897466189749
0.4,1313,413.459742234434,412.45053,414.61627,413.2264,1.0092112285745998,1.1565297382222752,0.23333232232459977
0.4,1314,413.459820129302,412.4506,414.61508,413.22638,1.0092280882863633,1.1552616578073867,0.23344073477073835
0.4,1315,413.459898044111,412.4506,414.61386,413.22635,1.0093060030953893,1.1539630398733607,0.23354916715788931
0.4,1316,413.459976196728,412.45358,414.6136,413.226,1.0063934330561324,1.1536102290532426,0.23396301313425738
0.4,1317,413.460054281697,412.4505,414.6145,413.22638,1.009553793415762,1.154447671427988,0.2336748871657619
0.4,1318,413.460132376075,412.4506,414.61575,413.22638,1.0095403350593983,1.1556207977531017,0.23375298154377333
0.4,1319,413.460210429762,412.4523,414.6165,413.2262,1.0079094043713894,1.1562751659411106,0.23401414069951443
0.4,1320,413.460288421212,412.45233,414.61646,413.2262,1.0079568782432489,1.1561666569130011,0.23409213214949887
0.4,1321,413.4603665907,412.45114,414.61624,413.22632,1.00922523327813,1.15587486437812,0.23404823132500496
0.4,1322,413.460444375217,412.45233,414.61588,413.2262,1.00811283224823,1.155430868923645,0.23424808615448
0.4,1323,413.460522300281,412.45328,414.61554,413.22607,1.0072447123903885,1.1550172505002365,0.23444808153101349
0.4,1324,413.460600322912,412.4542,414.61624,413.22595,1.0064072076776256,1.1556411321661244,0.2346481744745006
0.4,1325,413.460678258773,412.45566,414.61713,413.2258,1.0050202997886117,1.1564482060707633,0.23487869822611174
0.4,1326,413.46075609852,412.45605,414.61768,413.22577,1.0047014110199939,1.1569196827300061,0.23498705555124388
0.4,1327,413.460834113285,412.4562,414.61777,413.22574,1.0046268378943637,1.1569332206993863,0.2350955878943637
0.4,1328,413.460912053335,412.4539,414.61783,413.226,1.0070241138818687,1.1569163158056313,0.23489886974124374
0.4,1329,413.46098977939,412.45312,414.61816,413.22614,1.0078647793899904,1.1571742831100096,0.23485452548374042
0.4,1330,413.461067692904,412.45297,414.61884,413.22614,1.0080952807946346,1.1577677563147404,0.23493243899775962
0.4,1331,413.461145591464,412.45517,414.62045,413.22592,1.0059759137296282,1.1593072893953718,0.23522396060462825
0.4,1332,413.4612234591,412.4552,414.62225,413.22592,1.0060232637874833,1.1610299588687667,0.2353018282406083
0.4,1333,413.461301200101,412.45322,414.62366,413.2262,1.0080846473666156,1.1623560264615094,0.23510491103849063
0.4,1334,413.461378777054,412.45493,414.62375,413.22598,1.0064532399446193,1.1623700022428807,0.23539611103836933
0.4,1335,413.461456418918,412.45282,414.6226,413.22623,1.008636594699226,1.161132692410149,0.23522961227735095
0.4,1336,413.461533837697,412.45178,414.62106,413.22632,1.0097516111345044,1.1595293947248706,0.2352154783220044
0.4,1337,413.461611526565,412.45175,414.62003,413.22632,1.0098598175806046,1.1584141082006454,0.2352931671899796
0.4,1338,413.461689324912,412.45462,414.62057,413.22598,1.0070689635838903,1.1588856262598597,0.2357066588963903
0.4,1339,413.4617670278,412.45178,414.62192,413.22632,1.0099848012375219,1.1601506968093531,0.23544866842502188
0.4,1340,413.461844369721,412.45493,414.62378,413.22598,1.0069188326116318,1.1619349271539932,0.23586170370538184
0.4,1341,413.461921913666,412.45175,414.62488,413.22638,1.0101702046816285,1.1629560160214965,0.23554251913475355
0.4,1342,413.461999392108,412.4546,414.62482,413.22604,1.0074095483579981,1.1628175024232519,0.23595569093612312
0.4,1343,413.462076984213,412.45178,414.6245,413.22638,1.010294757650513,1.162434734536987,0.23569758968176302
0.4,1344,413.462154785186,412.45462,414.62445,413.226,1.0075344238578623,1.1622958984077627,0.2361416015922373
0.4,1345,413.46223236129,412.45364,414.62564,413.22617,1.0085885624618527,1.1634085078506473,0.2360665898056027
0.4,1346,413.462309889407,412.45154,414.62772,413.22644,1.0107718034694813,1.1654061750461437,0.23586945971948126
0.4,1347,413.462387455061,412.4551,414.62967,413.22604,1.0072788124828662,1.1672817343921338,0.23634375388911621
0.4,1348,413.462464906797,412.4546,414.63052,413.22614,1.0078750630469813,1.1680587748436437,0.23632965289073127
0.4,1349,413.462542475195,412.45312,414.62985,413.2263,1.0094174751949936,1.1673098197268814,0.23625463339811859
0.4,1350,413.462620133624,412.45364,414.62537,413.22617,1.0089763347958751,1.1627460773134999,0.23645436213962512
0.4,1351,413.462697428603,412.44962,414.62396,413.22662,1.0130819500873827,1.1612649737407423,0.23607389344675767
0.4,1352,413.462774880152,412.4524,414.62332,413.2263,1.0103823020269829,1.1605466530511421,0.23648703835510787
0.4,1353,413.462852348712,412.44952,414.62344,413.22662,1.0133284229307264,1.1605912548036486,0.23622881355572645
0.4,1354,413.462929618629,412.44952,414.6232,413.22662,1.0134056928477548,1.1602698442616202,0.23630608347275484
0.4,1355,413.463007081415,412.45294,414.62216,413.2262,1.0100651868837645,1.1591547838193605,0.23681079235251445
0.4,1356,413.46308448128,412.45056,414.6205,413.22644,1.0125229578425206,1.1574294347356044,0.23664405159252055
0.4,1357,413.463161649779,412.4503,414.61935,413.22647,1.0128747845446355,1.1561925982678645,0.23669070251338553
0.4,1358,413.4632388584,412.45316,414.61826,413.2261,1.0100833408218932,1.1550167568343568,0.23713412207189322
0.4,1359,413.463316141506,412.4532,414.61792,413.2261,1.0101301063497772,1.1546037803689728,0.23721140517790218
0.4,1360,413.463393426379,412.44995,414.61847,413.2265,1.0134422545040138,1.1550758119022362,0.23689196153526382
0.4,1361,413.463470649907,412.4528,414.6191,413.22617,1.0106813432663557,1.1556394575148943,0.23730487842260573
0.4,1362,413.463547840781,412.44952,414.61917,413.22656,1.0140239149997683,1.1556233017971067,0.2369853407810183
0.4,1363,413.463624987439,412.45242,414.61823,413.2262,1.0112018917358796,1.1546001102172454,0.2374286983765046
0.4,1364,413.463702286621,412.44955,414.6169,413.22653,1.0141478432616395,1.1532105551758605,0.23717030419913954
0.4,1365,413.46377919174,412.44962,414.61496,413.2265,1.0141637132243773,1.1511805250568727,0.23727772689625226
0.4,1366,413.463856408022,412.4524,414.61334,413.22614,1.0114638298970249,1.1494858771342251,0.23772115411577488
0.4,1367,413.463933664022,412.44995,414.61267,413.2264,1.0139824921470222,1.1487372344154778,0.23752375191264719
0.4,1368,413.464010769794,412.451,414.61267,413.2263,1.0130220002627652,1.1486601286434848,0.23772292799714023
0.4,1369,413.464087865205,412.45337,414.61255,413.226,1.0107187245799878,1.1484609629200122,0.2380746816112378
0.4,1370,413.464165107865,412.45337,414.61218,413.226,1.0107959672400284,1.1480175093224716,0.2381519242712784
0.4,1371,413.464242234184,412.45166,414.61197,413.2262,1.0125820779339847,1.1477267599566403,0.2380459451214847
0.4,1372,413.464319137459,412.4522,414.61212,413.22614,1.012109664802722,1.147802444572278,0.2381838835527219
0.4,1373,413.464396213336,412.45102,414.61282,413.2263,1.0133769262266128,1.1484272729921372,0.2381083715391128
0.4,1374,413.464473323182,412.45377,414.61374,413.22598,1.0107074540413805,1.1492656904898695,0.23849065716638052
0.4,1375,413.464550360639,412.45892,414.6152,413.2254,1.0056270207952593,1.1506534967828657,0.23914752860775934
0.4,1376,413.464627275781,412.45258,414.61655,413.22617,1.0120515921872766,1.1519193550783484,0.23846150429665158
0.4,1377,413.464704262701,412.45395,414.617,413.226,1.010755288091616,1.152300131830259,0.23869107910724097
0.4,1378,413.464781071041,412.451,414.61646,413.22635,1.0137923015097385,1.1516740070840115,0.23843219408786354
0.4,1379,413.464857654129,412.4538,414.61575,413.226,1.0110612674102413,1.1508955196991337,0.23884447053524127
0.4,1380,413.464934671577,412.45102,414.6155,413.22632,1.013915384467623,1.150574361626127,0.23861631220199797
0.4,1381,413.465011644501,412.4538,414.6168,413.226,1.0112152577822258,1.1517791269833992,0.23899846090722576
0.4,1382,413.465088528888,412.4512,414.6191,413.22635,1.01388613630985,1.1540215785339,0.23873965193484992
0.4,1383,413.465165033506,412.45462,414.62155,413.22598,1.0105446721779003,1.1563864801658497,0.23918236749040034
0.4,1384,413.465241772602,412.4523,414.62317,413.2263,1.0129407472113598,1.1579271727105152,0.23895393080510985
0.4,1385,413.465318432166,412.45462,414.62344,413.226,1.0106980708378615,1.1581251713496385,0.23930524857223645
0.4,1386,413.465395234069,412.4523,414.62305,413.2263,1.0130942086783534,1.1576516409310216,0.23910739227210343
0.4,1387,413.465472022904,412.4544,414.6225,413.226,1.0110652846227595,1.1570255356897405,0.23945883931025946
0.4,1388,413.465548848675,412.4529,414.62335,413.22623,1.0126374717218596,1.1578032021062654,0.23932204203435958
0.4,1389,413.465625563382,412.45212,414.62482,413.22632,1.013507643460116,1.159191331149259,0.23930720400699101
0.4,1390,413.465702466668,412.45444,414.6264,413.22607,1.0112652108086309,1.1607013419257441,0.23962824791800585
0.4,1391,413.465779196367,412.45215,414.62683,413.22635,1.0136307588670093,1.1610518583204907,0.23943031941388426
0.4,1392,413.465855674147,412.4527,414.62592,413.2263,1.013157920240758,1.160059853196742,0.2395678323501329
0.4,1393,413.465932130928,412.4535,414.6247,413.22617,1.0124409199905244,1.1587626932907256,0.23976635944364943
0.4,1394,413.466008739551,412.45456,414.62357,413.226,1.0114494133791254,1.1575569342771246,0.23999555595725042
0.4,1395,413.466085409936,412.4538,414.62292,413.2261,1.0122890232172495,1.1568393947515005,0.23998067360787445
0.4,1396,413.466162005465,412.45566,414.62286,413.2259,1.0105040464806052,1.1567017640662698,0.2402708921837302
0.4,1397,413.466238438832,412.45605,414.6228,413.22583,1.010183751332022,1.156564295542978,0.24040836070702198
0.4,1398,413.466314964147,412.45605,414.62173,413.22583,1.0102602766469886,1.1554196549936364,0.2404848860219886
0.4,1399,413.46639158378,412.4562,414.6202,413.22577,1.0101843083893982,1.1538171564543518,0.2406225408112732
0.4,1400,413.46646783366,412.45312,414.61923,413.22614,1.0133428336599763,1.1527643440743987,0.24033257975372635
0.4,1401,413.46654416275,412.45532,414.61807,413.22586,1.0112218971249831,1.1515283470156419,0.24068356704685812
0.4,1402,413.466620761963,412.4553,414.618,413.22586,1.0113290139161109,1.1513907126463891,0.24076016625986085
0.4,1403,413.4666971304,412.45294,414.61896,413.22614,1.0137552358687572,1.1522603891312428,0.24056187649375715
0.4,1404,413.466773602314,412.4553,414.62015,413.2259,1.0114818542671173,1.1533741027641327,0.24088248903274234
0.4,1405,413.466850018984,412.4536,414.6207,413.2261,1.0132367377340188,1.1538470025003562,0.2407452826558938
0.4,1406,413.466926355634,412.45267,414.6205,413.2262,1.014259119305848,1.153587560381652,0.2407300665714729
0.4,1407,413.467002898816,412.45453,414.62018,413.22598,1.0124740902222698,1.1531753238402302,0.24102023280039475
0.4,1408,413.467079069563,412.45245,414.61966,413.22623,1.014625456281749,1.152580354265126,0.24085226292237394
0.4,1409,413.467155260663,412.45346,414.6193,413.2261,1.0136945673036166,1.1521379522276334,0.24105052433486662
0.4,1410,413.467231657634,412.45462,414.6196,413.22595,1.012611296305863,1.152366731037887,0.2412795091964881
0.4,1411,413.467307961049,412.45172,414.62027,413.22632,1.0155867696427663,1.1529618143416087,0.24098960167401628
0.4,1412,413.467384214269,412.4546,414.62054,413.22598,1.012794370518975,1.153160219324775,0.24140154825335003
0.4,1413,413.467460641244,412.45175,414.62027,413.22632,1.0157089322595994,1.1528091341466506,0.24114228186897435
0.4,1414,413.467536917877,412.45175,414.62033,413.22632,1.0157852088926234,1.1527938926698766,0.24121855850199836
0.4,1415,413.467612952233,412.45447,414.62054,413.22598,1.0131451787955257,1.1529314813607243,0.24163028621740068
0.4,1416,413.467689255185,412.4545,414.6213,413.226,1.0131909641693824,1.1536181178618676,0.24167607159125737
0.4,1417,413.467765552013,412.45462,414.62302,413.226,1.0131451906848952,1.1552508054088548,0.24175236841927017
0.4,1418,413.467841731154,412.4516,414.62503,413.22638,1.0162426100602602,1.1571887864241148,0.24146233662276018
0.4,1419,413.467918166908,412.4516,414.6266,413.2264,1.0163190458142708,1.1586687471544792,0.2415082547986458
0.4,1420,413.467994214586,412.45465,414.6269,413.22607,1.0133433356797354,1.1588978752577646,0.24191999583598545
0.4,1421,413.468070261185,412.45224,414.6261,413.22632,1.0158302709506302,1.1580283716274948,0.24175190181000517
0.4,1422,413.468146211971,412.44995,414.62476,413.2266,1.018195040095975,1.156609647404025,0.24155319439284995
0.4,1423,413.468222363151,412.45242,414.62366,413.2263,1.0157992674479033,1.1554348634114717,0.24193452135415328
0.4,1424,413.468298506944,412.4496,414.62418,413.22662,1.018713546006495,1.15587751844663,0.2416749717877451
0.4,1425,413.468374624194,412.4494,414.62592,413.22665,1.0189727687252343,1.1575409031497657,0.24172057145960935
0.4,1426,413.468450404505,412.4525,414.6276,413.22632,1.0159357560675062,1.1591435896356188,0.2421320451300062
0.4,1427,413.468526363467,412.44965,414.62872,413.22668,1.0188803673732423,1.1601967810642577,0.24184179315449228
0.4,1428,413.468602210717,412.45248,414.6285,413.22635,1.0161180798576197,1.1599073107673803,0.2422533337638697
0.4,1429,413.468678182294,412.44965,414.62793,413.22665,1.0190321862002634,1.1592515052059866,0.24202412955963837
0.4,1430,413.468754445459,412.4517,414.62772,413.2264,1.0170637716308875,1.1589616189941125,0.24234453334963746
0.4,1431,413.468830447597,412.45145,414.62857,413.22647,1.0173839143938608,1.1597401090436392,0.24235950033136078
0.4,1432,413.468906360562,412.45206,414.63022,413.2264,1.0168494757963913,1.1613121452973587,0.2424964484526413
0.4,1433,413.468982470632,412.44962,414.6319,413.2267,1.0193669921163746,1.1629145020242504,0.2422673827413746
0.4,1434,413.469058419014,412.44962,414.63232,413.22675,1.0194429404983794,1.1632657997359956,0.24231281354525436
0.4,1435,413.469134091972,412.45245,414.63138,413.22638,1.0166804786907733,1.1622440818561017,0.24275469744077327
0.4,1436,413.469209770203,412.45245,414.6303,413.22638,1.0167561569217582,1.1611002883907418,0.24283037567175825
0.4,1437,413.469285531991,412.4496,414.6292,413.22668,1.0197005710534768,1.1599258937902732,0.24260096167847678
0.4,1438,413.469361409005,412.44962,414.6287,413.22668,1.0197459304893641,1.1593312179481359,0.24267683869248913
0.4,1439,413.469437132802,412.44962,414.6291,413.22668,1.0198216542863747,1.1596522226667503,0.24275256248949972
0.4,1440,413.469512778832,412.45337,414.6292,413.22626,1.0161436382069837,1.1596986469492663,0.24325545461323372
0.4,1441,413.469588512173,412.45337,414.62836,413.22623,1.0162193715480043,1.1587684214207457,0.24336170553237935
0.4,1442,413.46966434278,412.451,414.6263,413.22647,1.0186755732487427,1.1566479130793823,0.2431933955143677
0.4,1443,413.46973980375,412.44995,414.624,413.22656,1.0197886318749738,1.1542531161719012,0.24317730374997382
0.4,1444,413.469815340779,412.44998,414.6223,413.22656,1.0198336513258823,1.1524991123459927,0.24325284077900733
0.4,1445,413.46989115206,412.4524,414.62125,413.22626,1.0174985739349722,1.1513551858306528,0.24363382784122223
0.4,1446,413.469966791077,412.45743,414.62152,413.22565,1.0125388125613881,1.1515542050167369,0.2443198184207631
0.4,1447,413.470042470173,412.45218,414.62204,413.2263,1.0178635150948594,1.1519973247488906,0.2437546283761094
0.4,1448,413.470118137022,412.45218,414.62222,413.2263,1.0179391819438592,1.1521047633686408,0.24383029522510924
0.4,1449,413.470193700023,412.45428,414.62158,413.22604,1.0159090320542532,1.1513883312269968,0.2441499988511282
0.4,1450,413.470269437397,412.45102,414.62094,413.2264,1.0192501502876326,1.1506717247123674,0.24385952528763255
0.4,1451,413.470344803394,412.4538,414.62012,413.22607,1.0165484166752776,1.1497723841059724,0.24427058464402762
0.4,1452,413.470420305576,412.4538,414.6195,413.22607,1.016623918857249,1.149086530361501,0.244346086825999
0.4,1453,413.470495916939,412.45383,414.62,413.22607,1.0166690126421258,1.1494992002484992,0.24442169818900084
0.4,1454,413.470571432694,412.45142,414.62088,413.22635,1.019155417068987,1.150308694259138,0.24422255574086194
0.4,1455,413.470646896411,412.45102,414.62158,413.2264,1.0196276093016081,1.1509351348390169,0.24423698430160812
0.4,1456,413.470722549749,412.4538,414.62167,413.22607,1.0169261630302344,1.1509510342353906,0.24464833099898442
0.4,1457,413.470798039022,412.4538,414.62198,413.2261,1.017001652303236,1.151180720743639,0.24469330269386091
0.4,1458,413.470873286835,412.45062,414.62228,413.22647,1.0202507282412512,1.1514106487118738,0.24440233956937618
0.4,1459,413.470948786792,412.45337,414.62262,413.22617,1.0175796461670075,1.1516708421142425,0.24478301530763247
0.4,1460,413.471024276197,412.45062,414.62387,413.2265,1.0204017176032494,1.1528465734123756,0.24452281135324938
0.4,1461,413.471099650757,412.45166,414.62543,413.22638,1.0194394945070258,1.1543275953367242,0.24472025622577576
0.4,1462,413.471175018208,412.451,414.62662,413.2265,1.0201862486767368,1.1554424134326382,0.2446735533642368
0.4,1463,413.47125043751,412.45377,414.62683,413.22617,1.0174845683693547,1.1555806171775203,0.24508466602560475
0.4,1464,413.471325660983,412.452,414.62573,413.22635,1.0193298113736091,1.1544067608920159,0.24497678402985912
0.4,1465,413.471400779691,412.4522,414.62476,413.22632,1.0191913070347596,1.1533550796839904,0.24508242031600957
0.4,1466,413.471476200103,412.45416,414.62442,413.22607,1.017313602446734,1.152943965912641,0.24540198135298397
0.4,1467,413.471551549146,412.45563,414.62564,413.22592,1.0159241077397496,1.1540893199946254,0.24562991828662462
0.4,1468,413.471626877536,412.45605,414.62802,413.22592,1.0155721900359822,1.1563943626983928,0.2457052466766072
0.4,1469,413.471701744874,412.45605,414.63077,413.22595,1.0156470573739966,1.1590660773916284,0.24574959643649663
0.4,1470,413.471776899494,412.4562,414.63272,413.22595,1.0155696241033638,1.1609440477716362,0.24582475105648882
0.4,1471,413.471851985123,412.45312,414.6333,413.22632,1.0187269851230099,1.1614487961269901,0.24553362574800985
0.4,1472,413.47192715864,412.45532,414.6335,413.22607,1.0166048930150282,1.1615872456568468,0.2458529398900282
0.4,1473,413.472002555751,412.45294,414.6339,413.22635,1.0190606612197257,1.1619085770615243,0.24565367879785072
0.4,1474,413.472077784134,412.45282,414.63535,413.22638,1.019257959915251,1.163267674850374,0.24569838960275092
0.4,1475,413.472152921769,412.45532,414.63763,413.22614,1.016830656144009,1.165481355574741,0.24601766786275903
0.4,1476,413.472228096624,412.45456,414.6397,413.22626,1.0176687704521328,1.1674813760322422,0.24597077240525778
0.4,1477,413.472303264079,412.45337,414.6405,413.2264,1.0189341234540166,1.1681996656084834,0.24589335196964157
0.4,1478,413.472378198783,412.452,414.6397,413.22656,1.0203823491736443,1.1673312738732307,0.24581569878301934
0.4,1479,413.472453100422,412.45502,414.6384,413.22617,1.0174360105782512,1.1659441163748738,0.24628732893762617
0.4,1480,413.472528086398,412.45264,414.637,413.22644,1.019891367647972,1.164465321805153,0.24608765671047195
0.4,1481,413.47260315948,412.45502,414.63626,413.22614,1.017586069636252,1.163657826848123,0.24646790557375198
0.4,1482,413.472678214301,412.45502,414.63602,413.22614,1.0176611244572769,1.1633386314020981,0.24654296039477686
0.4,1483,413.472753118047,412.45163,414.63553,413.22653,1.0211234793751487,1.1627754464061013,0.2462211356251487
0.4,1484,413.472828166608,412.45453,414.63425,413.22617,1.0182993580142465,1.1614186595638785,0.24666239512362154
0.4,1485,413.47290319065,412.45453,414.6321,413.22614,1.0183743820562654,1.1592074050531096,0.2467679367437654
0.4,1486,413.472977880046,412.4545,414.6299,413.22614,1.0184795890303917,1.1569354500321083,0.2468426261397667
0.4,1487,413.473052655269,412.45163,414.6282,413.22644,1.0214230165971117,1.1551516904341383,0.24661222558148665
0.4,1488,413.473127554917,412.45166,414.62756,413.22644,1.0214673986670277,1.1544359216454723,0.24668712522952774
0.4,1489,413.473202463959,412.45493,414.62796,413.22604,1.0182769268496372,1.1547577411191128,0.24715876278713722
0.4,1490,413.473277295686,412.45493,414.62857,413.22604,1.018351758576614,1.155293260954636,0.24723359451411397
0.4,1491,413.473352126468,412.45468,414.62857,413.22607,1.0186707299836257,1.1552184301726243,0.24727790771800073
0.4,1492,413.473426901739,412.45102,414.6278,413.2265,1.0224076146296284,1.1543807154484966,0.24692543689525337
0.4,1493,413.473501826288,412.45288,414.6271,413.22626,1.0206209669129862,1.1536038866026388,0.2472445020692362
0.4,1494,413.473576391932,412.45258,414.62607,413.2263,1.0210007083382493,1.1524917233023757,0.2472885501351243
0.4,1495,413.473650962354,412.44974,414.62546,413.22662,1.023913413525861,1.151806801317889,0.24702742719773596
0.4,1496,413.473725866211,412.44977,414.6259,413.22662,1.023957799804748,1.152159143554627,0.247102331054748
0.4,1497,413.473800644045,412.45013,414.62646,413.2266,1.0236663667012635,1.1526641997049865,0.24720762646688854
0.4,1498,413.47387537361,412.4528,414.62695,413.2263,1.0210860669693602,1.1530777513900148,0.24758753181311022
0.4,1499,413.473950252768,412.45007,414.62674,413.2266,1.0238770105805202,1.1527892491851048,0.24735723518989516
0.4,1500,413.474024971359,412.45294,414.6265,413.22626,1.021083076827722,1.152470389969153,0.24776764714022192
0.4,1501,413.474099480572,412.4501,414.62646,413.2266,1.023995720806397,1.152365363177978,0.247506462993897
0.4,1502,413.474174177271,412.44928,414.6269,413.22668,1.0248943921147315,1.1527179125727685,0.24748960695848155
0.4,1503,413.474248873774,412.4524,414.62817,413.22635,1.0218562956490018,1.1539249543509982,0.24789999682087682
0.4,1504,413.474323455237,412.4494,414.6297,413.2267,1.0249215997682768,1.1553762517942232,0.2476083673464018
0.4,1505,413.474398026296,412.45224,414.631,413.2264,1.0221580360616258,1.1566139365946242,0.2479881141866258
0.4,1506,413.474472673796,412.45224,414.63095,413.2264,1.02223268356164,1.15647825393836,0.24806276168664
0.4,1507,413.474547124728,412.4496,414.63004,413.2267,1.0249621637905193,1.1554882756626057,0.2478320368373943
0.4,1508,413.474621470584,412.45294,414.62872,413.2263,1.0216795760527475,1.1541016739472525,0.2483336287871225
0.4,1509,413.474696126213,412.45294,414.62827,413.2263,1.0217542316817685,1.1535692546463565,0.2484082844161435
0.4,1510,413.474770701261,412.45056,414.6291,413.22656,1.0242091778234794,1.1543186542077706,0.24820820126097942
0.4,1511,413.474845255268,412.45178,414.63123,413.22647,1.0230630287055078,1.1563803306694922,0.2483743080023828
0.4,1512,413.474919347281,412.45294,414.63345,413.22635,1.021977452749752,1.158534021859623,0.24857047032787705
0.4,1513,413.474993727399,412.4506,414.63477,413.22665,1.024401686383385,1.15977189760099,0.2483396746646349
0.4,1514,413.475068035271,412.45297,414.63467,413.22638,1.022095623161647,1.159606036994603,0.24868864073977193
0.4,1515,413.475142485524,412.4506,414.63458,413.22665,1.0245504445083498,1.1594400340072752,0.24848843278959976
0.4,1516,413.475216937643,412.4506,414.63385,413.22662,1.0246248966273583,1.1586331600132667,0.24859340248673334
0.4,1517,413.475291418637,412.45685,414.63446,413.2259,1.0184432741057776,1.1591690305817224,0.24940030535577762
0.4,1518,413.475365785795,412.45377,414.6367,413.22632,1.0215999166543952,1.1613224466268548,0.2490474264200202
0.4,1519,413.47544032643,412.45062,414.6388,413.2267,1.0248177678362254,1.1633536188825246,0.24872523853935036
0.4,1520,413.475514693579,412.45093,414.63992,413.22668,1.0245869592039867,1.1644084021241383,0.24883012326648668
0.4,1521,413.475588827066,412.45227,414.63965,413.22653,1.0233183192535193,1.1640596104339807,0.24905684464414435
0.4,1522,413.475662939459,412.4506,414.639,413.2267,1.0250708984434027,1.1633446289003473,0.2489478515684027
0.4,1523,413.475737163631,412.45386,414.63815,413.22632,1.0218797417559813,1.1624159125408937,0.24941880425598129
0.4,1524,413.475811490946,412.45325,414.63763,413.22638,1.0225644206335005,1.1618227863977495,0.2494320964147505
0.4,1525,413.475885697064,412.45355,414.6378,413.22635,1.0223334509702227,1.1619011681704023,0.24953682011084766
0.4,1526,413.475959746744,412.4541,414.63763,413.22626,1.0218581842440244,1.1616745305997256,0.24970242252527441
0.4,1527,413.476033920728,412.45105,414.63654,413.22662,1.024984116040514,1.160501723803236,0.24941038557176398
0.4,1528,413.476108195329,412.45383,414.63464,413.22626,1.0222812910321295,1.1585353593584955,0.2498508711102545
0.4,1529,413.47618210222,412.45267,414.6328,413.22638,1.0235148658918547,1.1566303977800203,0.2498027076887297
0.4,1530,413.476256099646,412.4526,414.6311,413.22635,1.0236498984741047,1.1548474159790203,0.2499072226928547
0.4,1531,413.476330345283,412.4537,414.63055,413.22623,1.0226255112985996,1.1542238539357754,0.2501035386423496
0.4,1532,413.476404369942,412.45108,414.631,413.22653,1.0253240476763494,1.1546075929486506,0.24987238752009944
0.4,1533,413.476478472615,412.45184,414.6319,413.22647,1.0246352108962355,1.1554185000412645,0.25000752534936055
0.4,1534,413.476552550472,412.45462,414.63217,413.22614,1.021932189143854,1.155619080387396,0.250417296565729
0.4,1535,413.476626619243,412.4533,414.6319,413.2263,1.0233185137742566,1.1552703534132434,0.25033877744613164
0.4,1536,413.476700757935,412.45462,414.63168,413.22614,1.0220803966068956,1.1549825916743544,0.25056550402877065
0.4,1537,413.476774751977,412.454,414.63116,413.2262,1.0227647422113932,1.1543897988042318,0.25057846291451824
0.4,1538,413.476848807403,412.45566,414.63086,413.226,1.0211908484185983,1.1540105675970267,0.2508356238092233
0.4,1539,413.476923008629,412.45605,414.63144,413.22595,1.0208683211290008,1.1545162003553742,0.25097086019150083
0.4,1540,413.476996980311,412.45374,414.6325,413.22626,1.0232616287485143,1.1555103439077357,0.25073965609226434
0.4,1541,413.477070884271,412.45605,414.63324,413.22598,1.0210161967709723,1.1561688618227777,0.25108821825534733
0.4,1542,413.477144986213,412.45312,414.63327,413.22632,1.024019986212977,1.156125277458898,0.2508266268379771
0.4,1543,413.477218867258,412.45297,414.6336,413.22635,1.0242464551486137,1.1563870897732613,0.2508699903048637
0.4,1544,413.477292830105,412.4553,414.63416,413.22607,1.0220010820581251,1.1568624433324999,0.2512186113550001
0.4,1545,413.477366779157,412.4542,414.63525,413.22623,1.0231736639226483,1.1578871270929767,0.2511399725163983
0.4,1546,413.477440932229,412.45517,414.63705,413.22614,1.0222712544946262,1.1596135111303738,0.2513056783227512
0.4,1547,413.477514764075,412.45456,414.63925,413.22626,1.0229554379031356,1.1617369449093644,0.2512574398562606
0.4,1548,413.477588858408,412.45267,414.64087,413.2265,1.0249216220798871,1.1632802822169879,0.25108739356426213
0.4,1549,413.477662556152,412.45502,414.64114,413.22623,1.0226454663082336,1.1634812426761414,0.2514357495113586
0.4,1550,413.477736253807,412.45264,414.64026,413.22647,1.0250995350569951,1.1625225352555049,0.25126530654137014
0.4,1551,413.477809863463,412.4524,414.6388,413.2265,1.0254172853379941,1.1609840818495059,0.25130839861924414
0.4,1552,413.477883680637,412.45447,414.6379,413.22623,1.0234159071994782,1.1600252549098968,0.25165687399635317
0.4,1553,413.477957473996,412.45267,414.63843,413.22644,1.025290237667889,1.160470260378986,0.25151704430851396
0.4,1554,413.47803126172,412.45193,414.64023,413.22656,1.026096447266866,1.162197009764384,0.2514687617199911
0.4,1555,413.47810470611,412.45163,414.64218,413.22662,1.0264750674381276,1.1640766903743724,0.25148117095375255
0.4,1556,413.478178345617,412.45505,414.6432,413.22626,1.023130738195107,1.165010130945518,0.2519210213982319
0.4,1557,413.478251840607,412.45267,414.64307,413.2265,1.0255846042788903,1.1648145656429847,0.2517503757632653
0.4,1558,413.478325438829,412.45166,414.64255,413.22662,1.0266652825790175,1.1642221685928575,0.25170190367276746
0.4,1559,413.478399307243,412.45346,414.6422,413.2264,1.0249386138836485,1.1638126068194765,0.2519893951336485
0.4,1560,413.47847297283,412.45462,414.64322,413.2263,1.0238526115018658,1.1647460213106342,0.2521851310331158
0.4,1561,413.478546515231,412.45496,414.64508,413.2263,1.0235904605435167,1.1665340511752333,0.25225867343414166
0.4,1562,413.478620156639,412.45178,414.64697,413.22668,1.0268379300765105,1.1683524996109895,0.2519355863265105
0.4,1563,413.478693774167,412.45135,414.64774,413.22675,1.0273387936982772,1.1690418215360978,0.2519481686982772
0.4,1564,413.478767156429,412.45053,414.64716,413.22684,1.0282361505696258,1.1683886052897492,0.2519299982258758
0.4,1565,413.478840501975,412.4533,414.64618,413.2265,1.0255323965062644,1.1673386972437356,0.2523390371312644
0.4,1566,413.478913928902,412.44962,414.6452,413.2269,1.0292984503863636,1.1662887078167614,0.2520157355426136
0.4,1567,413.478987450971,412.44962,414.6448,413.2269,1.0293719724553512,1.1658184572321488,0.25208925761160117
0.4,1568,413.479060990583,412.45282,414.64514,413.22653,1.0262411663642297,1.1660806109795203,0.2525290081611047
0.4,1569,413.479134333757,412.44952,414.64505,413.22693,1.0296104079757242,1.1659157150711508,0.25220562281947423
0.4,1570,413.479207832595,412.44952,414.64395,413.2269,1.0296839068137729,1.1647435834206021,0.25230963923564786
0.4,1571,413.479281299517,412.45337,414.64178,413.2264,1.0259121588920266,1.1625033684517234,0.2528713874076516
0.4,1572,413.479354439008,412.451,414.63962,413.22668,1.0283656694767274,1.1602634809138976,0.25266986869547736
0.4,1573,413.479427697628,412.451,414.63763,413.22662,1.0284389280967616,1.1582065797157384,0.25280416247176163
0.4,1574,413.479501042328,412.45145,414.63672,413.22656,1.0280545091248996,1.1572177076719754,0.2529385423280246
0.4,1575,413.47957437056,412.45032,414.63696,413.2267,1.0292569877474875,1.1573885200650125,0.25285928266936253
0.4,1576,413.479647627286,412.45258,414.63733,413.22644,1.027071943692249,1.157681474276501,0.2532071975984991
0.4,1577,413.479720922475,412.44986,414.6371,413.22678,1.0298613033343713,1.1573640384625037,0.2529447994281213
0.4,1578,413.47979416514,412.45337,414.6361,413.22635,1.0264250245149924,1.1563142332975076,0.2534452881868674
0.4,1579,413.479867587201,412.451,414.63513,413.2266,1.0288788176697494,1.1552642487365006,0.2532745696228744
0.4,1580,413.47994062281,412.45337,414.63397,413.22632,1.026571482184977,1.154031545158773,0.25362226343497696
0.4,1581,413.480013799958,412.451,414.63336,413.2266,1.0290250304267374,1.1533480164482626,0.25342078237986243
0.4,1582,413.480087081953,412.4534,414.6337,413.22632,1.0266874237498769,1.1536104278126231,0.25376872257800187
0.4,1583,413.480160271841,412.45142,414.63443,413.22656,1.0287442562159868,1.1542696597996382,0.25359777184098675
0.4,1584,413.480233403941,412.4538,414.63498,413.2263,1.0264370172222357,1.1547458441058893,0.2539455621441107
0.4,1585,413.480306676973,412.4514,414.63486,413.22656,1.0289211789261117,1.1545505007613883,0.2537441769729867
0.4,1586,413.480379882611,412.4534,414.63483,413.22632,1.0269802244078505,1.1544467775452745,0.25406152323597553
0.4,1587,413.480452864468,412.4532,414.63416,413.22632,1.0272668293117704,1.1537024089694796,0.2541345050930204
0.4,1588,413.480526037549,412.45163,414.6341,413.22653,1.028896398877123,1.153568200732252,0.2539940551271229
0.4,1589,413.480599221575,412.45096,414.63547,413.22662,1.0296409696218802,1.1548683077218698,0.25397568641875523
0.4,1590,413.480672251093,412.45267,414.6373,413.22644,1.028005014764858,1.156626332891392,0.25423182140548306
0.4,1591,413.480745277829,412.4538,414.63873,413.22632,1.0269488911102371,1.1579876323272629,0.2544269184539871
0.4,1592,413.480818371257,412.45102,414.63913,413.22665,1.0297990841476121,1.1583112674148879,0.2541643185226121
0.4,1593,413.480891218214,412.45383,414.63837,413.22632,1.0270643139171511,1.1574754810047239,0.25457285883902614
0.4,1594,413.480963964659,412.4538,414.63745,413.22632,1.0271675779402472,1.1564872072160028,0.25464560528399716
0.4,1595,413.481037084232,412.45105,414.63705,413.22662,1.029987279544514,1.156017359127361,0.25441354907576397
0.4,1596,413.481110103638,412.4512,414.63843,413.22662,1.0299077110598773,1.1573176307369977,0.25448656848175233
0.4,1597,413.481183104632,412.45453,414.6408,413.22626,1.0266542960382594,1.1596250008367406,0.2549257804132594
0.4,1598,413.481255776556,412.4523,414.64346,413.22656,1.0289547511653723,1.1622073582096277,0.25469327655599727
0.4,1599,413.481328623874,412.4523,414.64542,413.2266,1.029027598483367,1.164087635891633,0.254735606295867
0.4,1600,413.481401361262,412.45462,414.646,413.22632,1.0267809999338624,1.1645947324880126,0.2550830018869874
0.4,1601,413.481474221641,412.4521,414.6461,413.22662,1.0293868192972582,1.1646134248433668,0.25485068648475817
0.4,1602,413.481547259672,412.45334,414.6464,413.2265,1.028208636625152,1.164845562593598,0.25504579482827694
0.4,1603,413.481620158214,412.45255,414.64798,413.2266,1.0290749921983888,1.1663595781141112,0.2550271406358888
0.4,1604,413.481692965103,412.4545,414.65024,413.2264,1.0271946740873545,1.1685450720063955,0.25528305299360454
0.4,1605,413.481765966946,412.45218,414.65244,413.2267,1.029587011867875,1.170669335788375,0.25505087905537493
0.4,1606,413.481838795687,412.453,414.6533,413.22662,1.028835865999497,1.171450999234878,0.25521526053074695
0.4,1607,413.481911396936,412.45413,414.65277,413.22647,1.0277793168579024,1.1708595991577226,0.25544044967040236
0.4,1608,413.481983955252,412.454,414.65134,413.22647,1.0279739454863943,1.1693527146698557,0.2555130079863943
0.4,1609,413.482056613817,412.45566,414.6501,413.22626,1.026398654832633,1.168028835401742,0.25579928959825793
0.4,1610,413.48212937923,412.45605,414.6495,413.2262,1.0260746917300025,1.1673762360043725,0.25593309016750254
0.4,1611,413.482202038264,412.45605,414.64948,413.2262,1.0261473507640062,1.1672730593922438,0.2560057492015062
0.4,1612,413.482274566659,412.4539,414.64923,413.22647,1.0283866272058617,1.1669563903722633,0.2558036193933617
0.4,1613,413.48234718313,412.45547,414.6482,413.22626,1.0268723296143776,1.1658461762449974,0.2560898589112526
0.4,1614,413.482419913531,412.45297,414.64587,413.22653,1.0294475014216005,1.1634541099065245,0.25588793110910046
0.4,1615,413.482492244648,412.45532,414.64386,413.22623,1.0271699790229718,1.1613676186332782,0.2562654380073468
0.4,1616,413.482564613324,412.4529,414.64188,413.22647,1.029653236370848,1.159311607379152,0.25609366605834794
0.4,1617,413.482637318385,412.45517,414.64084,413.2262,1.0274676406506273,1.1582013046618727,0.25644102932250235
0.4,1618,413.482709849622,412.45224,414.64096,413.22653,1.0304698593876083,1.1582508437373917,0.25617786720010827
0.4,1619,413.482782436721,412.45273,414.64136,413.2265,1.0300541652366064,1.1585749851540186,0.2562809718772314
0.4,1620,413.482854958517,412.45453,414.64127,413.2263,1.0283261499232594,1.1584109106236156,0.25656711672013444
0.4,1621,413.482927413884,412.4547,414.6406,413.22626,1.0282154998214992,1.1576670685378758,0.2566700896652492
0.4,1622,413.483000046302,412.4516,414.64005,413.2266,1.0314009252082315,1.1570451197136435,0.25640702872385646
0.4,1623,413.483072300195,412.45227,414.63925,413.2265,1.0308017923824764,1.1561794087893986,0.2565708353512264
0.4,1624,413.483144540231,412.4516,414.6388,413.2266,1.0315454191372737,1.1556494050814763,0.2565515226528987
0.4,1625,413.483217017588,412.45526,414.63904,413.22617,1.0279557871192537,1.1558210683494963,0.2570512461036287
0.4,1626,413.483289429996,412.45288,414.63974,413.22644,1.0304085706209776,1.1564505602383974,0.25684900030847757
0.4,1627,413.48336180276,412.45264,414.63992,413.22647,1.0307250840099869,1.1565612929431381,0.25689085549436186
0.4,1628,413.483434305009,412.45264,414.63956,413.22647,1.0307975862589842,1.1561225797566408,0.2569633577433592
0.4,1629,413.483506713804,412.45502,414.63947,413.2262,1.0284896239602404,1.1559586182272596,0.25731042474149035
0.4,1630,413.483578888088,412.45258,414.63916,413.22647,1.0310032044942545,1.1555812681619955,0.25710794082237953
0.4,1631,413.48365126223,412.45386,414.6395,413.22632,1.029793840355012,1.155844587379363,0.257332902855012
0.4,1632,413.483723629702,412.45264,414.6408,413.2265,1.0310869109520127,1.1570844757667373,0.25722216485826266
0.4,1633,413.48379588239,412.45477,414.64224,413.22626,1.029022933171234,1.158446549250641,0.25753855817123394
0.4,1634,413.48386814128,412.4539,414.64368,413.22638,1.029980201826902,1.159808616532473,0.257488746748777
0.4,1635,413.483940456361,412.4516,414.64392,413.22665,1.0323413352672333,1.1599804420765167,0.25728640362660826
0.4,1636,413.484012574913,412.4527,414.6432,413.22653,1.031314821006731,1.159175901649519,0.2574805924911061
0.4,1637,413.484084588743,412.45032,414.64218,413.22678,1.0337672059304737,1.1580968077414013,0.25730846569609866
0.4,1638,413.484156905254,412.4502,414.64178,413.2268,1.0339615927539967,1.1576277627147533,0.2573502646289967
0.4,1639,413.484229151141,412.44974,414.64282,413.22687,1.034491602312869,1.158593114484006,0.25736147535974396
0.4,1640,413.484301375998,412.45306,414.6449,413.2265,1.0312374111542226,1.1605960849395274,0.2577999111542226
0.4,1641,413.484373138658,412.45023,414.64713,413.22687,1.0341473085798611,1.1627521054826389,0.25750546287673615
0.4,1642,413.484445189505,412.45273,414.64853,413.2266,1.0317169180206065,1.1640838632293935,0.2578521719268565
0.4,1643,413.48451716836,412.45023,414.64853,413.22687,1.0342913382818892,1.1640118843743608,0.25764949257876424
0.4,1644,413.484589259287,412.45288,414.64822,413.22656,1.03170839991202,1.163634617666105,0.25802675928702
0.4,1645,413.484661567463,412.45007,414.64798,413.2269,1.0345883252754788,1.1633181688651462,0.25776337410360384
0.4,1646,413.484733700563,412.45288,414.64886,413.22656,1.0318528411880266,1.1641310455307234,0.25817120056302656
0.4,1647,413.484805692068,412.45004,414.65076,413.22693,1.0347629674586187,1.1659511438695063,0.25787698113049373
0.4,1648,413.484877770838,412.45337,414.6526,413.22656,1.0315086302130112,1.1677101197869888,0.2583152708380112
0.4,1649,413.484949772311,412.45337,414.6536,413.2266,1.0315806316859835,1.1686451983921415,0.25835675473285846
0.4,1650,413.485021883771,412.451,414.64847,413.2268,1.0340331142397758,1.1634461338070992,0.25821524314602584
0.4,1651,413.485093814682,412.4537,414.6472,413.22644,1.0313889806976135,1.1620924646148865,0.25865338499448853
0.4,1652,413.485165572921,412.45132,414.64587,413.2267,1.0338411100303802,1.1607084505164948,0.25845048503038015
0.4,1653,413.485237543616,412.4537,414.6452,413.22644,1.0315327096316196,1.1599650931027554,0.2587971139284946
0.4,1654,413.485309526686,412.451,414.6452,413.22675,1.0343207571547737,1.1598931100327263,0.2585639212172737
0.4,1655,413.485381318439,412.45337,414.64496,413.22647,1.0320121778140106,1.1595771776547394,0.25891037117338556
0.4,1656,413.485453266615,412.45105,414.64368,413.2267,1.0344034619275249,1.1582234911974751,0.25873817872439986
0.4,1657,413.485525185266,412.45142,414.64154,413.22665,1.034109169640999,1.156015342077751,0.25887113253162397
0.4,1658,413.485596775629,412.45374,414.63864,413.22632,1.0318614240665056,1.1530445817928694,0.2592784162540056
0.4,1659,413.485668485513,412.4525,414.63644,413.22644,1.0331538370754743,1.1507756062839007,0.25922805582547426
0.4,1660,413.48574028914,412.45248,414.6354,413.22644,1.033256158280608,1.149666205000642,0.2592998594524829
0.4,1661,413.48581207509,412.4518,414.63596,413.22653,1.0339993309493707,1.1501437354568793,0.2592800926681207
0.4,1662,413.485883786469,412.4544,414.6365,413.22623,1.031477048187753,1.150621340484122,0.2596569798283781
0.4,1663,413.485955535881,412.4516,414.63666,413.22656,1.0343564147872257,1.1507021789627743,0.25939303588097573
0.4,1664,413.486027232365,412.45496,414.63605,413.22617,1.0310711776775179,1.1500201309162321,0.2598614608806429
0.4,1665,413.486099111214,412.45233,414.63535,413.22644,1.0337675682452527,1.1492463477703723,0.25965868152650273
0.4,1666,413.486170603838,412.4514,414.63422,413.22656,1.0347851057911157,1.1480457047557593,0.2596081038379907
0.4,1667,413.486242082394,412.45425,414.63358,413.2262,1.0319879320034033,1.1473333570590967,0.26004579333152833
0.4,1668,413.486313821489,412.45425,414.63416,413.2262,1.0320596710983523,1.1478414519485227,0.2601175324264773
0.4,1669,413.486385473335,412.45145,414.63516,413.22656,1.0349389401318945,1.1487768801806055,0.25982297333501947
0.4,1670,413.486457051581,412.4531,414.63605,413.22638,1.0333625691591237,1.1495903117002513,0.2600776570497487
0.4,1671,413.486528824889,412.45193,414.63647,413.2265,1.0345940104358533,1.1499457844860217,0.2600273600452283
0.4,1672,413.486600495,412.453,414.63715,413.2264,1.0335975653125047,1.1505455010937453,0.2601905828906297
0.4,1673,413.486672007253,412.45377,414.63773,413.22632,1.0329061381123665,1.1510538228251335,0.26035364787799153
0.4,1674,413.48674368599,412.45053,414.63864,413.2267,1.0362126801306317,1.1518976714318683,0.2600285980993817
0.4,1675,413.486815330119,412.4528,414.64044,413.22647,1.0340260234783614,1.1536265644122636,0.26034438285336137
0.4,1676,413.486886853857,412.45087,414.6424,413.2267,1.0360201546382655,1.1555081656742345,0.26017176596639047
0.4,1677,413.486958344341,412.45233,414.64407,413.22656,1.0346268013722693,1.1571151419871057,0.26039584434101926
0.4,1678,413.487029903657,412.45328,414.6447,413.22647,1.0337523157663782,1.1576844518117468,0.26055895639137816
0.4,1679,413.487101271984,412.4542,414.64407,413.22635,1.0329081567496132,1.1569722143441368,0.2607523950308632
0.4,1680,413.487172485174,412.45566,414.64307,413.22617,1.0315145261896532,1.1558939210759718,0.2610067136896532
0.4,1681,413.487244045186,412.45605,414.64282,413.22614,1.031189357686003,1.155578220438997,0.26110879127975295
0.4,1682,413.487315534948,412.45605,414.64392,413.22614,1.0312608474479816,1.1566053634895184,0.26118028104173163
0.4,1683,413.487387001614,412.45374,414.64612,413.22644,1.0336516500515245,1.1587311624484755,0.2609465719265245
0.4,1684,413.487458145313,412.45544,414.6485,413.22626,1.032013809375485,1.161040389843265,0.2612008210942349
0.4,1685,413.487529467115,412.45297,414.64993,413.22656,1.034557055005621,1.162403394213129,0.2609669671149959
0.4,1686,413.487600707172,412.4542,414.65002,413.22644,1.033407591937646,1.162423706890479,0.261160277484521
0.4,1687,413.487672035763,412.4553,414.6499,413.22632,1.032380287716137,1.162230307986988,0.261353676388012
0.4,1688,413.487743651249,412.45294,414.64978,413.2266,1.0348017567177408,1.1620366221885092,0.2611506336708658
0.4,1689,413.487815015566,412.45285,414.65085,413.22662,1.0349646737691387,1.1630333731058613,0.2611914804097637
0.4,1690,413.48788630023,412.45474,414.65286,413.2264,1.0331438685893772,1.1649762485981228,0.26147638812062723
0.4,1691,413.487957627625,412.45276,414.65466,413.22668,1.0351988385625077,1.1667054583124923,0.2612730573125077
0.4,1692,413.488028895336,412.4545,414.65552,413.22647,1.03353060432039,1.167488682788985,0.26155794807039
0.4,1693,413.488100263593,412.45163,414.65494,413.2268,1.0364706249211508,1.1668374805475992,0.26129362296802583
0.4,1694,413.488171455357,412.4523,414.6538,413.2267,1.0358704299663941,1.1656371383929809,0.2614563674663941
0.4,1695,413.488242585563,412.45175,414.6526,413.22675,1.0364908765786254,1.1643453050619996,0.2614969800942504
0.4,1696,413.488313806946,412.45502,414.65207,413.22638,1.033296717102246,1.163755284850879,0.261934412414746
0.4,1697,413.488384969442,412.45264,414.65207,413.22665,1.035748250691995,1.16368412235488,0.26173091670762005
0.4,1698,413.488456018093,412.45502,414.6517,413.22638,1.033438928249268,1.163246862766357,0.262076623561768
0.4,1699,413.488527108078,412.45392,414.65063,413.22647,1.0346086510467671,1.1621076575469829,0.26205616081239214
0.4,1700,413.488598326788,412.45264,414.64868,413.2266,1.0359616080380079,1.1600833138369921,0.26200530920988285
0.4,1701,413.488669185133,412.45505,414.64713,413.2263,1.0336215777111306,1.1584560590076194,0.2623813433361306
0.4,1702,413.488740044472,412.4527,414.64566,413.22656,1.0360422905657742,1.1569203559186008,0.26217754447202424
0.4,1703,413.488811238759,412.45435,414.64502,413.22635,1.0344655356340127,1.1562082924909873,0.26246236180588767
0.4,1704,413.488882257815,412.4521,414.64542,413.22662,1.0367948554712711,1.1565340019506039,0.26225872265877115
0.4,1705,413.488953313622,412.452,414.64594,413.22662,1.0369574640126302,1.1569817449717448,0.2623297784657552
0.4,1706,413.489024369239,412.45337,414.6459,413.22647,1.0356552286140186,1.1568801717766064,0.2625534219733936
0.4,1707,413.489095334548,412.451,414.64514,413.22675,1.038106565016733,1.156046267014517,0.26234972907923293
0.4,1708,413.489166474985,412.45068,414.64447,413.22678,1.0384828812349838,1.1553037398587662,0.2623903519381088
0.4,1709,413.489237225765,412.45355,414.6435,413.2264,1.0356849796712595,1.1542564265787405,0.2628273136556345
0.4,1710,413.489307962462,412.45068,414.64273,413.22675,1.0386243687120214,1.1534227504286036,0.26256235699327135
0.4,1711,413.489378965146,412.45337,414.6429,413.22644,1.0360098245209883,1.1535348532133867,0.26293853545848833
0.4,1712,413.489449878517,412.451,414.64316,413.2267,1.0384611089857572,1.1537080804673678,0.26273479062638216
0.4,1713,413.489520707174,412.451,414.64337,413.2267,1.0385319376427447,1.1538508748572553,0.26280561928336965
0.4,1714,413.489591742381,412.451,414.64294,413.2267,1.0386029728497306,1.1533525935565194,0.2628766544903556
0.4,1715,413.489662736654,412.4522,414.64273,413.22656,1.0374532639977474,1.1530679762366276,0.2631002366539974
0.4,1716,413.489733535255,412.45337,414.64236,413.22644,1.0363643946300272,1.1526309666980978,0.26329310556752716
0.4,1717,413.489804450121,412.451,414.64264,413.2267,1.038815680589778,1.152834710035222,0.2630893622304029
0.4,1718,413.48987533053,412.4534,414.6436,413.22644,1.036475672326901,1.153709874548099,0.2634349008425261
0.4,1719,413.48994610822,412.4534,414.6449,413.22647,1.0365464500168855,1.1549513527174895,0.2634751609543855
0.4,1720,413.490016840436,412.45102,414.64587,413.22675,1.0389975533266238,1.1558571830015012,0.2632712349672488
0.4,1721,413.49008765289,412.45285,414.6459,413.22653,1.0372373110931221,1.1558168881256279,0.2635556704681221
0.4,1722,413.490158288011,412.45004,414.64484,413.22687,1.0401155634016277,1.1546781377702473,0.2632906122297527
0.4,1723,413.490228698305,412.45288,414.64374,413.2265,1.0373478389299748,1.1535090946637752,0.26372723346122484
0.4,1724,413.490299415885,412.45004,414.64322,413.22684,1.0402566912756015,1.1529195782556485,0.2634622576818515
0.4,1725,413.490370221003,412.45337,414.6443,413.22644,1.0370010803779905,1.1539168883720095,0.26392979131549055
0.4,1726,413.490440936693,412.4509,414.64633,413.22678,1.0395437198961304,1.1558908504163696,0.26366481364613037
0.4,1727,413.490511292821,412.4509,414.64877,413.2268,1.0396140760241224,1.1582619005383776,0.26370465219599737
0.4,1728,413.490581866817,412.45212,414.65033,413.22668,1.038463946895149,1.159747723026726,0.2638972965045241
0.4,1729,413.490652361978,412.45087,414.65002,413.22684,1.0397856627592432,1.1593720520845068,0.2638152037748682
0.4,1730,413.49072291575,412.4533,414.64957,413.22653,1.0374148102812342,1.1588437346406408,0.26419093332810917
0.4,1731,413.490793723061,412.45483,414.64957,413.22635,1.0359597386860173,1.1587729273296077,0.2644448461078923
0.4,1732,413.490864358871,412.4544,414.6508,413.22644,1.036457620589772,1.159922994644603,0.264423929183522
0.4,1733,413.490934871253,412.4521,414.653,413.2267,1.038847468909239,1.162080265465761,0.26421978336236407
0.4,1734,413.491005470265,412.45187,414.65533,413.22678,1.0391316909681336,1.1643290023912414,0.2642293472181336
0.4,1735,413.491075992921,412.45377,414.65634,413.22656,1.0373101237804008,1.1652655598133492,0.2645134929210258
0.4,1736,413.491146351949,412.45096,414.6559,413.2269,1.0401880999958735,1.1647679546916265,0.26424815858962347
0.4,1737,413.491216675361,412.45374,414.65497,413.22656,1.0374813237984881,1.1637515863577619,0.2646541753609881
0.4,1738,413.491287075796,412.45264,414.6539,413.22668,1.0386503570459809,1.1626130706883941,0.26460250548348085
0.4,1739,413.49135757382,412.451,414.6536,413.22687,1.0403688042887325,1.1622373968831425,0.26448989803873246
0.4,1740,413.491428057746,412.45096,414.6538,413.22687,1.0404698057928954,1.1623805360039796,0.2645603819647704
0.4,1741,413.491498327414,412.45374,414.6537,413.22653,1.0377629758514786,1.1621881960235214,0.2649663449921036
0.4,1742,413.491568803232,412.451,414.65295,413.22687,1.040580033700735,1.161385298330515,0.26470112745073493
0.4,1743,413.491639256192,412.451,414.65137,413.22684,1.040650486660752,1.159727931307998,0.264802097988877
0.4,1744,413.491709374979,412.45407,414.65,413.22644,1.0376383300571206,1.1582845215053794,0.2652689452914956
0.4,1745,413.491779575178,412.45203,414.64877,413.22668,1.0397532079904863,1.1569936181813887,0.2650950048654863
0.4,1746,413.491849905548,412.4513,414.64838,413.22675,1.0405559602355083,1.1565265592957417,0.26510430007925834
0.4,1747,413.491920216394,412.4508,414.64886,413.2268,1.0411145523315213,1.1569445296997287,0.2651135757690213
0.4,1748,413.491990456169,412.45206,414.64957,413.22668,1.0399335714033668,1.1575761942216332,0.26530588585649184
0.4,1749,413.492060735494,412.45297,414.6497,413.22656,1.0390883233846466,1.1576279852091034,0.26549823549402163
0.4,1750,413.492130963027,412.45377,414.64893,413.22647,1.038365093886398,1.156794818222977,0.26566001576139797
0.4,1751,413.492201361832,412.45563,414.6481,413.22626,1.0365739204257238,1.1559004448086512,0.2659440376132238
0.4,1752,413.492271395266,412.45605,414.64658,413.22617,1.036216707766016,1.154304532468359,0.26610562378164104
0.4,1753,413.492341577152,412.45605,414.64566,413.22617,1.03628688965199,1.153318823238635,0.2661758056676149
0.4,1754,413.492411820727,412.45374,414.64575,413.22644,1.0386764691644998,1.1533401323980002,0.26597139103949985
0.4,1755,413.492482000333,412.45544,414.6464,413.22626,1.0370376643954842,1.1539108219326408,0.26622467611423417
0.4,1756,413.492552105865,412.453,414.64703,413.22653,1.039549176177502,1.154481585541248,0.266020123443127
0.4,1757,413.492622398525,412.45322,414.64703,413.2265,1.0394058457906112,1.1544112928812638,0.26612093368123624
0.4,1758,413.49269259774,412.4532,414.64728,413.2265,1.0395065625837674,1.1545852342912326,0.2661911328962674
0.4,1759,413.492762554824,412.45517,414.6475,413.2263,1.0375928770896508,1.1547289002540992,0.26647471302715076
0.4,1760,413.492832747235,412.45456,414.6481,413.22638,1.0382734210631384,1.1552690594056116,0.26645335270376336
0.4,1761,413.492902923941,412.4525,414.64932,413.22662,1.040388275503517,1.156419585824608,0.266279388784767
0.4,1762,413.492972980038,412.45242,414.651,413.22665,1.0405498843348937,1.1580279965244813,0.2663189273036437
0.4,1763,413.493043271857,412.45462,414.65225,413.2264,1.0384229105288796,1.1592089254086204,0.2666333597476296
0.4,1764,413.493113355939,412.45212,414.6523,413.2267,1.0409954360171128,1.1591998764828872,0.26639826804836275
0.4,1765,413.493183192987,412.4546,414.6515,413.2264,1.0385933492369759,1.1583060648255241,0.2667732808776009
0.4,1766,413.493252930313,412.45175,414.65024,413.22675,1.0415012213286445,1.1569851067963555,0.26650732484426953
0.4,1767,413.493323028069,412.45175,414.64984,413.2267,1.0415713190846532,1.1565182805247218,0.26660794017840317
0.4,1768,413.4933930495,412.4546,414.65082,413.2264,1.038803205750014,1.157424821593736,0.26698313739063906
0.4,1769,413.493463066607,412.4519,414.65298,413.22675,1.041558769731978,1.159521552533647,0.2667174611382279
0.4,1770,413.493532742037,412.4519,414.65536,413.22678,1.0416284451620186,1.1618322481973564,0.2667566189901436
0.4,1771,413.493602609521,412.45505,414.6568,413.22644,1.0385550020991445,1.1631967068852305,0.26716217983351953
0.4,1772,413.493672335162,412.45175,414.65714,413.22684,1.041920626177614,1.163462674603636,0.26683517695886394
0.4,1773,413.493742164382,412.45175,414.65668,413.2268,1.041990455397638,1.162935081711737,0.266935523757013
0.4,1774,413.493812264583,412.4545,414.65646,413.2265,1.0393139735674026,1.1626513584638474,0.2673107997392776
0.4,1775,413.493882149969,412.4527,414.65735,413.2267,1.0411843960627607,1.1634664828434893,0.2671670620783857
0.4,1776,413.49395192956,412.45102,414.65918,413.22693,1.042932642450637,1.165227757939988,0.2670232186225121
0.4,1777,413.494021788976,412.4534,414.66074,413.22668,1.0406221307728742,1.1667142950083758,0.26733721866349924
0.4,1778,413.494091517664,412.45224,414.66122,413.22684,1.0418515274296283,1.1671328475703717,0.2672543594608783
0.4,1779,413.494161354794,412.45285,414.66022,413.22675,1.0413110129971415,1.1660559303622335,0.26741574932526646
0.4,1780,413.494231106267,412.451,414.6588,413.22693,1.0432423367357728,1.1645823702954772,0.2673023953295228
0.4,1781,413.494300690505,412.45337,414.6573,413.22662,1.0409315498799856,1.1629869071512644,0.2676771553487356
0.4,1782,413.494370449883,412.45074,414.65643,413.22693,1.0436258209767288,1.1620626555857712,0.26744173894547885
0.4,1783,413.494440222097,412.4536,414.6561,413.2266,1.0408269408470119,1.1616571900123631,0.2678472045188869
0.4,1784,413.494509804934,412.4532,414.65558,413.22662,1.0413237697777618,1.1610688083472382,0.26788626977776175
0.4,1785,413.494579545412,412.45105,414.65424,413.22687,1.043529740724523,1.159656294431727,0.267711869630773
0.4,1786,413.49464925626,412.45102,414.65195,413.22684,1.0436299691506292,1.1572977652243708,0.2678120980568792
0.4,1787,413.494718640937,412.45282,414.64993,413.2266,1.0418988167182306,1.1552142203911444,0.2681256233588556
0.4,1788,413.494788146059,412.45166,414.64804,413.2267,1.0431279898090224,1.1532526254253526,0.26807305816839744
0.4,1789,413.494857743928,412.45282,414.64728,413.22656,1.0420379197092302,1.1524200881032698,0.2682952439279802
0.4,1790,413.494927321467,412.44995,414.64755,413.2269,1.044976149592003,1.152625168767372,0.2680291281076279
0.4,1791,413.494996829556,412.45285,414.64825,413.22656,1.042146487759112,1.153257564975263,0.268434329555987
0.4,1792,413.495066377058,412.45038,414.64838,413.22687,1.0446879590892308,1.1533100877857692,0.26819870127673084
0.4,1793,413.495135849601,412.45,414.6479,413.2269,1.045123642569763,1.152752333992737,0.268237656241638
0.4,1794,413.495205531043,412.45288,414.64752,413.22656,1.0423246716679841,1.1523164416132659,0.26864303104298415
0.4,1795,413.495274827389,412.45038,414.64688,413.22684,1.0448964094202324,1.1516062761266426,0.26843766918585743
0.4,1796,413.495344279171,412.45325,414.64658,413.2265,1.042097208858479,1.151231648563396,0.268842814327229
0.4,1797,413.49541379416,412.4526,414.64703,413.2266,1.0428075929881402,1.1516198972462348,0.2688207765818902
0.4,1798,413.495483245716,412.45004,414.6479,413.2269,1.0454405211066273,1.1524049378777477,0.26858505235662733
0.4,1799,413.495552624222,412.45135,414.64844,413.22675,1.0441976437532503,1.1528848757779997,0.2688070187532503
0.4,1800,413.495622190498,412.44998,414.64767,413.2269,1.0456405010448862,1.1520523700488638,0.26872399713863615
0.4,1801,413.495691663424,412.45132,414.64743,413.22675,1.0443672005333724,1.1517387564978776,0.2689460579552474
0.4,1802,413.495760894277,412.45337,414.64728,413.2265,1.042391753651998,1.151516937754252,0.269259429433248
0.4,1803,413.495830357771,412.4506,414.64786,413.22684,1.0452383167553876,1.1520273082446124,0.2689931995678876
0.4,1804,413.495899809815,412.4534,414.64957,413.22653,1.0425001516118755,1.1536668405756245,0.2693678273931255
0.4,1805,413.495969140603,412.45355,414.65143,413.22653,1.0424168945092447,1.1554590820532553,0.2694371581811197
0.4,1806,413.496038709972,412.45068,414.65298,413.2269,1.0453551162220265,1.1569459091685985,0.2691405166126515
0.4,1807,413.496108071303,412.45068,414.65356,413.2269,1.0454244775530128,1.1574563818219872,0.2692098779436378
0.4,1808,413.496177186199,412.4533,414.65277,413.2266,1.04286908073027,1.15659380989473,0.26958416862089507
0.4,1809,413.496246201879,412.45334,414.65186,413.22656,1.0429075788321143,1.1556092668710107,0.26968370187898927
0.4,1810,413.496315577316,412.45142,414.65158,413.22678,1.044899561691011,1.155265233230864,0.26953945426913606
0.4,1811,413.496384872459,412.45132,414.6527,413.2268,1.0450604095683502,1.1563250884785248,0.2695782318339752
0.4,1812,413.496454174958,412.4507,414.655,413.22693,1.0457400636298644,1.1585446043388856,0.2695254640204894
0.4,1813,413.496523130582,412.45062,414.6574,413.22696,1.045900571988227,1.160886537386773,0.26956390206635206
0.4,1814,413.496592271712,412.45322,414.6592,413.22668,1.043375718977643,1.162617933366107,0.2699077013995179
0.4,1815,413.496661322148,412.4534,414.6598,413.22665,1.043261663944861,1.163128716914514,0.2700072694136111
0.4,1816,413.496730465906,412.4506,414.66,413.227,1.0461384248903869,1.1632731962033631,0.2697407198122619
0.4,1817,413.496799906892,412.4514,414.66034,413.2269,1.0454144088451471,1.1635394485767279,0.26990171353264714
0.4,1818,413.496869084517,412.45078,414.66177,413.227,1.0460939380326408,1.1649045971236092,0.26987933842326584
0.4,1819,413.496938139405,412.45218,414.66412,413.22687,1.0447591843268924,1.1671853957512326,0.2700704636237674
0.4,1820,413.49700727049,412.45447,414.66644,413.22662,1.0425394970524735,1.1694356006037765,0.2703837353337235
0.4,1821,413.497076391799,412.45398,414.66742,413.2267,1.0430968996114984,1.1703430417947516,0.27036130390837343
0.4,1822,413.497145577085,412.45563,414.66687,413.2265,1.041518135678757,1.169724540102493,0.27064411224125706
0.4,1823,413.497214821475,412.45602,414.66565,413.22644,1.0411906515531086,1.1684345925875164,0.27077439178748364
0.4,1824,413.497283752441,412.45605,414.6643,413.2264,1.0412290649409783,1.1670228881840217,0.27087384033160333
0.4,1825,413.497352855416,412.45374,414.66385,413.22668,1.0436175038535112,1.1664960215371138,0.27066828510351115
0.4,1826,413.497421846243,412.45297,414.66397,413.22678,1.0444494341336394,1.1665491010226106,0.27064572319613944
0.4,1827,413.49749066444,412.45514,414.66376,413.2265,1.042351504283772,1.166266659778728,0.2709891995962721
0.4,1828,413.497559572834,412.4528,414.66278,413.22678,1.0447702661933818,1.1652211888847432,0.27078344978713176
0.4,1829,413.4976286103,412.45502,414.66113,413.2265,1.042611520456262,1.163504202199988,0.27112714545626204
0.4,1830,413.497697287275,412.45285,414.65964,413.22675,1.0448469454781275,1.1619401638968725,0.2709516818062525
0.4,1831,413.497765989912,412.45456,414.65836,413.2265,1.0432066637401363,1.1605897229786137,0.27126452506826126
0.4,1832,413.497835004998,412.4525,414.6579,413.22675,1.0453203565605236,1.1600629442207264,0.2710893995292736
0.4,1833,413.497903846887,412.4545,414.6582,413.2265,1.0434055558714022,1.1602992781129728,0.27140238204327716
0.4,1834,413.497972737447,412.45175,414.65884,413.22684,1.0462210284626394,1.1608712566936106,0.2711355792438894
0.4,1835,413.498041576301,412.45175,414.65884,413.22684,1.0462898673166023,1.1608024178396477,0.27120441809785234
0.4,1836,413.498110334693,412.45242,414.65796,413.22675,1.045687238989899,1.159848649681976,0.271364729224274
0.4,1837,413.498179291216,412.45178,414.6571,413.2268,1.0463970646534904,1.1589252009715096,0.27137265059099036
0.4,1838,413.498247891726,412.4521,414.656,413.22678,1.0461604893822596,1.1577579676489904,0.2714717686791346
0.4,1839,413.498316618698,412.4549,414.65527,413.22644,1.043421599166777,1.156956818801973,0.271876189010527
0.4,1840,413.498385443445,412.45175,414.65527,413.2268,1.0466337344606131,1.1568879940550119,0.27157880281998814
0.4,1841,413.498454181868,412.4546,414.65552,413.22647,1.0438643381179986,1.1570633962570014,0.2719832346023736
0.4,1842,413.498522868734,412.45175,414.65555,413.2268,1.0467711597496532,1.1570252269690968,0.2717162281090282
0.4,1843,413.498591746156,412.4546,414.65482,413.22644,1.0440019024060234,1.1562239276721016,0.2721513164685234
0.4,1844,413.498660484514,412.45178,414.65436,413.22678,1.046878257951505,1.155697425642245,0.27188436146713
0.4,1845,413.498728958193,412.45462,414.654,413.22644,1.0441085968648736,1.1552627410257514,0.27228852850549856
0.4,1846,413.498797691049,412.45108,414.6541,413.22687,1.047717368783367,1.155316078482258,0.27193001526774196
0.4,1847,413.498866610753,412.4539,414.6552,413.22656,1.044978671299873,1.156345791590752,0.272304110752998
0.4,1848,413.498935231382,412.44952,414.65668,413.22708,1.0494113056007564,1.1577420147117436,0.27185393255388135
0.4,1849,413.499004132723,412.4522,414.65793,413.22678,1.0467946600667233,1.1589243340739017,0.2722280096760983
0.4,1850,413.499072589531,412.45245,414.6582,413.22675,1.0466189762497606,1.1591305354689894,0.27232698406226064
0.4,1851,413.499141071739,412.45245,414.65735,413.22675,1.0466874584577681,1.1582075610734819,0.2723954662702681
0.4,1852,413.499209488566,412.44955,414.65604,413.22708,1.0496550452066344,1.1568268883871156,0.27212818973788444
0.4,1853,413.499278053421,412.45242,414.65555,413.2267,1.0468549577178692,1.1562700422821308,0.2725629655303692
0.4,1854,413.499346632935,412.44955,414.65665,413.22708,1.0497921895756122,1.1573000955806378,0.27226533410686216
0.4,1855,413.499415185102,412.44955,414.65866,413.2271,1.0498607417426342,1.1592457035698658,0.2723033686957592
0.4,1856,413.499483303543,412.44955,414.661,413.22714,1.049928860183627,1.161527438644498,0.27234096955862697
0.4,1857,413.499551702033,412.45248,414.6625,413.2268,1.0470675711736135,1.1629544014826365,0.2727450614079885
0.4,1858,413.499620034498,412.44962,414.66266,413.22714,1.0500045559823548,1.1630386569082702,0.27247770051360476
0.4,1859,413.499688410361,412.45337,414.66263,413.2267,1.0463192697359887,1.1629397634671363,0.27297332247036366
0.4,1860,413.499757057943,412.4522,414.66266,413.22684,1.0475475852867362,1.1629016334632638,0.2729198997398612
0.4,1861,413.499825491024,412.451,414.66418,413.22702,1.048836721492762,1.164359079288488,0.2728052273521371
0.4,1862,413.499893889561,412.451,414.66623,413.22705,1.048905120029758,1.166335358485867,0.2728431083110081
0.4,1863,413.499962307708,412.45273,414.66833,413.22687,1.0472340362236423,1.1683726532294827,0.2730946319267673
0.4,1864,413.500030626179,412.45355,414.6693,413.22678,1.0464783800852615,1.1692808972584885,0.2732545031321365
0.4,1865,413.500099050899,412.4538,414.66864,413.22675,1.0463026641802458,1.1685410858197542,0.27335344543024576
0.4,1866,413.500167243605,412.45102,414.66763,413.22705,1.0491479564956308,1.1674658130356192,0.27311646235500575
0.4,1867,413.500235393758,412.45102,414.66644,413.22705,1.0492161066486005,1.1662074773357745,0.27318461250797554
0.4,1868,413.500303736233,412.4534,414.66583,413.22675,1.0469040780298542,1.1655287832982708,0.2735581307642292
0.4,1869,413.500372074348,412.45004,414.66586,413.22714,1.050329349738604,1.165490962761396,0.2732297403636039
0.4,1870,413.500440263897,412.45288,414.66565,413.2268,1.0475594045220191,1.1652091501654809,0.2736336232720191
0.4,1871,413.500508566197,412.45114,414.66388,413.227,1.049367208775152,1.163370828334223,0.273518820103277
0.4,1872,413.500576855846,412.45096,414.6615,413.227,1.0496186038928954,1.1609221675914796,0.2735871097522704
0.4,1873,413.500644816725,412.4517,414.65976,413.22687,1.0489541428968892,1.1591147047593608,0.27377714094376415
0.4,1874,413.500712789926,412.45386,414.6585,413.2266,1.0468553680510126,1.1577955108552374,0.27411977234788765
0.4,1875,413.500781007207,412.45078,414.6581,413.22696,1.0500058607226492,1.1573305650586008,0.27382177869139923
0.4,1876,413.500849167325,412.4513,414.6587,413.2269,1.0495552220124864,1.1578422389250136,0.2739509739656114
0.4,1877,413.500917319877,412.4497,414.65952,413.2271,1.0512102886269759,1.1585980609823991,0.27380550347072585
0.4,1878,413.500985450584,412.45312,414.65945,413.22668,1.0478604505839826,1.1584688951191424,0.2743008802714826
0.4,1879,413.501053519686,412.45367,414.65857,413.22662,1.0473792032797746,1.1575158162514754,0.27442998452977463
0.4,1880,413.501121770402,412.45032,414.65756,413.227,1.0508043875894941,1.1564404854573809,0.2741320243082441
0.4,1881,413.501189641782,412.4531,414.65616,413.22665,1.0480951593601162,1.1549688054836338,0.2745355890476162
0.4,1882,413.501257877035,412.4531,414.65518,413.22662,1.048163394613141,1.153924007730609,0.274634341878766
0.4,1883,413.501325996445,412.44983,414.65536,413.22702,1.0514968948825185,1.1540389937893565,0.2743057327731435
0.4,1884,413.501394020655,412.45117,414.65625,413.22687,1.0502221456550274,1.1548559793449726,0.27452634487377736
0.4,1885,413.501461971334,412.45334,414.65714,413.22662,1.0481233482871062,1.1556730384316438,0.2748384361777312
0.4,1886,413.501530111644,412.45056,414.65732,413.22696,1.0509685882065014,1.1557880035903736,0.2745708831283764
0.4,1887,413.501598213857,412.45078,414.6577,413.22696,1.0508230673726189,1.1561166298930061,0.2746389853413689
0.4,1888,413.501665974384,412.45425,414.65805,413.22653,1.0474118239934,1.15638456272535,0.27513399196215005
0.4,1889,413.501734010474,412.45215,414.65894,413.2268,1.0495855729740242,1.1572015364009758,0.2749273698490242
0.4,1890,413.50180205062,412.45316,414.66046,413.2267,1.0486465330418469,1.1586593751612781,0.27508696272934685
0.4,1891,413.501869967671,412.45447,414.66223,413.22656,1.0474021942334844,1.1603614776415156,0.27530746767098435
0.4,1892,413.501937862073,412.45398,414.66367,413.22665,1.0479583698855208,1.1617279094113542,0.2752838093386458
0.4,1893,413.502005802575,412.45563,414.6638,413.22647,1.0463783611687631,1.1617820392218619,0.27553485530938815
0.4,1894,413.502073500211,412.45602,414.66293,413.2264,1.0460493302891223,1.1608598493983777,0.2756635881016223
0.4,1895,413.502141099099,412.45374,414.66183,413.22665,1.048405747536492,1.159693617697883,0.27548704636461707
0.4,1896,413.50220905349,412.45605,414.66132,413.22638,1.0461543659899917,1.1591068644787583,0.2758296589587417
0.4,1897,413.502276926385,412.4553,414.66245,413.22647,1.0469851783381046,1.1601681419743954,0.27580597911935456
0.4,1898,413.502344803312,412.45282,414.66476,413.2268,1.0495249790932348,1.1624196009848902,0.27553816268698483
0.4,1899,413.502412335982,412.4553,414.66742,413.22656,1.047120587935126,1.165007097611749,0.27584983598200097
0.4,1900,413.50248005378,412.45294,414.6693,413.22687,1.0495381592487547,1.1668314696574953,0.2756123779987547
0.4,1901,413.50254768054,412.4535,414.66986,413.2268,1.0490564696024762,1.1673131593037738,0.2757410399149762
0.4,1902,413.502615398891,412.45224,414.66974,413.22693,1.0503754086566346,1.1671233706402404,0.2756866879535096
0.4,1903,413.502683416185,412.4553,414.66962,413.22656,1.0473916681381183,1.1669332830337567,0.27612091618499335
0.4,1904,413.502751173869,412.45215,414.67044,413.22696,1.050602736369001,1.167689499959124,0.2757919453533759
0.4,1905,413.502818804827,412.45212,414.67197,413.227,1.0507008849050976,1.1691477479074024,0.2758290587332226
0.4,1906,413.502886524791,412.45502,414.67352,413.22665,1.0478694349472448,1.1706364244277552,0.2762324720566198
0.4,1907,413.502954171826,412.45264,414.67407,413.22696,1.0503174530759907,1.1711180937990093,0.27599494331036567
0.4,1908,413.503021936165,412.4533,414.6732,413.22687,1.0497138306962484,1.1701653196943766,0.27615426038374835
0.4,1909,413.503089520239,412.45264,414.67212,413.22693,1.050452801488973,1.169029620386027,0.2761608093014729
0.4,1910,413.503157046401,412.45267,414.6707,413.2269,1.050489810072861,1.167527768052139,0.276258853041611
0.4,1911,413.503224659809,412.45523,414.67,413.2266,1.0479939469183819,1.1667887679253681,0.2766316422308819
0.4,1912,413.503292154371,412.45303,414.66983,413.22684,1.0502587071053995,1.1665381678946005,0.2764549961678995
0.4,1913,413.503359569471,412.45505,414.66946,413.22662,1.0483119620491266,1.1661045418571234,0.2767360343147516
0.4,1914,413.503427073521,412.45267,414.66837,413.22687,1.0507598371928566,1.1649384049946434,0.2765593977397316
0.4,1915,413.50349468053,412.45502,414.66672,413.22656,1.048477590686275,1.16322284876685,0.2769321805300251
0.4,1916,413.503561920447,412.45502,414.66556,413.22656,1.048544830603248,1.161995940881127,0.2769994204469981
0.4,1917,413.503629247016,412.45203,414.6642,413.2269,1.051602879828522,1.160585840874603,0.27673105365664696
0.4,1918,413.503696841723,412.45197,414.6638,413.2269,1.0517315096917628,1.1600910000738622,0.27679864836363777
0.4,1919,413.503764261281,412.4525,414.6644,413.22684,1.0512496128434918,1.1606339320783832,0.27692710307786683
0.4,1920,413.503831715315,412.45367,414.66513,413.2267,1.050157398908766,1.161298899919359,0.277116627424391
0.4,1921,413.503899170806,412.4508,414.66513,413.22705,1.053093506743494,1.161231444428381,0.2768483895559939
0.4,1922,413.50396652254,412.4533,414.6644,413.22675,1.0506584170712472,1.1604316708193778,0.2772209170712472
0.4,1923,413.504034058749,412.4533,414.66324,413.2267,1.0507259532802777,1.1592044666415973,0.27731897085840274
0.4,1924,413.504101309575,412.45316,414.66162,413.2267,1.0509457919968668,1.1575197841750082,0.2773862216843668
0.4,1925,413.504168714206,412.45337,414.66006,413.22668,1.0507995735810027,1.1558959830596223,0.27748414389350273
0.4,1926,413.504236126841,412.45334,414.65973,413.22668,1.0508975037941468,1.1554928770652282,0.2775515565285218
0.4,1927,413.504303415739,412.45102,414.6598,413.22693,1.0532841286296275,1.1554866233234975,0.2773747048015025
0.4,1928,413.504370678965,412.45135,414.65976,413.2269,1.0530156984962673,1.1553888425193577,0.2774724856056423
0.4,1929,413.504438125317,412.4534,414.65933,413.22665,1.0510384671138695,1.1548941500736305,0.2777840725826195
0.4,1930,413.504505347901,412.45135,414.65927,413.2269,1.053150367432238,1.154765892333387,0.277607154541613
0.4,1931,413.50457261295,412.4534,414.65967,413.22665,1.051172954746903,1.155095355799972,0.2779185602156531
0.4,1932,413.504639952214,412.4507,414.6608,413.227,1.0539258408858814,1.1561571669266186,0.27765020612025637
0.4,1933,413.5047074435,412.45074,414.6628,413.22702,1.053962814593774,1.158103835796851,0.27768717982814906
0.4,1934,413.504774637341,412.45084,414.66513,413.22705,1.0539384557003473,1.1603559778934027,0.2777238560909723
0.4,1935,413.504842093028,412.45264,414.667,413.22687,1.052205374278003,1.162150094471997,0.2779744172467531
0.4,1936,413.504909160615,412.45325,414.66766,413.2268,1.0516620903025,1.16275441360375,0.27810251999
0.4,1937,413.504976225248,412.45044,414.66687,413.2271,1.054536772123015,1.161893891939485,0.277864408841765
0.4,1938,413.505043200103,412.45047,414.66592,413.2271,1.054573229399864,1.160880872162636,0.277931383696739
0.4,1939,413.505110382532,412.453,414.66534,413.2268,1.0521074528444956,1.1602338557492544,0.2783037419069956
0.4,1940,413.505177555407,412.451,414.6662,413.22705,1.0541887858757377,1.1610211750617623,0.2781267741569877
0.4,1941,413.505244710982,412.451,414.6682,413.22705,1.0542559414507764,1.1629681796429736,0.2781939297320264
0.4,1942,413.505311524267,412.45364,414.66974,413.22678,1.051667725438847,1.164427245264278,0.2785354012200969
0.4,1943,413.505378519771,412.4524,414.67084,413.22693,1.052985941646,1.16545888257275,0.2784498088334999
0.4,1944,413.505445420541,412.45264,414.67056,413.2269,1.0528087017909797,1.1651173235996453,0.27854722718160474
0.4,1945,413.50551244619,412.45496,414.67038,413.22662,1.0505563915024823,1.1648671924818927,0.27888891103373226
0.4,1946,413.505579718037,412.45242,414.6703,413.22693,1.0531566223338586,1.1647083679005164,0.27865100709948365
0.4,1947,413.50564676342,412.45447,414.67142,413.2267,1.0511789899824748,1.1657704729081502,0.27893167552934983
0.4,1948,413.505713663211,412.45233,414.67346,413.227,1.0533821202422473,1.1677482508515027,0.2787239171172473
0.4,1949,413.50578064077,412.45465,414.67545,413.22675,1.0511297618637627,1.1696649158706123,0.2790350353012627
0.5,0,415.251261373162,414.96545,416.59616,415.21298,0.2858072715994808,1.3448995155098942,0.03827919542760583
0.5,1,415.251296099628,414.96545,416.59616,415.21298,0.28584199806550714,1.3448647890438679,0.03831392189363214
0.5,2,415.25133081492,414.96545,416.59616,415.21298,0.28587671335748155,1.3448300737518935,0.03834863718560655
0.5,3,415.251365519081,414.96545,416.59607,415.21298,0.28591141751849136,1.3447038168565086,0.03838334134661636
0.5,4,415.251400212122,414.96545,416.59613,415.21298,0.28594611055950736,1.3447301589717426,0.03841803438763236
0.5,5,415.251434894018,414.96545,416.59616,415.21298,0.28598079245551844,1.3447259946538566,0.03845271628364344
0.5,6,415.251469564789,414.96545,416.5962,415.21298,0.28601546322647664,1.3447218414610234,0.03848738705460164
0.5,7,415.251504224459,414.96545,416.59616,415.21298,0.28605012289648357,1.3446566642128914,0.03852204672460857
0.5,8,415.251538872986,414.96545,416.59616,415.21298,0.2860847714234751,1.3446220156859,0.038556695251600104
0.5,9,415.251573510353,414.96545,416.59607,415.21298,0.2861194087905119,1.344495825584488,0.0385913326186369
0.5,10,415.251608136578,414.96545,416.59616,415.21298,0.28615403501549963,1.3445527520938754,0.03862595884362463
0.5,11,415.25164275167,414.96545,416.596,415.21298,0.2861886501074764,1.3443655491112736,0.038660573935601406
0.5,12,415.251677355572,414.96545,416.596,415.21298,0.2862232540094851,1.3443309452092649,0.03869517783761012
0.5,13,415.251711948324,414.96545,416.59607,415.21298,0.2862578467614867,1.3443573876135133,0.03872977058961169
0.5,14,415.251746529884,414.96545,416.59607,415.21298,0.28629242832147384,1.3443228060535262,0.038764352149598835
0.5,15,415.251781100271,414.96545,416.596,415.21298,0.2863269987084891,1.344227200510261,0.0387989225366141
0.5,16,415.251815659465,414.96545,416.59604,415.21298,0.2863615579025236,1.3442231588943514,0.0388334817306486
0.5,17,415.251850207426,414.96545,416.596,415.21298,0.2863961058635027,1.3441580933552473,0.038868029691627726
0.5,18,415.251884744172,414.96545,416.59595,415.21298,0.2864306426095027,1.3440625214529973,0.038902566437627684
0.5,19,415.251919269702,414.96545,416.59595,415.21298,0.2864651681395003,1.3440279959229997,0.03893709196762529
0.5,20,415.25195378405,414.96545,416.5959,415.21298,0.2864996824874879,1.343932446418762,0.03897160631561292
0.5,21,415.251988287207,414.96545,416.59595,415.21298,0.2865341856444843,1.3439589784180157,0.039006109472609296
0.5,22,415.252022779158,414.96545,416.59595,415.21298,0.28656867759548277,1.3439244864670172,0.03904060142360777
0.5,23,415.252057259862,414.96545,416.59592,415.21298,0.2866031582994992,1.3438594881848758,0.03907508212762423
0.5,24,415.252091729333,414.96545,416.5959,415.21298,0.28663762777051716,1.3437945011357328,0.039109551598642156
0.5,25,415.25212618759,414.96536,416.5959,415.21298,0.28676363876189725,1.3437600428787277,0.039144009855647255
0.5,26,415.252160634618,414.96536,416.59598,415.21298,0.28679808578988286,1.3438171485851171,0.03917845688363286
0.5,27,415.252195070441,414.96536,416.596,415.21298,0.28683252161289374,1.3438132303402313,0.03921289270664374
0.5,28,415.252229495066,414.96536,416.596,415.21298,0.2868669462378648,1.3437788057152602,0.039247317331614795
0.5,29,415.252263908464,414.96536,416.59607,415.21298,0.2869013596358627,1.3438054274735123,0.03928173072961272
0.5,30,415.252298310685,414.96536,416.59607,415.21298,0.2869357618568529,1.3437710252525221,0.03931613295060288
0.5,31,415.25233270172,414.96536,416.59613,415.21298,0.286970152891854,1.343797669373771,0.03935052398560401
0.5,32,415.252367081569,414.96536,416.5961,415.21298,0.2870045327408661,1.3437327719466339,0.039384903834616125
0.5,33,415.252401450273,414.96536,416.5962,415.21298,0.2870389014448733,1.3437899559770017,0.03941927253862332
0.5,34,415.252435807811,414.96536,416.59616,415.21298,0.28707325898290037,1.3437250808608496,0.03945363007665037
0.5,35,415.252470154252,414.96536,416.5963,415.21298,0.28710760542389835,1.3438433223104767,0.03948797651764835
0.5,36,415.252504489592,414.96545,416.59628,415.21298,0.2870503880295132,1.3437784693923618,0.039522311857638215
0.5,37,415.252538813861,414.96545,416.5963,415.21298,0.2870847122985083,1.3437746627014917,0.03955663612663329
0.5,38,415.252573127045,414.96545,416.59634,415.21298,0.2871190254825251,1.3437708670956,0.0395909493106501
0.5,39,415.252607429166,414.96545,416.5964,415.21298,0.2871533276035052,1.3437976001308698,0.039625251431630204
0.5,40,415.252641720256,414.96545,416.5964,415.21298,0.2871876186935083,1.3437633090408667,0.039659542521633284
0.5,41,415.252676000327,414.96545,416.5963,415.21298,0.2872218987645283,1.3436374762354717,0.039693822592653305
0.5,42,415.252710269368,414.96545,416.59644,415.21298,0.2872561678054808,1.3437252775070192,0.0397280916336058
0.5,43,415.252744527338,414.96545,416.5965,415.21298,0.28729042577549535,1.3437520546932546,0.03976234960362035
0.5,44,415.252778774306,414.96545,416.5964,415.21298,0.287324672743523,1.343626254990852,0.039796596571648024
0.5,45,415.252813010287,414.96545,416.59647,415.21298,0.28735890872451364,1.3436530541661114,0.03983083255263864
0.5,46,415.252847235305,414.96545,416.59653,415.21298,0.28739313374251196,1.343679864304363,0.039865057570636964
0.5,47,415.252881449337,414.96545,416.59647,415.21298,0.2874273477744964,1.3435846151161286,0.03989927160262141
0.5,48,415.252915652389,414.96545,416.59637,415.21298,0.2874615508264924,1.3434588593297576,0.039933474654617385
0.5,49,415.252949844454,414.96545,416.59647,415.21298,0.28749574289150814,1.3435162199991169,0.039967666719633144
0.5,50,415.252984025543,414.96545,416.59644,415.21298,0.28752992398051447,1.3434515213319855,0.04000184780863947
0.5,51,415.253018195649,414.96545,416.5963,415.21298,0.2875640940865196,1.3432952809134804,0.04003601791464462
0.5,52,415.253052354764,414.96545,416.59637,415.21298,0.28759825320150867,1.3433221569547413,0.04007017702963367
0.5,53,415.253086502884,414.96545,416.5963,415.21298,0.2876324013215026,1.3432269736784974,0.040104325149627584
0.5,54,415.253120640001,414.96545,416.59634,415.21298,0.28766653843848644,1.3432233541396386,0.04013846226661144
0.5,55,415.253154766102,414.96545,416.59634,415.21298,0.28770066453949994,1.343189228038625,0.04017258836762494
0.5,56,415.253188881173,414.96545,416.5964,415.21298,0.28773477961050276,1.3432161481238722,0.040206703438627756
0.5,57,415.253222985205,414.96545,416.59637,415.21298,0.28776888364251363,1.3431515265137364,0.04024080747063863
0.5,58,415.253257078197,414.96545,416.5963,415.21298,0.2878029766345094,1.3430563983654906,0.04027490046263438
0.5,59,415.25329116014,414.96545,416.59625,415.21298,0.28783705857750874,1.3429612812662413,0.04030898240563374
0.5,60,415.253325231021,414.96545,416.59622,415.21298,0.2878711294584946,1.3428966928071304,0.04034305328661958
0.5,61,415.253359290844,414.96545,416.5962,415.21298,0.28790518928150277,1.3428321154059972,0.04037711310962777
0.5,62,415.253393339585,414.96545,416.5962,415.21298,0.28793923802248855,1.3427980666650114,0.04041116185061355
0.5,63,415.253427377261,414.96545,416.59613,415.21298,0.28797327569850495,1.342702993832745,0.04044519952662995
0.5,64,415.253461403926,414.96545,416.5962,415.21298,0.28800730236349636,1.3427300023240036,0.040479226191621365
0.5,65,415.253495419521,414.96545,416.59616,415.21298,0.2880413179585162,1.3426654691508588,0.040513241786641174
0.5,66,415.253529424042,414.96545,416.59613,415.21298,0.28807532247947165,1.3426009470517783,0.04054724630759665
0.5,67,415.253563417513,414.96536,416.5962,415.21298,0.28820086868489625,1.3426279887369788,0.04058123977864625
0.5,68,415.253597399888,414.96536,416.5962,415.21298,0.2882348510598831,1.3425940063619919,0.04061522215363311
0.5,69,415.253631371168,414.96536,416.59625,415.21298,0.28826882233988727,1.3426210702382377,0.040649193433637265
0.5,70,415.253665331406,414.96536,416.59628,415.21298,0.2883027825778868,1.3426176275783632,0.040683153671636774
0.5,71,415.2536992806,414.96536,416.59637,415.21298,0.2883367317718921,1.3426752311187329,0.04071710286564212
0.5,72,415.253733218737,414.96536,416.5965,415.21298,0.28837066990888616,1.3427633632942388,0.04075104100263616
0.5,73,415.253767145858,414.96536,416.59647,415.21298,0.288404597029853,1.342698918595147,0.040784968123602994
0.5,74,415.253801061941,414.96536,416.5965,415.21298,0.28843851311285107,1.342695520090274,0.04081888420660107
0.5,75,415.253834967008,414.96536,416.59653,415.21298,0.2884724181798788,1.3426921326013712,0.04085278927362879
0.5,76,415.253868861084,414.96536,416.59656,415.21298,0.2885063122558904,1.3426887561034846,0.04088668334964041
0.5,77,415.253902744199,414.96536,416.5966,415.21298,0.28854019537089926,1.3426853905666007,0.040920566464649255
0.5,78,415.253936616342,414.96536,416.59653,415.21298,0.2885740675138777,1.3425904832673723,0.04095443860762771
0.5,79,415.253970477539,414.96545,416.59656,415.21298,0.28851637597648505,1.342587139648515,0.04098829980461005
0.5,80,415.254004327805,414.96545,416.5966,415.21298,0.28855022624247795,1.342583806960647,0.04102215007060295
0.5,81,415.254038167179,414.96545,416.5966,415.21298,0.288584065616476,1.342549967586649,0.04105598944460098
0.5,82,415.254071995677,414.96545,416.59665,415.21298,0.288617894114509,1.342577174244866,0.041089817942634
0.5,83,415.254105813288,414.96545,416.5967,415.21298,0.28865171172549253,1.3426043917901325,0.04112363555361753
0.5,84,415.254139620016,414.96545,416.59665,415.21298,0.2886855184535193,1.3425095499058557,0.04115744228164431
0.5,85,415.254173415821,414.96545,416.59668,415.21298,0.2887193142585147,1.3425062716789853,0.041191238086639714
0.5,86,415.254207200787,414.96545,416.59677,415.21298,0.2887530992244933,1.3425640394473817,0.041225023052618326
0.5,87,415.254240974891,414.96545,416.59677,415.21298,0.2887868733284904,1.3425302653433846,0.0412587971566154
0.5,88,415.254274738167,414.96545,416.59674,415.21298,0.2888206366044983,1.3424659844892517,0.041292560432623304
0.5,89,415.254308490628,414.96545,416.59677,415.21298,0.28885438906547733,1.3424627496063977,0.041326312893602335
0.5,90,415.25434223225,414.96545,416.59674,415.21298,0.2888881306874964,1.3423984904062536,0.041360054515621414
0.5,91,415.254375963047,414.96545,416.59677,415.21298,0.2889218614844822,1.3423952771873928,0.04139378531260718
0.5,92,415.254409683052,414.96545,416.59683,415.21298,0.2889555814895175,1.3424225923386075,0.0414275053176425
0.5,93,415.254443392207,414.96545,416.59683,415.21298,0.2889892906445084,1.3423888831836166,0.0414612144726334
0.5,94,415.254477090514,414.96545,416.5968,415.21298,0.28902298895150125,1.3423246672984988,0.04149491277962625
0.5,95,415.254510777981,414.96545,416.59683,415.21298,0.28905667641851096,1.342321497409614,0.04152860024663596
0.5,96,415.254544454614,414.96545,416.5968,415.21298,0.2890903530515061,1.342257303198494,0.0415622768796311
0.5,97,415.254578120369,414.96545,416.59665,415.21298,0.28912401880648986,1.3420710495528851,0.04159594263461486
0.5,98,415.254611775267,414.96545,416.59677,415.21298,0.2891576737044943,1.3421594649673807,0.0416295975326193
0.5,99,415.25464541928,414.96545,416.5967,415.21298,0.2891913177174956,1.3420647857981294,0.04166324154562062
0.5,100,415.254679052421,414.96545,416.5967,415.21298,0.28922495085851097,1.342031152657114,0.041696874686635965
0.5,101,415.254712674671,414.96545,416.59662,415.21298,0.2892585731084978,1.3419059776727522,0.041730496936622785
0.5,102,415.254746285993,414.96545,416.59668,415.21298,0.28929218443050786,1.3419334015069921,0.04176410825863286
0.5,103,415.254779886401,414.96545,416.5966,415.21298,0.28932578483852467,1.3418082483646003,0.04179770866664967
0.5,104,415.254813475896,414.96545,416.59656,415.21298,0.28935937433351455,1.3417441412914854,0.04183129816163955
0.5,105,415.254847054514,414.96545,416.5966,415.21298,0.28939295295151624,1.3417410802516088,0.041864876779641236
0.5,106,415.254880622242,414.96545,416.59665,415.21298,0.2894265206795126,1.3417685476798624,0.04189844450763758
0.5,107,415.254914179068,414.96545,416.59656,415.21298,0.2894600775055096,1.3416434381194904,0.041932001333634616
0.5,108,415.254947724948,414.96545,416.5966,415.21298,0.28949362338551055,1.3416404098176145,0.041965547213635546
0.5,109,415.254981259901,414.96545,416.59653,415.21298,0.28952715833850107,1.341545839708374,0.04199908216662607
0.5,110,415.255014783935,414.96536,416.5966,415.21298,0.2896522351068711,1.341573350830629,0.0420326062006211
0.5,111,415.255048297044,414.96536,416.59662,415.21298,0.2896857482159021,1.341570355299723,0.042066119309652095
0.5,112,415.255081799244,414.96536,416.59662,415.21298,0.2897192504158852,1.3415368530997398,0.0420996215096352
0.5,113,415.255115290554,414.96536,416.5966,415.21298,0.28975274172586296,1.341472844211637,0.04213311281961296
0.5,114,415.255148770943,414.96536,416.59665,415.21298,0.2897862221148557,1.3415003989788943,0.04216659320860572
0.5,115,415.255182240459,414.96536,416.59662,415.21298,0.28981969163089616,1.3414364118847288,0.04220006272464616
0.5,116,415.255215699092,414.96536,416.59674,415.21298,0.28985315026386616,1.3415250235642588,0.042233521357616155
0.5,117,415.255249146845,414.96536,416.59677,415.21298,0.2898865980168921,1.341522093389358,0.042266969110642094
0.5,118,415.255282583762,414.96536,416.5968,415.21298,0.2899200349338571,1.341519174050518,0.042300406027607096
0.5,119,415.255316009813,414.96536,416.59674,415.21298,0.2899534609848615,1.3414247128432635,0.04233383207861152
0.5,120,415.25534942507,414.96545,416.59686,415.21298,0.28989532350749414,1.3415133678987559,0.04236724733561914
0.5,121,415.255382829527,414.96545,416.59686,415.21298,0.28992872796447955,1.3414799634417705,0.04240065179260455
0.5,122,415.255416223218,414.96545,416.59686,415.21298,0.28996212165549196,1.341446569750758,0.042434045483616956
0.5,123,415.255449606132,414.96545,416.597,415.21298,0.28999550456950374,1.3415352571492463,0.04246742839762874
0.5,124,415.255482978289,414.96545,416.597,415.21298,0.2900288767265238,1.3415018849922262,0.04250080055464878
0.5,125,415.255516339717,414.96545,416.59708,415.21298,0.29006223815451904,1.341560076298606,0.042534161982644036
0.5,126,415.255549690422,414.96545,416.59702,415.21298,0.2900955888595149,1.34146569043736,0.04256751268763992
0.5,127,415.2555830304,414.96545,416.59702,415.21298,0.29012892883747554,1.3414323504593995,0.04260085266560054
0.5,128,415.255616359607,414.96545,416.59705,415.21298,0.2901622580445178,1.3414295388304822,0.042634181872642785
0.5,129,415.255649678113,414.96545,416.59714,415.21298,0.2901955765505022,1.3414877730588728,0.04266750037862721
0.5,130,415.255682985958,414.96545,416.5971,415.21298,0.29022888439550343,1.3414239476357466,0.04270080822362843
0.5,131,415.255716283112,414.96545,416.5971,415.21298,0.2902621815495081,1.3413906504817419,0.042734105377633114
0.5,132,415.255749569585,414.96545,416.59717,415.21298,0.2902954680225207,1.3414183991649793,0.04276739185064571
0.5,133,415.255782845412,414.96545,416.5972,415.21298,0.2903287438494999,1.341415640916125,0.042800667677624915
0.5,134,415.255816110528,414.96545,416.59708,415.21298,0.2903620089654737,1.3412603054876513,0.042833932793598706
0.5,135,415.255849364959,414.96545,416.59714,415.21298,0.29039526339647637,1.3412880862128986,0.042867187224601366
0.5,136,415.255882608707,414.96545,416.59708,415.21298,0.2904285071444974,1.3411938073086276,0.042900430972622416
0.5,137,415.255915841769,414.96545,416.59708,415.21298,0.29046174020652415,1.3411605742466008,0.042933664034649155
0.5,138,415.255949064128,414.96545,416.597,415.21298,0.29049496256550356,1.3410357991532464,0.042966886393628556
0.5,139,415.255982275781,414.96545,416.597,415.21298,0.29052817421847976,1.3410025875002702,0.04300009804660476
0.5,140,415.25601547671,414.96545,416.59692,415.21298,0.29056137514749025,1.3409083514150097,0.04303329897561525
0.5,141,415.256048666916,414.96545,416.5969,415.21298,0.29059456535350137,1.3408446436308736,0.043066489181626366
0.5,142,415.25608184638,414.96545,416.59686,415.21298,0.2906277448175274,1.3407809465887226,0.0430996686456524
0.5,143,415.256115015104,414.96545,416.59692,415.21298,0.29066091354150103,1.340808813020999,0.04313283736962603
0.5,144,415.256148173079,414.96545,416.5968,415.21298,0.29069407151649784,1.3406535847335022,0.04316599534462284
0.5,145,415.256181320291,414.96545,416.59686,415.21298,0.2907272187284775,1.3406814726777725,0.04319914255660251
0.5,146,415.256214456741,414.96545,416.59683,415.21298,0.29076035517852006,1.340617818649605,0.04323227900664506
0.5,147,415.256247582404,414.96545,416.5969,415.21298,0.2907934808415007,1.3406457281428743,0.043265404669625696
0.5,148,415.256280697299,414.96545,416.5969,415.21298,0.2908265957365188,1.3406126132478562,0.04329851956464381
0.5,149,415.256313801486,414.96545,416.5968,415.21298,0.29085969992348737,1.3404879563265126,0.04333162375161237
0.5,150,415.256346894898,414.96545,416.59686,415.21298,0.29089279333550166,1.3405158980707483,0.043364717163626665
0.5,151,415.256379977531,414.96545,416.59686,415.21298,0.2909258759685258,1.3404828154377242,0.043397799796650816
0.5,152,415.256413049413,414.96536,416.59683,415.21298,0.2910505005849018,1.3404192259775982,0.04343087167865178
0.5,153,415.256446110495,414.96536,416.59677,415.21298,0.29108356166688054,1.3403251297393695,0.04346393276063054
0.5,154,415.256479160822,414.96536,416.59683,415.21298,0.2911166119938571,1.340353114568643,0.04349698308760708
0.5,155,415.256512200368,414.96536,416.59695,415.21298,0.29114965153985395,1.340442145335146,0.04353002263360395
0.5,156,415.256545229169,414.96536,416.59695,415.21298,0.29118268034085304,1.340409116534147,0.04356305143460304
0.5,157,415.256578247215,414.96536,416.59695,415.21298,0.2912156983868499,1.34037609848815,0.04359606948059991
0.5,158,415.256611254544,414.96536,416.59702,415.21298,0.2912487057158728,1.3404041263153772,0.0436290768096228
0.5,159,415.256644251131,414.96536,416.59702,415.21298,0.2912817023028538,1.3403711297283962,0.04366207339660377
0.5,160,415.256677237008,414.96536,416.59708,415.21298,0.2913146881798525,1.3403991790076475,0.04369505927360251
0.5,161,415.256710212177,414.96536,416.5971,415.21298,0.29134766334885853,1.3403967214167665,0.04372803444260853
0.5,162,415.256743176692,414.96536,416.59717,415.21298,0.2913806278638731,1.340424792058002,0.04376099895762309
0.5,163,415.25677613054,414.96545,416.59714,415.21298,0.29132202897750403,1.340361320631871,0.04379395280562903
0.5,164,415.256809073727,414.96545,416.59717,415.21298,0.29135497216452677,1.3403588950229732,0.04382689599265177
0.5,165,415.256842006295,414.96545,416.59714,415.21298,0.29138790473251674,1.3402954448768583,0.043859828560641745
0.5,166,415.256874928266,414.96545,416.5971,415.21298,0.29142082670347236,1.3402320053277776,0.04389275053159736
0.5,167,415.256907839663,414.96545,416.59723,415.21298,0.29145373810047204,1.340321164243278,0.04392566192859704
0.5,168,415.256940740468,414.96545,416.59726,415.21298,0.2914866389054964,1.3403187810163786,0.04395856273362142
0.5,169,415.256973630637,414.96545,416.59726,415.21298,0.29151952907449186,1.3402858908473831,0.04399145290261686
0.5,170,415.257006510225,414.96545,416.59732,415.21298,0.2915524086624828,1.3403140464156422,0.044024332490607776
0.5,171,415.257039379265,414.96545,416.59735,415.21298,0.2915852777024952,1.3403116949537548,0.044057201530620205
0.5,172,415.257072237746,414.96545,416.5974,415.21298,0.2916181361835015,1.3403398716289985,0.04409006001162652
0.5,173,415.257105085702,414.96545,416.5974,415.21298,0.2916509841394941,1.340307023673006,0.044122907967619085
0.5,174,415.257137923134,414.96545,416.59747,415.21298,0.2916838215714961,1.340335221397254,0.04415574539962108
0.5,175,415.257170750024,414.96545,416.59735,415.21298,0.29171664846148815,1.3401803241947619,0.04418857228961315
0.5,176,415.257203566389,414.96545,416.5975,415.21298,0.2917494648265233,1.3403000957203517,0.04422138865464831
0.5,177,415.257236372248,414.96545,416.5974,415.21298,0.2917822706854736,1.3401757371270264,0.04425419451359858
0.5,178,415.257269167559,414.96545,416.59738,415.21298,0.2918150659965022,1.3401124242378728,0.0442869898246272
0.5,179,415.25730195231,414.96545,416.59738,415.21298,0.2918478507475015,1.3400796394868735,0.044319774575626525
0.5,180,415.25733472652,414.96545,416.59738,415.21298,0.2918806249575141,1.340046865276861,0.0443525487856391
0.5,181,415.257367490186,414.96545,416.59732,415.21298,0.2919133886235272,1.3399530664545978,0.044385312451652226
0.5,182,415.25740024326,414.96545,416.5973,415.21298,0.2919461416975082,1.3398897958024918,0.04441806552563321
0.5,183,415.257432985775,414.96545,416.5973,415.21298,0.2919788842124831,1.339857053287517,0.04445080804060808
0.5,184,415.257465717698,414.96545,416.59726,415.21298,0.29201161613548265,1.3397938037863923,0.044483539963607654
0.5,185,415.257498439038,414.96545,416.59726,415.21298,0.2920443374754882,1.3397610824463868,0.04451626130361319
0.5,186,415.257531149779,414.96545,416.59732,415.21298,0.2920770482165267,1.3397894068615983,0.04454897204465169
0.5,187,415.257563849885,414.96545,416.59732,415.21298,0.2921097483225026,1.3397567067556224,0.04458167215062758
0.5,188,415.257596539372,414.96545,416.5972,415.21298,0.29214243780950255,1.3396019469561224,0.04461436163762755
0.5,189,415.25762921823,414.96545,416.59714,415.21298,0.29217511666752216,1.3395082329418528,0.04464704049564716
0.5,190,415.257661886516,414.96545,416.5972,415.21298,0.2922077849535185,1.3395365998121065,0.04467970878164351
0.5,191,415.257694544199,414.96545,416.5971,415.21298,0.29224044263651194,1.339412389394738,0.04471236646463694
0.5,192,415.257727191273,414.96545,416.59708,415.21298,0.29227308971047705,1.339349224742648,0.04474501353860205
0.5,193,415.257759827693,414.96545,416.59714,415.21298,0.29230572613050754,1.3393776234788675,0.04477764995863254
0.5,194,415.257792453473,414.96545,416.59714,415.21298,0.2923383519104732,1.3393449976989018,0.04481027573859819
0.5,195,415.257825068631,414.96536,416.59717,415.21298,0.29246251980288207,1.339342900118993,0.04484289089663207
0.5,196,415.257857673154,414.96536,416.5972,415.21298,0.29249512432585334,1.3393408131741467,0.04487549541960334
0.5,197,415.257890267066,414.96536,416.59726,415.21298,0.2925277182378636,1.3393692544183864,0.04490808933161361
0.5,198,415.257922850377,414.96536,416.5972,415.21298,0.2925603015488605,1.3392756359511395,0.04494067264261048
0.5,199,415.257955423064,414.96536,416.59726,415.21298,0.2925928742358792,1.3393040984203708,0.04497324532962921
0.5,200,415.257987985149,414.96536,416.59735,415.21298,0.29262543632086135,1.3393630890697636,0.045005807414611354
0.5,201,415.258020536661,414.96536,416.59735,415.21298,0.2926579878328539,1.339330537557771,0.045038358926603905
0.5,202,415.258053077584,414.96536,416.59735,415.21298,0.29269052875588386,1.3392979966347411,0.04507089984963386
0.5,203,415.258085607967,414.96536,416.59738,415.21298,0.2927230591388934,1.3392959838298566,0.045103430232643404
0.5,204,415.258118127777,414.96536,416.5975,415.21298,0.2927555789488565,1.3393855343323935,0.04513595004260651
0.5,205,415.258150637091,414.96545,416.5975,415.21298,0.29269653552847785,1.3393530250183971,0.04516845935660285
0.5,206,415.258183135895,414.96545,416.59744,415.21298,0.29272903433252395,1.339259491058101,0.04520095816064895
0.5,207,415.258215624227,414.96545,416.59753,415.21298,0.2927615226644775,1.3393185554605225,0.045233446492602525
0.5,208,415.258248102077,414.96545,416.5976,415.21298,0.29279400051450466,1.3393471127667453,0.04526592434262966
0.5,209,415.25828056946,414.96545,416.59763,415.21298,0.29282646789749833,1.3393451629618767,0.04529839172562333
0.5,210,415.25831302641,414.96545,416.59763,415.21298,0.29285892484750775,1.3393127060118672,0.04533084867563275
0.5,211,415.25834547293,414.96545,416.59775,415.21298,0.2928913713674888,1.3394023298043862,0.04536329519561377
0.5,212,415.258377909017,414.96545,416.5977,415.21298,0.29292380745448554,1.3393088585611395,0.04539573128261054
0.5,213,415.258410334635,414.96545,416.59766,415.21298,0.29295623307251617,1.3392459153649838,0.04542815690064117
0.5,214,415.258442749832,414.96545,416.59775,415.21298,0.29298864826949966,1.3393050529023753,0.04546057209762466
0.5,215,415.258475154658,414.96545,416.59778,415.21298,0.29302105309551507,1.339303165654485,0.04549297692364007
0.5,216,415.258507549088,414.96545,416.5978,415.21298,0.29305344752549445,1.3393012888026306,0.04552537135361945
0.5,217,415.258539933129,414.96545,416.5978,415.21298,0.2930858315664864,1.3392689047616386,0.04555775539461138
0.5,218,415.258572306812,414.96545,416.5978,415.21298,0.29311820524952736,1.3392365310785976,0.045590129077652364
0.5,219,415.258604670071,414.96545,416.5979,415.21298,0.2931505685085085,1.3392957205539915,0.04562249233663351
0.5,220,415.25863702294,414.96545,416.59787,415.21298,0.29318292137747903,1.339232850106896,0.04565484520560403
0.5,221,415.258669365414,414.96545,416.5979,415.21298,0.29321526385149355,1.3392310252110065,0.045687187679618546
0.5,222,415.25870169749,414.96545,416.5978,415.21298,0.2932475959274825,1.3391071404006425,0.04571951975560751
0.5,223,415.258734019159,414.96545,416.59784,415.21298,0.2932799175965215,1.3391053363097285,0.0457518414246465
0.5,224,415.258766330408,414.96545,416.5978,415.21298,0.2933122288454797,1.3390425074826453,0.045784152673604694
0.5,225,415.258798631223,414.96545,416.5978,415.21298,0.2933445296604873,1.3390102066676377,0.045816453488612296
0.5,226,415.258830921604,414.96545,416.59775,415.21298,0.29337682004148746,1.3389168811303875,0.04584874386961246
0.5,227,415.258863201534,414.96545,416.5977,415.21298,0.293409099971484,1.338823566044141,0.04588102379960901
0.5,228,415.258895471003,414.96545,416.59772,415.21298,0.2934413694404725,1.3388218141532775,0.0459132932685975
0.5,229,415.25892773001,414.96545,416.5977,415.21298,0.2934736284474866,1.3387590375681384,0.04594555227561159
0.5,230,415.25895997855,414.96545,416.59766,415.21298,0.29350587698752406,1.338696271449976,0.04597780081564906
0.5,231,415.258992216605,414.96545,416.5976,415.21298,0.2935381150425087,1.3386029982387413,0.04601003887063371
0.5,232,415.259024444183,414.96545,416.59756,415.21298,0.2935703426205123,1.3385402530826127,0.04604226644863729
0.5,233,415.259056661276,414.96545,416.5976,415.21298,0.2936025597135199,1.33853855356773,0.046074483541644895
0.5,234,415.25908886795,414.96545,416.5976,415.21298,0.2936347663875267,1.3385063468937233,0.046106690215651724
0.5,235,415.259121064137,414.96545,416.59756,415.21298,0.2936669625744912,1.3384436331286338,0.04613888640261621
0.5,236,415.259153249838,414.96545,416.59753,415.21298,0.29369914827549337,1.3383809298495066,0.04617107210361837
0.5,237,415.259185425074,414.96536,416.59756,415.21298,0.29382287624588344,1.3383792721916166,0.046203247339633435
0.5,238,415.259217589801,414.96536,416.59756,415.21298,0.29385504097285775,1.3383471074646422,0.04623541206660775
0.5,239,415.259249744062,414.96536,416.59753,415.21298,0.29388719523387863,1.3382844356254964,0.04626756632762863
0.5,240,415.259281887831,414.96536,416.59763,415.21298,0.29391933900285494,1.338343844590895,0.04629971009660494
0.5,241,415.259314021144,414.96536,416.59766,415.21298,0.29395147231588226,1.3383422288559927,0.046331843409632256
0.5,242,415.259346143988,414.96536,416.59763,415.21298,0.2939835951598866,1.3382795884338634,0.04636396625363659
0.5,243,415.259378256405,414.96536,416.59772,415.21298,0.29401570757687523,1.3383390287512498,0.04639607867062523
0.5,244,415.259410358372,414.96536,416.5977,415.21298,0.29404780954388343,1.3382764092061166,0.04642818063763343
0.5,245,415.259442449925,414.96536,416.59775,415.21298,0.2940799010968931,1.338305352809357,0.04646027219064308
0.5,246,415.259474531053,414.96536,416.59778,415.21298,0.29411198222487656,1.3383037892594984,0.046492353318626556
0.5,247,415.259506601821,414.96536,416.5978,415.21298,0.2941440529928627,1.3383022360696373,0.046524424086612726
0.5,248,415.259538662201,414.96545,416.5978,415.21298,0.29408456063850963,1.3382701756896154,0.04655648446663463
0.5,249,415.259570712219,414.96545,416.59796,415.21298,0.29411661065648786,1.3383907135622621,0.046588534484612865
0.5,250,415.259602751903,414.96545,416.59802,415.21298,0.2941486503405031,1.338419709034497,0.04662057416862808
0.5,251,415.259634781289,414.96545,416.5979,415.21298,0.2941806797264803,1.3382656093360197,0.04665260355460532
0.5,252,415.259666800387,414.96545,416.59802,415.21298,0.29421269882448087,1.3383556605505191,0.04668462265260587
0.5,253,415.259698809175,414.96545,416.59808,415.21298,0.2942447076125063,1.3383846869187437,0.04671663144063132
0.5,254,415.259730807623,414.96545,416.59808,415.21298,0.2942767060604865,1.3383526884707635,0.046748629888611504
0.5,255,415.259762795778,414.96545,416.59808,415.21298,0.2943086942154878,1.3383207003157622,0.046780618043612776
0.5,256,415.259794773674,414.96545,416.59808,415.21298,0.2943406721115025,1.3382887224197475,0.0468125959396275
0.5,257,415.2598267413,414.96545,416.59802,415.21298,0.29437263973750305,1.338195719637497,0.04684456356562805
0.5,258,415.259858698685,414.96545,416.59802,415.21298,0.29440459712247957,1.3381637622525204,0.04687652095060457
0.5,259,415.259890645836,414.96545,416.598,415.21298,0.29443654427348065,1.3381012975233944,0.04690846810160565
0.5,260,415.259922582737,414.96545,416.59802,415.21298,0.29446848117447644,1.3380998782005236,0.04694040500260144
0.5,261,415.259954509403,414.96545,416.59808,415.21298,0.2945004078404736,1.3381289866907764,0.0469723316685986
0.5,262,415.259986425847,414.96545,416.59802,415.21298,0.2945323242844893,1.3380360350905107,0.04700424811261428
0.5,263,415.260018332023,414.96545,416.5981,415.21298,0.2945642304604803,1.3380956816488947,0.0470361542886053
0.5,264,415.260050227925,414.96545,416.598,415.21298,0.2945961263624781,1.3379417154343969,0.04706805019060312
0.5,265,415.260082113571,414.96545,416.59796,415.21298,0.2946280120085021,1.337879312210248,0.04709993583662708
0.5,266,415.26011398896,414.96545,416.59805,415.21298,0.2946598873974722,1.3379389895556528,0.047131811225597176
0.5,267,415.260145854047,414.96545,416.59805,415.21298,0.2946917524844821,1.337907124468643,0.047163676312607095
0.5,268,415.260177708849,414.96545,416.598,415.21298,0.294723607286528,1.337814234510347,0.04719553111465302
0.5,269,415.260209553351,414.96545,416.598,415.21298,0.2947554517884896,1.3377823900083854,0.04722737561661461
0.5,270,415.260241387561,414.96545,416.59793,415.21298,0.29478728599849546,1.3376895206421295,0.04725920982662046
0.5,271,415.26027321146,414.96545,416.59784,415.21298,0.29481910989750304,1.337566144008747,0.04729103372562804
0.5,272,415.260305025005,414.96545,416.5978,415.21298,0.29485092344248187,1.3375038128856431,0.04732284727060687
0.5,273,415.260336828217,414.96545,416.59784,415.21298,0.29488272665452087,1.3375025272517291,0.047354650482645866
0.5,274,415.260368621091,414.96545,416.59778,415.21298,0.2949145195285041,1.3374096992214959,0.047386443356629115
0.5,275,415.260400403674,414.96545,416.59787,415.21298,0.29494630211149797,1.337469469372877,0.04741822593962297
0.5,276,415.260432175924,414.96545,416.5979,415.21298,0.29497807436149515,1.3374682147010049,0.047449998189620146
0.5,277,415.260463937862,414.96545,416.5978,415.21298,0.2950098362995277,1.3373449000285973,0.047481760127652706
0.5,278,415.260495689437,414.96545,416.59796,415.21298,0.2950415878744934,1.3374657363442566,0.047513511702618416
0.5,279,415.260527430655,414.96545,416.59787,415.21298,0.2950733290924745,1.3373424423919005,0.04754525292059952
0.5,280,415.26055916153,414.96536,416.59793,415.21298,0.29519661270188635,1.3373717466731136,0.04757698379563635
0.5,281,415.260590882061,414.96536,416.59793,415.21298,0.2952283332328989,1.3373400261421011,0.047608704326648876
0.5,282,415.260622592277,414.96536,416.5979,415.21298,0.29526004344887724,1.3372777983479978,0.04764041454262724
0.5,283,415.260654292173,414.96536,416.59796,415.21298,0.29529174334487607,1.337307133608249,0.04767211443862607
0.5,284,415.260685981741,414.96536,416.5979,415.21298,0.29532343291288043,1.3372144088839946,0.047703804006630435
0.5,285,415.260717660985,414.96536,416.59796,415.21298,0.2953551121568694,1.3372437647962556,0.04773548325061938
0.5,286,415.260749329944,414.96536,416.59805,415.21298,0.29538678111589434,1.3373036485716057,0.04776715220964434
0.5,287,415.260780988605,414.96536,416.5981,415.21298,0.2954184397768813,1.3373330250668687,0.047798810870631314
0.5,288,415.26081263701,414.96536,416.59814,415.21298,0.29545008818189444,1.3373318942399806,0.047830459275644444
0.5,289,415.260844275134,414.96536,416.59808,415.21298,0.2954817263058658,1.3372392209597592,0.04786209739961578
0.5,290,415.260875903043,414.96545,416.59814,415.21298,0.29542180148047237,1.3372686282070276,0.04789372530859737
0.5,291,415.260907520729,414.96545,416.59814,415.21298,0.29545341916650614,1.3372370105209939,0.04792534299463114
0.5,292,415.26093912823,414.96545,416.59818,415.21298,0.29548502666750665,1.3372359205981184,0.047956950495631645
0.5,293,415.26097072553,414.96545,416.59827,415.21298,0.2955166239675009,1.337295876032499,0.04798854779562589
0.5,294,415.261002312656,414.96545,416.5983,415.21298,0.2955482110934895,1.3372948064846355,0.0480201349216145
0.5,295,415.261033889633,414.96545,416.5983,415.21298,0.2955797880704836,1.3372632295076414,0.04805171189860857
0.5,296,415.261065456463,414.96545,416.59836,415.21298,0.29561135490047263,1.3372926978339024,0.048083278728597634
0.5,297,415.261097013145,414.96545,416.59833,415.21298,0.29564291158249034,1.3372306235737597,0.04811483541061534
0.5,298,415.261128559634,414.96545,416.59836,415.21298,0.2956744580715167,1.3372295946628583,0.04814638189964171
0.5,299,415.26116009601,414.96545,416.59836,415.21298,0.2957059944474736,1.3371980582869014,0.048177918275598586
0.5,300,415.261191622285,414.96545,416.6048,415.21298,0.29573752072252546,1.3436057409962245,0.04820944455065046
0.5,301,415.261223138445,414.96545,416.60477,415.21298,0.2957690368825183,1.3435437072581067,0.04824096071064332
0.5,302,415.261254644502,414.96545,416.60477,415.21298,0.295800542939503,1.343512201201122,0.048272466767627975
0.5,303,415.261286140478,414.96545,416.60464,415.21298,0.2958320389154778,1.3433586349126472,0.048303962743602824
0.5,304,415.261317626323,414.96545,416.6047,415.21298,0.2958635247604775,1.3433881842238975,0.0483354485886025
0.5,305,415.26134910206,414.96545,416.60477,415.21298,0.2958950004975236,1.3434177436431014,0.0483669243256486
0.5,306,415.261380567685,414.96545,416.60468,415.21298,0.2959264661225234,1.3432947252837266,0.04839838995064838
0.5,307,415.261412023198,414.96545,416.60464,415.21298,0.29595792163547685,1.3432327521926481,0.04842984546360185
0.5,308,415.261443468578,414.96545,416.60464,415.21298,0.2959893670155225,1.3432013068126025,0.048461290843647475
0.5,309,415.261474903821,414.96545,416.60458,415.21298,0.2960208022585107,1.3431088364133643,0.048492726086635685
0.5,310,415.261506328916,414.96545,416.60455,415.21298,0.29605222735352754,1.3430468937402225,0.04852415118165254
0.5,311,415.261537743858,414.96545,416.60458,415.21298,0.296083642295514,1.343045996376361,0.04855556612363898
0.5,312,415.26156914863,414.96545,416.60458,415.21298,0.2961150470674738,1.3430145916044012,0.048586970895598824
0.5,313,415.261600543224,414.96545,416.60458,415.21298,0.29614644166150583,1.3429831970103692,0.04861836548963083
0.5,314,415.261631927639,414.96545,416.60443,415.21298,0.29617782607647314,1.3427992247047769,0.04864974990459814
0.5,315,415.261663301874,414.96545,416.60458,415.21298,0.2962092003115231,1.342920438360352,0.04868112413964809
0.5,316,415.261694665901,414.96545,416.60443,415.21298,0.2962405643385182,1.3427364864427318,0.0487124881666432
0.5,317,415.261726019735,414.96545,416.60455,415.21298,0.29627191817252196,1.342827202921228,0.048743842000646964
0.5,318,415.261757363366,414.96545,416.60458,415.21298,0.2963032618034731,1.342826376868402,0.048775185631598106
0.5,319,415.261788696842,414.96545,416.60452,415.21298,0.296334595279518,1.342734008236107,0.048806519107643
0.5,320,415.261820020135,414.96545,416.6045,415.21298,0.29636591857251915,1.3426721673649809,0.04883784240064415
0.5,321,415.261851333221,414.96545,416.60443,415.21298,0.29639723165848864,1.3425798191227614,0.048869155486613636
0.5,322,415.261882636126,414.96536,416.60446,415.21298,0.2965200872978926,1.3425790337958574,0.04890045839164259
0.5,323,415.261913928808,414.96536,416.60458,415.21298,0.29655137997986003,1.34266981142639,0.04893175107361003
0.5,324,415.261945211302,414.96536,416.60458,415.21298,0.2965826624738952,1.3426385289323548,0.0489630335676452
0.5,325,415.261976483588,414.96536,416.6045,415.21298,0.2966139347598755,1.3425157039119995,0.04899430585362552
0.5,326,415.262007745716,414.96536,416.6046,415.21298,0.29664519688788005,1.342606512096495,0.04902556798163005
0.5,327,415.262038997647,414.96536,416.60458,415.21298,0.29667644881885735,1.3425447425873926,0.04905681991260735
0.5,328,415.262070239431,414.96536,416.6046,415.21298,0.2967076906028865,1.3425440183814885,0.04908806169663649
0.5,329,415.262101471053,414.96536,416.6047,415.21298,0.2967389222248471,1.342604339493903,0.0491192933185971
0.5,330,415.262132692534,414.96536,416.60474,415.21298,0.29677014370588495,1.34260363559099,0.04915051479963495
0.5,331,415.262163903886,414.96536,416.60474,415.21298,0.2968013550578803,1.3425724242389947,0.0491817261516303
0.5,332,415.262195105152,414.96536,416.60486,415.21298,0.29683255632386363,1.3426632932855114,0.04921292741761363
0.5,333,415.262226296328,414.96545,416.60492,415.21298,0.2967721947654809,1.342693137265769,0.04924411859360589
0.5,334,415.262257477418,414.96545,416.60486,415.21298,0.29680337585551797,1.342600921019482,0.04927529968364297
0.5,335,415.262288648458,414.96545,416.6048,415.21298,0.2968345468955249,1.342508714823225,0.04930647072364991
0.5,336,415.262319809486,414.96545,416.60492,415.21298,0.2968657079234731,1.342599624107777,0.04933763175159811
0.5,337,415.262350960494,414.96545,416.60486,415.21298,0.2968968589315182,1.3425074379434818,0.04936878275964318
0.5,338,415.262382101484,414.96545,416.60492,415.21298,0.2969279999214791,1.3425373321097709,0.04939992374960411
0.5,339,415.262413232398,414.96545,416.60498,415.21298,0.2969591308354893,1.3425672363520107,0.049431054663614304
0.5,340,415.262444353317,414.96545,416.60504,415.21298,0.2969902517544938,1.3425971505892562,0.049462175582618784
0.5,341,415.262475464261,414.96545,416.60507,415.21298,0.29702136269850143,1.3425965572233736,0.049493286526626434
0.5,342,415.262506565229,414.96545,416.60507,415.21298,0.2970524636664891,1.342565456255386,0.049524387494614075
0.5,343,415.262537656229,414.96545,416.60513,415.21298,0.2970835546664716,1.3425954004116534,0.04955547849459663
0.5,344,415.26256873727,414.96545,416.60526,415.21298,0.2971146357074872,1.3426863896831378,0.049586559535612196
0.5,345,415.262599808335,414.96545,416.60513,415.21298,0.29714570677248275,1.3425332483056422,0.049617630600607754
0.5,346,415.262630869448,414.96545,416.6051,415.21298,0.29717676788550307,1.342471669614497,0.04964869171362807
0.5,347,415.262661920614,414.96545,416.60504,415.21298,0.2972078190514935,1.3423795832922565,0.049679742879618516
0.5,348,415.262692961794,414.96545,416.605,415.21298,0.29723886023151636,1.3423180245341086,0.049710784059641355
0.5,349,415.262723992981,414.96545,416.60498,415.21298,0.297269891418523,1.342256475768977,0.049741815246648
0.5,350,415.262755014188,414.96545,416.60492,415.21298,0.29730091262547376,1.3421644194057762,0.04977283645359876
0.5,351,415.262786025414,414.96545,416.60492,415.21298,0.29733192385151597,1.342133408179734,0.04980384767964097
0.5,352,415.262817026619,414.96545,416.60492,415.21298,0.2973629250565182,1.3421024069747318,0.04983484888464318
0.5,353,415.262848017817,414.96545,416.6049,415.21298,0.2973939162545207,1.3420408981986043,0.04986584008264572
0.5,354,415.262878999003,414.96545,416.60486,415.21298,0.29742489744052136,1.3419793994344786,0.04989682126864636
0.5,355,415.262909970163,414.96545,416.60486,415.21298,0.2974558686004798,1.3419484282745202,0.04992779242860479
0.5,356,415.262940931293,414.96545,416.60486,415.21298,0.2974868297304738,1.3419174671445262,0.0499587535585988
0.5,357,415.262971882342,414.96545,416.60486,415.21298,0.29751778077951485,1.3418865160954851,0.04998970460763985
0.5,358,415.263002823349,414.96545,416.60486,415.21298,0.29754872178648384,1.3418555750885162,0.05002064561460884
0.5,359,415.263033754286,414.96545,416.60483,415.21298,0.2975796527235275,1.3417941265733475,0.05005157655165249
0.5,360,415.26306467522,414.96545,416.60483,415.21298,0.29761057365749366,1.3417632056393813,0.05008249748561866
0.5,361,415.263095586089,414.96545,416.60483,415.21298,0.29764148452647987,1.3417322947703951,0.05011340835460487
0.5,362,415.263126486931,414.96545,416.60483,415.21298,0.29767238536851437,1.3417013939283606,0.05014430919663937
0.5,363,415.263157377697,414.96545,416.6049,415.21298,0.29770327613448444,1.3417315383186406,0.05017519996260944
0.5,364,415.263188258371,414.96545,416.60468,415.21298,0.2977341568084739,1.341487034597776,0.050206080636598927
0.5,365,415.263219128979,414.96536,416.60477,415.21298,0.2978565801508921,1.3415477167241079,0.050236951244642114
0.5,366,415.263249989559,414.96536,416.60477,415.21298,0.2978874407308467,1.3415168561441533,0.05026781182459672
0.5,367,415.263280840041,414.96536,416.60486,415.21298,0.2979182912128522,1.3415775583965228,0.05029866230660218
0.5,368,415.263311680487,414.96536,416.60486,415.21298,0.2979491316588678,1.3415467179505072,0.05032950275261783
0.5,369,415.263342510893,414.96536,416.60492,415.21298,0.2979799620648578,1.3415769227007672,0.05036033315860777
0.5,370,415.263373331266,414.96536,416.60498,415.21298,0.2980107824378706,1.3416071374840044,0.0503911535316206
0.5,371,415.263404141633,414.96536,416.60498,415.21298,0.2980415928048501,1.341576327117025,0.0504219638986001
0.5,372,415.263434941981,414.96536,416.60495,415.21298,0.2980723931528928,1.3415150091908572,0.0504527642466428
0.5,373,415.263465732352,414.96536,416.6051,415.21298,0.2981031835238923,1.3416368067104827,0.05048355461764231
0.5,374,415.26349651272,414.96536,416.6051,415.21298,0.2981339638918712,1.3416060263425038,0.05051433498562119
0.5,375,415.26352728315,414.96545,416.60504,415.21298,0.2980731815874833,1.3415142207562667,0.050545105415608305
0.5,376,415.263558043643,414.96545,416.60516,415.21298,0.29810394208050184,1.3416055305757482,0.05057586590862684
0.5,377,415.263588794232,414.96545,416.6052,415.21298,0.298134692669521,1.341605297564854,0.05060661649764597
0.5,378,415.263619534897,414.96545,416.60522,415.21298,0.298165433334475,1.341605074478025,0.05063735716259998
0.5,379,415.263650265668,414.96545,416.6053,415.21298,0.2981961641054909,1.3416353788632591,0.05066808793361588
0.5,380,415.263680986574,414.96545,416.60516,415.21298,0.29822688501150196,1.341482587644748,0.05069880883962696
0.5,381,415.263711697562,414.96545,416.60522,415.21298,0.2982575959994733,1.3415129118130267,0.050729519827598324
0.5,382,415.263742398725,414.96545,416.60522,415.21298,0.2982882971625145,1.3414822106499855,0.05076022099063948
0.5,383,415.263773089975,414.96545,416.60538,415.21298,0.29831898841251814,1.3416041072906069,0.05079091224064314
0.5,384,415.263803771377,414.96545,416.60538,415.21298,0.29834966981451316,1.3415734258886118,0.05082159364263816
0.5,385,415.263834442971,414.96545,416.60544,415.21298,0.2983803414085173,1.3416037894508577,0.050852265236642324
0.5,386,415.263865104727,414.96545,416.6054,415.21298,0.2984110031645173,1.3415426101167327,0.0508829269926423
0.5,387,415.263895756658,414.96545,416.60532,415.21298,0.2984416550954734,1.3414204054514016,0.05091357892359838
0.5,388,415.263926398788,414.96545,416.6053,415.21298,0.2984722972254872,1.3413592457432628,0.05094422105361218
0.5,389,415.263957031056,414.96545,416.6054,415.21298,0.2985029294935089,1.3414506837877411,0.05097485332163387
0.5,390,415.263987653492,414.96545,416.60532,415.21298,0.29853355192949493,1.34132850861738,0.051005475757619934
0.5,391,415.264018266091,414.96545,416.60532,415.21298,0.2985641645285,1.341297896018375,0.05103608835662499
0.5,392,415.264048868855,414.96545,416.6054,415.21298,0.29859476729251355,1.3413588459887364,0.05106669112063855
0.5,393,415.26407946176,414.96545,416.60538,415.21298,0.29862536019749086,1.3412977355056341,0.05109728402561586
0.5,394,415.264110044805,414.96545,416.60522,415.21298,0.2986559432425224,1.3411145645699776,0.051127867070647426
0.5,395,415.264140617976,414.96545,416.60516,415.21298,0.29868651641351107,1.341022956242739,0.05115844024163607
0.5,396,415.26417118127,414.96545,416.60513,415.21298,0.29871707970750094,1.340961875370624,0.05118900353562594
0.5,397,415.26420173467,414.96545,416.60522,415.21298,0.29874763310749586,1.3410228747050041,0.05121955693562086
0.5,398,415.264232278166,414.96545,416.6051,415.21298,0.2987781766034914,1.3408702608965086,0.051250100431616374
0.5,399,415.26426281176,414.96545,416.6051,415.21298,0.298808710197477,1.340839727302523,0.05128063402560201
0.5,400,415.264293335446,414.96545,416.60516,415.21298,0.2988392338834842,1.3408702387727658,0.05131115771160921
0.5,401,415.264323849202,414.96545,416.60513,415.21298,0.29886974763951457,1.3408092074386104,0.05134167146763957
0.5,402,415.26435435304,414.96545,416.6051,415.21298,0.2989002514775052,1.3407481860224948,0.05137217530563021
0.5,403,415.264384846999,414.96545,416.6051,415.21298,0.29893074543650755,1.3407176920634924,0.05140266926463255
0.5,404,415.264415331033,414.96545,416.605,415.21298,0.29896122947047843,1.3405956552951466,0.05143315329860343
0.5,405,415.264445805155,414.96545,416.60513,415.21298,0.29899170359249183,1.3406872514856332,0.05146362742061683
0.5,406,415.264476269344,414.96545,416.60513,415.21298,0.2990221677815157,1.3406567872966093,0.05149409160964069
0.5,407,415.26450672363,414.96536,416.6051,415.21298,0.2991441748018815,1.3405958154324935,0.05152454589563149
0.5,408,415.264537167964,414.96536,416.60513,415.21298,0.29917461913589705,1.340595888676603,0.051554990229647046
0.5,409,415.264567602386,414.96536,416.60513,415.21298,0.2992050535578983,1.3405654542546017,0.05158542465164828
0.5,410,415.26459802687,414.96536,416.60522,415.21298,0.2992354780418509,1.340626582505024,0.05161584913560091
0.5,411,415.264628441473,414.96536,416.6052,415.21298,0.29926589264488257,1.3405656503238674,0.05164626373863257
0.5,412,415.264658846152,414.96536,416.6053,415.21298,0.2992962973238491,1.340626798379276,0.0516766684175991
0.5,413,415.264689240964,414.96536,416.60535,415.21298,0.29932669213587815,1.3406574387234969,0.05170706322962815
0.5,414,415.264719625885,414.96536,416.60544,415.21298,0.2993570770568681,1.340718606536882,0.05173744815061809
0.5,415,415.264750000948,414.96536,416.6054,415.21298,0.2993874521199018,1.3406577138957232,0.05176782321365181
0.5,416,415.264780366152,414.96536,416.60544,415.21298,0.29941781732389927,1.3406578662698507,0.05179818841764927
0.5,417,415.264810721549,414.96536,416.60538,415.21298,0.2994481727208722,1.3405664757166278,0.05182854381462221
0.5,418,415.264841067129,414.96545,416.60556,415.21298,0.299386965566498,1.340719235605377,0.05185888939462302
0.5,419,415.264871402899,414.96545,416.6055,415.21298,0.29941730133651845,1.3406278646791066,0.05188922516464345
0.5,420,415.264901728894,414.96545,416.60562,415.21298,0.2994476273315172,1.3407196089966078,0.0519195511596422
0.5,421,415.264932045147,414.96545,416.60556,415.21298,0.2994779435845203,1.3406282575873547,0.05194986741264529
0.5,422,415.264962351658,414.96545,416.60565,415.21298,0.29950825009552773,1.3406895038107223,0.05198017392365273
0.5,423,415.264992648428,414.96545,416.6056,415.21298,0.29953854686550585,1.3405981718844941,0.05201047069363085
0.5,424,415.265022935395,414.96545,416.60556,415.21298,0.29956883383249533,1.3405373673393797,0.05204075766062033
0.5,425,415.265053212639,414.96545,416.6056,415.21298,0.29959911107647486,1.3405376076735251,0.052071034904599856
0.5,426,415.265083480179,414.96545,416.60562,415.21298,0.299629378616487,1.340537857711638,0.052101302444611974
0.5,427,415.265113738016,414.96545,416.60565,415.21298,0.299659636453498,1.340538117452752,0.052131560281623024
0.5,428,415.265143986161,414.96545,416.6056,415.21298,0.2996898845984788,1.3404468341515212,0.052161808426603784
0.5,429,415.265174224609,414.96545,416.60544,415.21298,0.2997201230464839,1.3402640078128911,0.05219204687460888
0.5,430,415.265204453367,414.96545,416.60553,415.21298,0.29975035180450504,1.340325331789245,0.052222275632630044
0.5,431,415.265234672451,414.96545,416.60565,415.21298,0.2997805708885153,1.3404171830177347,0.052252494716640285
0.5,432,415.26526488185,414.96545,416.60553,415.21298,0.299810780287487,1.340264903306263,0.05228270411561198
0.5,433,415.265295081541,414.96545,416.60562,415.21298,0.2998409799785122,1.3403262563496128,0.05231290380663722
0.5,434,415.265325271507,414.96545,416.60556,415.21298,0.29987116994448115,1.3402350312273938,0.05234309377260615
0.5,435,415.265355451765,414.96545,416.60556,415.21298,0.29990135020250364,1.3402048509693714,0.052373274030628636
0.5,436,415.265385622312,414.96545,416.60553,415.21298,0.2999315207495101,1.3401441628442399,0.05240344457763513
0.5,437,415.265415783109,414.96545,416.6055,415.21298,0.29996168154650604,1.340083484469119,0.05243360537463104
0.5,438,415.265445934169,414.96545,416.60547,415.21298,0.2999918326065085,1.3400228158309915,0.052463756434633524
0.5,439,415.265476075484,414.96545,416.60553,415.21298,0.30002197392150265,1.3400537096722474,0.05249389774962765
0.5,440,415.265506207043,414.96545,416.60547,415.21298,0.30005210548051764,1.3399625429569824,0.05252402930864264
0.5,441,415.265536328838,414.96545,416.60544,415.21298,0.3000822272754817,1.3399019035838933,0.05255415110360673
0.5,442,415.265566440829,414.96545,416.6054,415.21298,0.30011233926649084,1.3398412740147592,0.052584263094615835
0.5,443,415.265596543047,414.96545,416.6054,415.21298,0.3001424414845246,1.3398111717967254,0.052614365312649625
0.5,444,415.265626635464,414.96545,416.60538,415.21298,0.30017253390150245,1.3397505618016226,0.05264445772962745
0.5,445,415.265656718153,414.96545,416.60538,415.21298,0.30020261659052494,1.3397204791126,0.05267454041864994
0.5,446,415.265686791049,414.96545,416.6054,415.21298,0.3002326894865064,1.3397209237947436,0.05270461331463139
0.5,447,415.265716854184,414.96545,416.60532,415.21298,0.3002627526215065,1.3395993079253685,0.05273467644963148
0.5,448,415.265746907516,414.96545,416.6054,415.21298,0.3002928059535179,1.339660807327732,0.05276472978164293
0.5,449,415.265776951026,414.96545,416.6054,415.21298,0.3003228494634982,1.3396307638177518,0.05279477329162319
0.5,450,415.265806984742,414.96536,416.60544,415.21298,0.3004444359139029,1.339631247679847,0.05282480700765291
0.5,451,415.265837008698,414.96536,416.6054,415.21298,0.30047445986986077,1.3395707061457642,0.052854830963610766
0.5,452,415.265867022829,414.96536,416.60547,415.21298,0.3005044740008884,1.3396017271709866,0.05288484509463842
0.5,453,415.2658970272,414.96536,416.6054,415.21298,0.30053447837190106,1.339510687643724,0.05291484946565106
0.5,454,415.265927021815,414.96536,416.6055,415.21298,0.3005644729868777,1.3395722457631223,0.05294484408062772
0.5,455,415.265957006652,414.96536,416.60553,415.21298,0.30059445782387684,1.3395727785042482,0.05297482891762684
0.5,456,415.265986981757,414.96536,416.60544,415.21298,0.30062443292888474,1.3394512506648653,0.053004804022634744
0.5,457,415.266016947123,414.96536,416.6055,415.21298,0.30065439829485285,1.3394823204551471,0.053034769388602854
0.5,458,415.266046902773,414.96536,416.60565,415.21298,0.3006843539448596,1.3396049526957654,0.053064725038609595
0.5,459,415.266076848701,414.96545,416.60565,415.21298,0.30062274713850456,1.3395750067677454,0.053094670966629565
0.5,460,415.266106784963,414.96545,416.60562,415.21298,0.3006526834004717,1.3395145529276533,0.05312460722859669
0.5,461,415.266136711551,414.96545,416.60568,415.21298,0.30068260998848473,1.3395456614958903,0.05315453381660973
0.5,462,415.266166628516,414.96545,416.6056,415.21298,0.3007125269534754,1.3394241917965246,0.05318445078160039
0.5,463,415.266196535829,414.96545,416.60568,415.21298,0.3007424342665104,1.3394858372178646,0.05321435809463537
0.5,464,415.266226433523,414.96545,416.60574,415.21298,0.300772331960502,1.339516974680123,0.053244255788627015
0.5,465,415.26625632162,414.96545,416.60577,415.21298,0.30080222005750556,1.3395176041612444,0.053274143885630565
0.5,466,415.266286200067,414.96545,416.60577,415.21298,0.3008320985044861,1.3394877257142639,0.05330402233261111
0.5,467,415.266316068964,414.96545,416.60593,415.21298,0.3008619674014881,1.339610444707887,0.05333389122961307
0.5,468,415.266345928219,414.96545,416.60583,415.21298,0.30089182665648195,1.339489032718518,0.05336375048460695
0.5,469,415.266375777896,414.96545,416.60587,415.21298,0.30092167633347344,1.3394897006196516,0.05339360016159844
0.5,470,415.266405618033,414.96545,416.60593,415.21298,0.3009515164704908,1.3395208956388842,0.05342344029861579
0.5,471,415.266435448606,414.96545,416.6059,415.21298,0.3009813470434892,1.3394605474877608,0.05345327087161422
0.5,472,415.266465269619,414.96545,416.60593,415.21298,0.30101116805650463,1.3394612440528704,0.05348309188462963
0.5,473,415.266495081092,414.96545,416.60577,415.21298,0.30104097952948905,1.339278844689261,0.05351290335761405
0.5,474,415.266524882981,414.96545,416.60593,415.21298,0.3010707814185025,1.3394016306908725,0.05354270524662752
0.5,475,415.266554675305,414.96545,416.60593,415.21298,0.3011005737424739,1.339371838366901,0.0535724975705989
0.5,476,415.266584458062,414.96545,416.60593,415.21298,0.30113035649952735,1.3393420556098476,0.05360228032765235
0.5,477,415.266614231248,414.96545,416.6059,415.21298,0.3011601296855133,1.3392817648457367,0.05363205351363831
0.5,478,415.26664399484,414.96545,416.60583,415.21298,0.3011898932775239,1.3391909660974761,0.05366181710564888
0.5,479,415.266673748849,414.96545,416.6058,415.21298,0.301219647286473,1.339130694510402,0.05369157111459799
0.5,480,415.266703493239,414.96545,416.6058,415.21298,0.30124939167649245,1.3391009501203825,0.05372131550461745
0.5,481,415.266733228023,414.96545,416.60577,415.21298,0.3012791264604857,1.3390406977582643,0.05375105028861071
0.5,482,415.266762953174,414.96545,416.6057,415.21298,0.301308851611509,1.338949937450991,0.053780775439634
0.5,483,415.266792668687,414.96545,416.60577,415.21298,0.30133856712450324,1.3389812570942468,0.05381049095262824
0.5,484,415.266822374561,414.96545,416.6058,415.21298,0.3013682729985021,1.338982068798373,0.05384019682662711
0.5,485,415.266852070792,414.96545,416.60565,415.21298,0.30139796922952655,1.3387997846767234,0.05386989305765155
0.5,486,415.26688175736,414.96545,416.60565,415.21298,0.30142765579751085,1.3387700981087391,0.05389957962563585
0.5,487,415.266911434278,414.96545,416.60556,415.21298,0.30145733271547215,1.3386488684564029,0.05392925654359715
0.5,488,415.266941101586,414.96545,416.60553,415.21298,0.30148700002348505,1.338588683570265,0.05395892385161005
0.5,489,415.266970759234,414.96545,416.60562,415.21298,0.30151665767152735,1.3386505786565976,0.053988581499652355
0.5,490,415.267000407235,414.96545,416.60565,415.21298,0.3015463056725025,1.3386514482337475,0.05401822950062751
0.5,491,415.267030045568,414.96545,416.60565,415.21298,0.30157594400549215,1.3386218099007579,0.05404786783361715
0.5,492,415.267059674259,414.96536,416.60565,415.21298,0.3016971254308487,1.3385921812097763,0.0540774965245987
0.5,493,415.267089293271,414.96536,416.60565,415.21298,0.30172674444287395,1.338562562197751,0.05410711553662395
0.5,494,415.267118902637,414.96536,416.60565,415.21298,0.30175635380885524,1.3385329528317698,0.05413672490260524
0.5,495,415.267148502333,414.96536,416.6057,415.21298,0.3017859535048615,1.3385643882920135,0.05416632459861148
0.5,496,415.267178092414,414.96536,416.6058,415.21298,0.30181554358586027,1.3386263509453897,0.05419591467961027
0.5,497,415.26720767284,414.96536,416.60577,415.21298,0.3018451240118907,1.3385662529412343,0.054225495105640675
0.5,498,415.267237243661,414.96536,416.60577,415.21298,0.3018746948328612,1.3385366821202638,0.05425506592661122
0.5,499,415.267266804851,414.96536,416.60574,415.21298,0.3019042560228513,1.3384766033521487,0.054284627116601314
0.5,500,415.267296356452,414.96536,416.6058,415.21298,0.30193380762386823,1.3385080869073818,0.05431417871761823
0.5,501,415.267325898473,414.96536,416.60593,415.21298,0.30196334964489324,1.3386006151988568,0.05434372073864324
0.5,502,415.267355430953,414.96536,416.6059,415.21298,0.3019928821248641,1.338540565140761,0.05437325321861408
0.5,503,415.267384953883,414.96545,416.606,415.21298,0.30193085232048134,1.3386025949451437,0.054402776148606335
0.5,504,415.267414467271,414.96545,416.60605,415.21298,0.3019603657085099,1.338634116713365,0.054432289536634926
0.5,505,415.267443971147,414.96545,416.60605,415.21298,0.3019898695844745,1.3386046128374005,0.05446179341259949
0.5,506,415.267473465551,414.96545,416.60608,415.21298,0.3020193639885065,1.3386056360114935,0.054491287816631484
0.5,507,415.267502950482,414.96545,416.60602,415.21298,0.3020488489195259,1.3385151159242241,0.05452077274765088
0.5,508,415.267532425936,414.96545,416.6061,415.21298,0.3020783243734968,1.3385771932046282,0.0545502482016218
0.5,509,415.267561891854,414.96545,416.60608,415.21298,0.3021077902914726,1.3385172097085274,0.05457971411959761
0.5,510,415.267591348313,414.96545,416.60617,415.21298,0.30213724675047615,1.3385793059838988,0.05460917057860115
0.5,511,415.267620795332,414.96545,416.60614,415.21298,0.3021666937694931,1.3385193413867569,0.05463861759761812
0.5,512,415.267650232914,414.96545,416.6062,415.21298,0.3021961313514794,1.3385509389610206,0.05466805517960438
0.5,513,415.26767966106,414.96545,416.6062,415.21298,0.30222555949751495,1.338521510814985,0.05469748332563995
0.5,514,415.267709079782,414.96545,416.6062,415.21298,0.3022549782194801,1.33849209209302,0.05472690204760511
0.5,515,415.267738489074,414.96545,416.6062,415.21298,0.30228438751152,1.33846268280098,0.05475631133964498
0.5,516,415.267767888954,414.96545,416.6062,415.21298,0.3023137873914834,1.3384332829210166,0.0547857112196084
0.5,517,415.267797279406,414.96545,416.6061,415.21298,0.30234317784351106,1.338312339734614,0.05481510167163606
0.5,518,415.267826660411,414.96545,416.6061,415.21298,0.30237255884850356,1.3382829587296214,0.05484448267662856
0.5,519,415.267856031962,414.96545,416.6061,415.21298,0.302401930399526,1.338253587178599,0.05487385422765101
0.5,520,415.267885394081,414.96545,416.6061,415.21298,0.30243129251851997,1.338224225059605,0.05490321634664497
0.5,521,415.267914746735,414.96545,416.60602,415.21298,0.30246064517251625,1.3381033196712337,0.05493256900064125
0.5,522,415.267944089894,414.96545,416.60602,415.21298,0.30248998833150154,1.3380739765122485,0.054961912159626536
0.5,523,415.267973423582,414.96545,416.60596,415.21298,0.3025193220195206,1.3379836076679794,0.05499124584764559
0.5,524,415.268002747785,414.96545,416.60605,415.21298,0.30254864622247624,1.3380458361993988,0.055020570050601236
0.5,525,415.268032062493,414.96545,416.606,415.21298,0.30257796093047773,1.3379554863351473,0.05504988475860273
0.5,526,415.268061367698,414.96545,416.60596,415.21298,0.30260726613551014,1.3378956635519899,0.055079189963635145
0.5,527,415.268090663353,414.96545,416.60596,415.21298,0.30263656179050713,1.3378663678969929,0.05510848561863213
0.5,528,415.2681199495,414.96545,416.60593,415.21298,0.302665847937476,1.337806564171899,0.055137771765600974
0.5,529,415.268149226106,414.96545,416.60587,415.21298,0.30269512454350433,1.3377162524096207,0.055167048371629335
0.5,530,415.268178493245,414.96545,416.60587,415.21298,0.30272439168248866,1.3376869852706363,0.05519631551061366
0.5,531,415.268207750857,414.96545,416.6059,415.21298,0.302753649294516,1.337688245236734,0.05522557312264098
0.5,532,415.268236998968,414.96545,416.60587,415.21298,0.3027828974055069,1.337628479547618,0.0552548212336319
0.5,533,415.268266237531,414.96545,416.60587,415.21298,0.30281213596850876,1.3375992409846162,0.055284059796633755
0.5,534,415.268295466533,414.96545,416.6058,415.21298,0.3028413649705044,1.3375089768263706,0.0553132887986294
0.5,535,415.268324686001,414.96536,416.60593,415.21298,0.30296213717286946,1.3376018276708805,0.05534250826661946
0.5,536,415.268353895974,414.96536,416.60605,415.21298,0.3029913471458485,1.3376946880104015,0.05537171823959852
0.5,537,415.268383096385,414.96536,416.60602,415.21298,0.30302054755685504,1.33763497002127,0.055400918650605036
0.5,538,415.268412287293,414.96536,416.60596,415.21298,0.30304973846489247,1.3375447439569825,0.05543010955864247
0.5,539,415.268441468708,414.96536,416.606,415.21298,0.3030789198798516,1.3375460801201484,0.05545929097360158
0.5,540,415.268470640608,414.96536,416.60605,415.21298,0.30310809177984765,1.3375779433764023,0.055488462873597655
0.5,541,415.268499803041,414.96536,416.6062,415.21298,0.30313725421285653,1.3377013688340185,0.05551762530660653
0.5,542,415.268528955992,414.96536,416.6062,415.21298,0.30316640716387155,1.3376722158830034,0.055546778257621554
0.5,543,415.268558099493,414.96536,416.60617,415.21298,0.30319555066489556,1.3376125548038544,0.05557592175864556
0.5,544,415.268587233533,414.96545,416.6062,415.21298,0.30313313197052594,1.337613938341974,0.05560505579865094
0.5,545,415.268616358171,414.96545,416.60623,415.21298,0.30316225660851615,1.3376153312821089,0.055634180436641145
0.5,546,415.268645473396,414.96545,416.60623,415.21298,0.3031913718335204,1.3375862160571046,0.05566329566164541
0.5,547,415.26867457926,414.96545,416.60623,415.21298,0.3032204776974936,1.3375571101931314,0.05569240152561861
0.5,548,415.268703675737,414.96545,416.6063,415.21298,0.30324957417451515,1.3375890488723599,0.055721498002640146
0.5,549,415.268732762848,414.96545,416.60626,415.21298,0.3032786612855034,1.3375294441832466,0.055750585113628404
0.5,550,415.268761840628,414.96545,416.60626,415.21298,0.3033077390654739,1.337500366403276,0.055779662893598925
0.5,551,415.268790909018,414.96545,416.60626,415.21298,0.3033368074554801,1.33747129801327,0.055808731283605084
0.5,552,415.268819968122,414.96545,416.60638,415.21298,0.3033658665594885,1.3375643092217615,0.055837790387613495
0.5,553,415.268849017849,414.96545,416.60632,415.21298,0.30339491628649284,1.3374742243385072,0.055866840114617844
0.5,554,415.268878058254,414.96545,416.6064,415.21298,0.30342395669151756,1.3375367366678574,0.05589588051964256
0.5,555,415.268907089383,414.96545,416.6064,415.21298,0.3034529878204921,1.3375077055388829,0.055924911648617126
0.5,556,415.268936111207,414.96545,416.60648,415.21298,0.30348200964448324,1.3375397188711418,0.05595393347260824
0.5,557,415.268965123735,414.96545,416.60648,415.21298,0.30351102217247217,1.3375107063431528,0.05598294600059717
0.5,558,415.268994126987,414.96545,416.60654,415.21298,0.30354002542452463,1.3375427382473504,0.05601194925264963
0.5,559,415.269023120909,414.96545,416.60638,415.21298,0.3035690193465257,1.3373611564347243,0.05604094317465069
0.5,560,415.269052105525,414.96545,416.60638,415.21298,0.3035980039625201,1.3373321718187299,0.056069927790645124
0.5,561,415.269081080829,414.96545,416.60626,415.21298,0.3036269792664825,1.3371811262022675,0.05609890309460752
0.5,562,415.269110046821,414.96545,416.60626,415.21298,0.30365594525852657,1.3371521602102234,0.05612786908665157
0.5,563,415.26913900348,414.96545,416.6063,415.21298,0.3036849019175065,1.3371537211293685,0.05615682574563152
0.5,564,415.269167950813,414.96545,416.6062,415.21298,0.3037138492505278,1.3370332210619722,0.0561857730786528
0.5,565,415.269196888789,414.96545,416.6062,415.21298,0.30374278722649706,1.337004283086003,0.05621471105462206
0.5,566,415.269225817415,414.96545,416.60626,415.21298,0.3037717158525197,1.3370363896162303,0.05624363968064472
0.5,567,415.269254736675,414.96545,416.60623,415.21298,0.3038006351125091,1.336976952778116,0.0562725589406341
0.5,568,415.269283646554,414.96545,416.6062,415.21298,0.3038295449915154,1.3369175253209846,0.05630146881964038
0.5,569,415.269312547054,414.96545,416.60614,415.21298,0.3038584454915281,1.336827589664722,0.05633036931965307
0.5,570,415.269341438167,414.96545,416.60617,415.21298,0.3038873366044754,1.3368292161298996,0.05635926043260042
0.5,571,415.269370319876,414.96545,416.6061,415.21298,0.30391621831347493,1.33673929926465,0.05638814214159993
0.5,572,415.269399192193,414.96545,416.6061,415.21298,0.30394509063052055,1.3367104269476044,0.056417014458645554
0.5,573,415.269428055159,414.96545,416.60614,415.21298,0.3039739535964827,1.3367120815597673,0.056445877424607716
0.5,574,415.269456908727,414.96545,416.6061,415.21298,0.30400280716452244,1.3366527104136026,0.05647473099264744
0.5,575,415.269485752905,414.96545,416.6061,415.21298,0.3040316513424841,1.336623866235641,0.05650357517060911
0.5,576,415.269514587672,414.96545,416.6062,415.21298,0.3040604861095062,1.3366865842029938,0.0565324099376312
0.5,577,415.269543413057,414.96536,416.60617,415.21298,0.304180864228897,1.336627241239853,0.05656123532264701
0.5,578,415.269572229018,414.96536,416.60623,415.21298,0.30420968018989925,1.3366594604351008,0.056590051283649245
0.5,579,415.26960103559,414.96536,416.6063,415.21298,0.3042384867618466,1.3366916890194034,0.056618857855596616
0.5,580,415.269629832755,414.96536,416.60626,415.21298,0.3042672839268903,1.3366323742762347,0.056647655020640286
0.5,581,415.269658620563,414.96536,416.6063,415.21298,0.30429607173488193,1.336634104046368,0.056676442828631934
0.5,582,415.269687398973,414.96536,416.60632,415.21298,0.3043248501448943,1.3366358432144807,0.0567052212386443
0.5,583,415.269716168017,414.96536,416.60626,415.21298,0.3043536191888734,1.3365460390142516,0.05673399028262338
0.5,584,415.269744927712,414.96536,416.60635,415.21298,0.3043823788838722,1.3366088320536278,0.05676274997762221
0.5,585,415.269773678076,414.96536,416.60638,415.21298,0.3044111292478533,1.3366105992677717,0.056791500341603296
0.5,586,415.26980241912,414.96536,416.60632,415.21298,0.3044398702919011,1.3365208230674739,0.056820241385651116
0.5,587,415.269831150885,414.96536,416.60648,415.21298,0.3044686020568861,1.336644679193114,0.056848973150636084
0.5,588,415.26985987337,414.96545,416.60648,415.21298,0.3044057718075237,1.3366159567081013,0.056877695635648706
0.5,589,415.269888586565,414.96545,416.60648,415.21298,0.3044344850025027,1.3365872435131223,0.0569064088306277
0.5,590,415.269917290516,414.96545,416.6067,415.21298,0.3044631889534912,1.3367721626090088,0.056935112781616226
0.5,591,415.269945985237,414.96545,416.60663,415.21298,0.3044918836744728,1.3366824327317772,0.056963807502597774
0.5,592,415.269974670742,414.96545,416.6067,415.21298,0.30452056917948767,1.3367147823830123,0.056992493007612666
0.5,593,415.270003347029,414.96545,416.60672,415.21298,0.30454924546648954,1.3367166236741355,0.05702116929461454
0.5,594,415.270032014036,414.96545,416.6068,415.21298,0.30457791247351906,1.336779509401481,0.057049836301644063
0.5,595,415.27006067186,414.96545,416.60678,415.21298,0.3046065702974943,1.3367203339993807,0.05707849412561927
0.5,596,415.270089320491,414.96545,416.60675,415.21298,0.3046352189285244,1.3366611677902256,0.05710714275664941
0.5,597,415.270117959939,414.96545,416.60675,415.21298,0.30466385837650023,1.3366325283422498,0.05713578220462523
0.5,598,415.270146590241,414.96545,416.60675,415.21298,0.30469248867848364,1.3366038980402664,0.05716441250660864
0.5,599,415.270175211343,414.96545,416.60675,415.21298,0.3047211097804734,1.3365752769382766,0.0571930336085984
0.5,600,415.270203823272,414.96545,416.61252,415.21295,0.30474972170952697,1.342314487274848,0.057252163115776966
0.5,601,415.270232426047,414.96545,416.61246,415.21295,0.30477832448451636,1.3422248493436086,0.05728076589076636
0.5,602,415.270261019645,414.96545,416.61246,415.21295,0.30480691808247684,1.3421962557456482,0.05730935948872684
0.5,603,415.270289604062,414.96545,416.61246,415.21295,0.3048355024994862,1.3421676713286388,0.05733794390573621
0.5,604,415.270318179277,414.96545,416.61246,415.21295,0.3048640777145124,1.3421390961136126,0.057366519120762405
0.5,605,415.270346745314,414.96545,416.61246,415.21295,0.3048926437514865,1.3421105300766385,0.0573950851577365
0.5,606,415.270375302144,414.96545,416.61243,415.21295,0.3049212005814752,1.3420514556685248,0.057423641987725205
0.5,607,415.270403849741,414.96545,416.61234,415.21295,0.30494974817850107,1.341931355337124,0.05745218958475107
0.5,608,415.270432388119,414.96545,416.61243,415.21295,0.30497828655649073,1.3419943696935093,0.05748072796274073
0.5,609,415.270460917272,414.96545,416.6124,415.21295,0.30500681570947563,1.3419353229623994,0.05750925711572563
0.5,610,415.270489437182,414.96545,416.61224,415.21295,0.30503533561949325,1.3417542151617567,0.05753777702574325
0.5,611,415.270517947827,414.96545,416.6123,415.21295,0.30506384626448835,1.3417867396730117,0.05756628767073835
0.5,612,415.270546449196,414.96545,416.6123,415.21295,0.30509234763349014,1.3417582383040099,0.057594789039740135
0.5,613,415.270574941309,414.96545,416.61218,415.21295,0.3051208397465075,1.3416076758784925,0.0576232811527575
0.5,614,415.270603424141,414.96545,416.61218,415.21295,0.3051493225784725,1.3415791930465275,0.05765176398472249
0.5,615,415.270631897766,414.96545,416.61224,415.21295,0.30517779620350893,1.341611754577741,0.05768023760975893
0.5,616,415.270660362113,414.96545,416.61227,415.21295,0.3052062605505057,1.3416138078088693,0.057708701956755704
0.5,617,415.27068881722,414.96545,416.61227,415.21295,0.30523471565749105,1.341585352701884,0.05773715706374105
0.5,618,415.270717263035,414.96545,416.61237,415.21295,0.3052631614725101,1.34164845962124,0.05776560287876009
0.5,619,415.270745699549,414.96545,416.6123,415.21295,0.3052915979865247,1.3415589879509753,0.05779403939277472
0.5,620,415.270774126787,414.96536,416.61227,415.21295,0.3054115779588642,1.3415000431348858,0.0578224666307392
0.5,621,415.270802544778,414.96536,416.61227,415.21295,0.30543999594988236,1.3414716251438676,0.05785088462175736
0.5,622,415.270830953468,414.96536,416.6123,415.21295,0.3054684046398961,1.341473734031979,0.05787929331177111
0.5,623,415.270859352909,414.96536,416.61237,415.21295,0.30549680408086033,1.3415063697472647,0.05790769275273533
0.5,624,415.270887743113,414.96536,416.61243,415.21295,0.3055251942848827,1.3415390146994923,0.05793608295675767
0.5,625,415.270916124065,414.96536,416.61246,415.21295,0.30555357523689963,1.3415411513256004,0.05796446390877463
0.5,626,415.270944495788,414.96536,416.6125,415.21295,0.30558194695987595,1.341543297180749,0.05799283563175095
0.5,627,415.270972858314,414.96536,416.61246,415.21295,0.3056103094858713,1.3414844170766287,0.05802119815774631
0.5,628,415.271001211643,414.96536,416.61255,415.21295,0.3056386628148857,1.3415476164819893,0.05804955148676072
0.5,629,415.271029555758,414.96545,416.61255,415.21295,0.30557545419549115,1.3415192723670089,0.05807789560174115
0.5,630,415.271057890726,414.96545,416.61264,415.21295,0.30560378916351283,1.3415824901333622,0.05810623056976283
0.5,631,415.271086216541,414.96545,416.61267,415.21295,0.3056321149784935,1.3415846818965065,0.05813455638474352
0.5,632,415.271114533251,414.96545,416.6127,415.21295,0.30566043168852275,1.3415868827646023,0.05816287309477275
0.5,633,415.271142840847,414.96545,416.61264,415.21295,0.3056887392845056,1.3414975400123694,0.05819118069075557
0.5,634,415.271171139316,414.96545,416.61273,415.21295,0.3057170377534817,1.3415607942777683,0.05821947915973169
0.5,635,415.271199428709,414.96545,416.6128,415.21295,0.3057453271464965,1.3415935400410035,0.05824776855274649
0.5,636,415.271227708955,414.96545,416.61282,415.21295,0.3057736073924957,1.3415957773731293,0.058276048798745705
0.5,637,415.27125598018,414.96545,416.61285,415.21295,0.3058018786175012,1.3415980237262488,0.05830432002375119
0.5,638,415.271284242286,414.96545,416.61276,415.21295,0.3058301407235149,1.3414782088858601,0.05833258212976489
0.5,639,415.271312495325,414.96545,416.61282,415.21295,0.3058583937624917,1.3415109910031333,0.05836083516874169
0.5,640,415.27134073934,414.96545,416.61295,415.21295,0.3058866377775189,1.341604817300606,0.0583890791837689
0.5,641,415.271368974289,414.96545,416.6129,415.21295,0.30591487272647555,1.3415460647735244,0.05841731413272555
0.5,642,415.271397200214,414.96545,416.61285,415.21295,0.3059430986514826,1.3414568036922674,0.058445540057732615
0.5,643,415.271425417112,414.96545,416.61288,415.21295,0.3059713155495274,1.3414591043723476,0.05847375695577739
0.5,644,415.271453624935,414.96545,416.61282,415.21295,0.30599952337252034,1.3413698613931047,0.05850196477877034
0.5,645,415.271481823707,414.96545,416.61282,415.21295,0.30602772214450624,1.3413416626211188,0.05853016355075624
0.5,646,415.271510013419,414.96545,416.61273,415.21295,0.3060559118565038,1.3412219201747462,0.058558353262753826
0.5,647,415.271538194075,414.96545,416.61273,415.21295,0.30608409251249213,1.3411937395187579,0.058586533918742134
0.5,648,415.271566365646,414.96545,416.61276,415.21295,0.306112264083481,1.341196085525894,0.05861470548973102
0.5,649,415.271594528133,414.96545,416.61273,415.21295,0.3061404265704937,1.3411374054607563,0.05864286797674367
0.5,650,415.271622681528,414.96545,416.61267,415.21295,0.30616857996551516,1.3410482169094848,0.058671021371765164
0.5,651,415.271650825831,414.96545,416.61264,415.21295,0.30619672426848865,1.3409895550283863,0.05869916567473865
0.5,652,415.271678961015,414.96545,416.61252,415.21295,0.3062248594525272,1.3408393495318478,0.0587273008587772
0.5,653,415.271707087066,414.96545,416.61252,415.21295,0.3062529855034768,1.3408112234808982,0.05875542690972679
0.5,654,415.271735203989,414.96545,416.61252,415.21295,0.3062811024265102,1.3407831065578648,0.05878354383276019
0.5,655,415.271763311777,414.96545,416.61252,415.21295,0.30630921021452195,1.340754998769853,0.058811651620771954
0.5,656,415.271791410415,414.96545,416.61255,415.21295,0.30633730885250543,1.3407574177099946,0.05883975025875543
0.5,657,415.271819499915,414.96545,416.61243,415.21295,0.3063653983525114,1.3406072578974886,0.05886783975876142
0.5,658,415.271847580318,414.96545,416.6125,415.21295,0.30639347875552403,1.340640212650726,0.05889592016177403
0.5,659,415.27187565157,414.96545,416.61258,415.21295,0.30642155000748517,1.3407036941331398,0.058923991413735166
0.5,660,415.271903713675,414.96545,416.61258,415.21295,0.30644961211248756,1.3406756320281374,0.05895205351873756
0.5,661,415.271931766633,414.96545,416.61255,415.21295,0.30647766507047436,1.3406170614920256,0.05898010647672436
0.5,662,415.271959810467,414.96536,416.6126,415.21295,0.306597261638899,1.340650052814226,0.059008150310774
0.5,663,415.27198784513,414.96536,416.61267,415.21295,0.3066252963018883,1.3406830533074867,0.059036184973763284
0.5,664,415.272015870634,414.96536,416.61258,415.21295,0.306653321805868,1.340563475069132,0.05906421047774302
0.5,665,415.272043887015,414.96536,416.61267,415.21295,0.30668133818687693,1.340627011422498,0.05909222685875193
0.5,666,415.272071894282,414.96536,416.61264,415.21295,0.3067093454538963,1.3405684865773537,0.059120234125771276
0.5,667,415.272099892407,414.96536,416.61273,415.21295,0.30673734357890226,1.3406320411867227,0.059148232250777255
0.5,668,415.27212788142,414.96536,416.61273,415.21295,0.30676533259185135,1.3406040521737737,0.05917622126372635
0.5,669,415.272155861336,414.96536,416.61264,415.21295,0.3067933125078639,1.340484519523386,0.0592042011797389
0.5,670,415.272183832178,414.96536,416.6127,415.21295,0.3068212833498478,1.3405175838376522,0.05923217202172282
0.5,671,415.272211793955,414.96536,416.61276,415.21295,0.30684924512689804,1.340550657216852,0.05926013379877304
0.5,672,415.272239746702,414.96536,416.61282,415.21295,0.3068771978738596,1.3405837396261404,0.059288086545734586
0.5,673,415.272267690417,414.96545,416.61282,415.21295,0.3068135888544816,1.3405557959111434,0.05931603026073162
0.5,674,415.272295625091,414.96545,416.61282,415.21295,0.30684152352847605,1.340527861237149,0.059343964934726046
0.5,675,415.272323550787,414.96545,416.6129,415.21295,0.3068694492245072,1.3405914882754928,0.05937189063075721
0.5,676,415.272351467507,414.96545,416.61304,415.21295,0.3068973659445078,1.3406856418679922,0.05939980735075778
0.5,677,415.272379375263,414.96545,416.61307,415.21295,0.30692527370047173,1.3406882516901533,0.059427715106721735
0.5,678,415.272407274061,414.96545,416.61307,415.21295,0.3069531724984813,1.3406603528921437,0.05945561390473131
0.5,679,415.272435163824,414.96545,416.61298,415.21295,0.30698106226151367,1.3405409103947363,0.05948350366776367
0.5,680,415.272463044655,414.96545,416.61298,415.21295,0.30700894309251225,1.3405130295637377,0.059511384498762254
0.5,681,415.272490916546,414.96545,416.613,415.21295,0.307036814983519,1.340515675250856,0.05953925638976898
0.5,682,415.272518779506,414.96545,416.61304,415.21295,0.3070646779435151,1.340518329868985,0.05956711934976511
0.5,683,415.272546633565,414.96545,416.613,415.21295,0.30709253200251396,1.340459958231861,0.05959497340876396
0.5,684,415.272574478683,414.96545,416.61298,415.21295,0.3071203771204978,1.3404015955357522,0.05962281852674778
0.5,685,415.272602314881,414.96545,416.613,415.21295,0.3071482133184986,1.3404042769158764,0.05965065472474862
0.5,686,415.272630142169,414.96545,416.61304,415.21295,0.30717604060652093,1.340406967205979,0.05967848201277093
0.5,687,415.272657960535,414.96545,416.613,415.21295,0.3072038589725139,1.340348631261861,0.0597063003787639
0.5,688,415.272685769964,414.96545,416.61304,415.21295,0.3072316684015277,1.3403513394109723,0.05973410980777771
0.5,689,415.272713570441,414.96545,416.61298,415.21295,0.30725946887849886,1.3402625037777511,0.059761910284748865
0.5,690,415.272741361986,414.96545,416.613,415.21295,0.3072872604234931,1.340265229810882,0.05978970182974308
0.5,691,415.272769144583,414.96545,416.61288,415.21295,0.3073150430204805,1.3401153769013945,0.059817484426730516
0.5,692,415.272796918187,414.96545,416.61276,415.21295,0.307342816624498,1.339965532984877,0.05984525803074803
0.5,693,415.272824682822,414.96545,416.6128,415.21295,0.3073705812594767,1.3399682859280233,0.059873022665726694
0.5,694,415.272852438481,414.96545,416.6128,415.21295,0.3073983369184816,1.3399405302690184,0.05990077832473162
0.5,695,415.272880185145,414.96545,416.61285,415.21295,0.3074260835825271,1.339973818761223,0.0599285249887771
0.5,696,415.272907922799,414.96545,416.61282,415.21295,0.3074538212364928,1.3399155635291322,0.059956262642742786
0.5,697,415.272935651423,414.96545,416.61273,415.21295,0.3074815498604835,1.3397962821707665,0.05998399126673348
0.5,698,415.272963371041,414.96545,416.6127,415.21295,0.3075092694784871,1.3397380449746379,0.06001171088473711
0.5,699,415.272991081667,414.96545,416.61282,415.21295,0.30753698010448716,1.3398324046611378,0.060039421510737156
0.5,700,415.273018783294,414.96545,416.6128,415.21295,0.3075646817314919,1.3397741854560081,0.060067123137741874
0.5,701,415.273046475895,414.96545,416.61276,415.21295,0.30759237433250064,1.3397159752768744,0.06009481573875064
0.5,702,415.273074159503,414.96545,416.61273,415.21295,0.30762005794048264,1.3396577740907674,0.06012249934673264
0.5,703,415.273101834069,414.96545,416.61276,415.21295,0.3076477325064957,1.3396606171028793,0.060150173912745686
0.5,704,415.273129499577,414.96545,416.61288,415.21295,0.30767539801450994,1.339755021907365,0.06017783942075994
0.5,705,415.273157156057,414.96536,416.61276,415.21295,0.3077946072288569,1.3396052951148931,0.060205495900731876
0.5,706,415.273184803521,414.96536,416.61285,415.21295,0.30782225469289415,1.3396692003852309,0.06023314336476915
0.5,707,415.273212441953,414.96536,416.61285,415.21295,0.3078498931248532,1.3396415619532718,0.060260781796728224
0.5,708,415.273240071387,414.96536,416.61288,415.21295,0.307877522558897,1.339644450097353,0.060288411230772
0.5,709,415.273267691832,414.96536,416.61285,415.21295,0.30790514300389304,1.339586312074232,0.060316031675768045
0.5,710,415.273295303283,414.96536,416.61298,415.21295,0.307932754454896,1.339680770935729,0.060343643126770985
0.5,711,415.273322905748,414.96536,416.613,415.21295,0.3079603569198639,1.339683686048886,0.0603712455917389
0.5,712,415.273350499259,414.96536,416.613,415.21295,0.30798795043085647,1.3396560925378935,0.06039883910273147
0.5,713,415.273378083823,414.96536,416.61298,415.21295,0.30801553499486545,1.3395979903957596,0.06042642366674045
0.5,714,415.273405659439,414.96545,416.61307,415.21295,0.30795155787649264,1.3396619675141324,0.06045399928274264
0.5,715,415.273433226144,414.96545,416.613,415.21295,0.3079791245814931,1.3395733656528819,0.060481565987743124
0.5,716,415.273460783944,414.96545,416.61313,415.21295,0.3080066823815173,1.3396678781653577,0.060509123787767294
0.5,717,415.273488332888,414.96545,416.61316,415.21295,0.30803423132550733,1.3396708467994927,0.060536672731757335
0.5,718,415.273515872962,414.96545,416.61322,415.21295,0.30806177139947977,1.3397043418817702,0.06056421280572977
0.5,719,415.273543404163,414.96545,416.61325,415.21295,0.30808930260047873,1.3397073282588963,0.06059174400672873
0.5,720,415.273570926532,414.96545,416.61325,415.21295,0.30811682496948833,1.3396798058898867,0.060619266375738334
0.5,721,415.273598440003,414.96545,416.61325,415.21295,0.30814433844051337,1.3396522924188616,0.060646779846763366
0.5,722,415.273625944639,414.96545,416.61334,415.21295,0.3081718430764795,1.3397163405172705,0.06067428448272949
0.5,723,415.273653440465,414.96545,416.6134,415.21295,0.3081993389025115,1.3397498798474885,0.0607017803087615
0.5,724,415.273680927471,414.96545,416.61337,415.21295,0.30822682590849126,1.3396918752633837,0.060729267314741264
0.5,725,415.273708405696,414.96545,416.61328,415.21295,0.30825430413352706,1.339572844303973,0.06075674553977706
0.5,726,415.273735875105,414.96545,416.6134,415.21295,0.30828177354248965,1.3396674452075104,0.060784214948739645
0.5,727,415.273763335735,414.96545,416.61337,415.21295,0.3083092341724978,1.3396094669993772,0.06081167557874778
0.5,728,415.273790787581,414.96545,416.61328,415.21295,0.3083366860184924,1.3394904624190076,0.0608391274247424
0.5,729,415.273818230598,414.96545,416.6133,415.21295,0.30836412903551036,1.3394935369801146,0.06086657044176036
0.5,730,415.273845664811,414.96545,416.6133,415.21295,0.3083915632485059,1.339466102767119,0.06089400465475592
0.5,731,415.273873090209,414.96545,416.61325,415.21295,0.3084189886465083,1.3393776422128667,0.060921430052758296
0.5,732,415.273900506795,414.96545,416.6132,415.21295,0.30844640523247335,1.3392891904706516,0.06094884663872335
0.5,733,415.273927914538,414.96545,416.61325,415.21295,0.30847381297547827,1.3393228178838967,0.06097625438172827
0.5,734,415.273955313445,414.96545,416.61325,415.21295,0.3085012118825148,1.3392954189768602,0.06100365328876478
0.5,735,415.273982703502,414.96545,416.61325,415.21295,0.3085286019394857,1.3392680289198893,0.061031043345735725
0.5,736,415.274010084709,414.96545,416.61325,415.21295,0.3085559831465048,1.3392406477128702,0.061058424552754786
0.5,737,415.274037457042,414.96545,416.61322,415.21295,0.3085833554795272,1.3391827578017228,0.0610857968857772
0.5,738,415.274064820492,414.96545,416.61316,415.21295,0.30861071892951486,1.3390943591954851,0.06111316033576486
0.5,739,415.274092175055,414.96545,416.61316,415.21295,0.30863807349248873,1.3390670046325113,0.06114051489873873
0.5,740,415.274119520718,414.96545,416.61313,415.21295,0.3086654191554885,1.3390091413913865,0.06116786056173851
0.5,741,415.274146857526,414.96545,416.61304,415.21295,0.30869275596347734,1.3388902518490227,0.06119519736972734
0.5,742,415.2741741854,414.96545,416.61316,415.21295,0.3087200838374997,1.3389849942875003,0.061222525243749715
0.5,743,415.274201504446,414.96545,416.6132,415.21295,0.30874740288351177,1.3389881928196132,0.06124984428976177
0.5,744,415.274228814567,414.96545,416.61304,415.21295,0.3087747130044818,1.3388082948080182,0.06127715441073178
0.5,745,415.274256115786,414.96545,416.613,415.21295,0.3088020142234882,1.3387504760108868,0.061304455629738186
0.5,746,415.274283408103,414.96545,416.61298,415.21295,0.30882930654047414,1.3386926661157759,0.061331747946724136
0.5,747,415.274310691518,414.96536,416.61304,415.21295,0.3089481426898715,1.3387264178570035,0.061359031361746474
0.5,748,415.274337966017,414.96536,416.61307,415.21295,0.3089754171888899,1.3387296609361101,0.06138630586076488
0.5,749,415.27436523162,414.96536,416.6131,415.21295,0.3090026827918564,1.3387329129112686,0.06141357146373139
0.5,750,415.274392488347,414.96536,416.6131,415.21295,0.30902993951889357,1.3387056561842314,0.06144082819076857
0.5,751,415.274419736208,414.96536,416.61313,415.21295,0.3090571873798922,1.3387089259013578,0.061468076051767184
0.5,752,415.274446975183,414.96536,416.61313,415.21295,0.3090844263549002,1.3386816869263498,0.06149531502677519
0.5,753,415.274474205285,414.96536,416.61325,415.21295,0.3091116564568779,1.3387765271368721,0.06152254512875288
0.5,754,415.274501426538,414.96536,416.61325,415.21295,0.30913887770987003,1.33874930588388,0.06154976638174503
0.5,755,415.274528638965,414.96536,416.61325,415.21295,0.3091660901368982,1.3387220934568518,0.06157697880877322
0.5,756,415.274555842579,414.96536,416.61328,415.21295,0.3091932937508659,1.338725407421009,0.061604182422740905
0.5,757,415.274583037407,414.96545,416.61337,415.21295,0.3091289358445124,1.3387897653273626,0.0616313772507624
0.5,758,415.274610223454,414.96545,416.61325,415.21295,0.30915612189147623,1.3386405089678988,0.06165856329772623
0.5,759,415.274637400711,414.96545,416.6134,415.21295,0.30918329914851483,1.3387659196014852,0.061685740554764834
0.5,760,415.27466456924,414.96545,416.61334,415.21295,0.30921046767747384,1.3386777159162762,0.061712909083723844
0.5,761,415.274691729038,414.96545,416.6134,415.21295,0.3092376274755111,1.338711591274489,0.06174006888176109
0.5,762,415.274718880118,414.96545,416.61353,415.21295,0.3092647785554732,1.3388065105070268,0.061767219961723185
0.5,763,415.274746022488,414.96545,416.61353,415.21295,0.30929192092548874,1.3387793681370113,0.06179436233173874
0.5,764,415.274773156082,414.96545,416.61356,415.21295,0.3093190545195057,1.3387827521211193,0.0618214959257557
0.5,765,415.274800280968,414.96545,416.6136,415.21295,0.3093461794055088,1.3387861448132412,0.06184862081175879
0.5,766,415.274827397171,414.96545,416.61368,415.21295,0.3093732956085091,1.3388505813446159,0.061875737014759125
0.5,767,415.27485450469,414.96545,416.6137,415.21295,0.3094004031274835,1.3388539914037665,0.061902844533733514
0.5,768,415.274881603549,414.96545,416.6137,415.21295,0.3094275019864767,1.3388268925447733,0.06192994339272673
0.5,769,415.27490869371,414.96545,416.61368,415.21295,0.30945459214751736,1.3387692848056076,0.06195703355376736
0.5,770,415.274935775195,414.96545,416.61368,415.21295,0.30948167363249013,1.3387422033206349,0.06198411503874013
0.5,771,415.27496284802,414.96545,416.61365,415.21295,0.3095087464574817,1.3386846129175183,0.06201118786373172
0.5,772,415.274989912169,414.96545,416.61368,415.21295,0.30953581060651914,1.3386880663466059,0.062038252012769135
0.5,773,415.275016967642,414.96545,416.61362,415.21295,0.3095628660794887,1.3385999757173863,0.062065307485738686
0.5,774,415.275044014388,414.96545,416.61356,415.21295,0.3095899128255155,1.3385118938151095,0.06209235423176551
0.5,775,415.275071052449,414.96545,416.61353,415.21295,0.3096169508864932,1.3384543381760068,0.062119392292743214
0.5,776,415.275098081797,414.96545,416.61353,415.21295,0.3096439802345117,1.3384273088279883,0.06214642164076167
0.5,777,415.275125102401,414.96545,416.61346,415.21295,0.30967100083847754,1.3383392530677725,0.06217344224472754
0.5,778,415.275152114279,414.96545,416.61353,415.21295,0.30969801271652386,1.3383732763459761,0.06220045412277386
0.5,779,415.275179117422,414.96545,416.6134,415.21295,0.30972501585949885,1.3382242028905011,0.06222745726574885
0.5,780,415.275206111816,414.96545,416.6134,415.21295,0.3097520102534759,1.3381972084965241,0.06225445165972587
0.5,781,415.275233097438,414.96545,416.61337,415.21295,0.3097789958754902,1.3381397052963848,0.06228143728174018
0.5,782,415.275260074276,414.96545,416.61337,415.21295,0.309805972713491,1.338112728458384,0.062308414119740974
0.5,783,415.275287042347,414.96545,416.6133,415.21295,0.30983294078447443,1.3380247252311506,0.06233538219072443
0.5,784,415.275314001668,414.96545,416.61328,415.21295,0.3098599001054936,1.3379672483320064,0.06236234151174358
0.5,785,415.27534095224,414.96545,416.61334,415.21295,0.30988685067751476,1.3380013329162352,0.06238929208376476
0.5,786,415.27536789402,414.96545,416.61337,415.21295,0.3099137924575075,1.3380049087143675,0.0624162338637575
0.5,787,415.275394827051,414.96545,416.61343,415.21295,0.30994072548850227,1.3380390108396227,0.06244316689475227
0.5,788,415.275421751286,414.96545,416.61343,415.21295,0.30996764972348956,1.3380120866046354,0.06247009112973956
0.5,789,415.275448666713,414.96545,416.61343,415.21295,0.3099945651504754,1.3379851711776496,0.06249700655672541
0.5,790,415.275475573347,414.96536,416.61334,415.21295,0.31011302451889833,1.3378667118092267,0.06252391319077333
0.5,791,415.275502471214,414.96536,416.6134,415.21295,0.31013992238587207,1.337900849098503,0.06255081105774707
0.5,792,415.275529360293,414.96536,416.61337,415.21295,0.31016681146485325,1.3378434424413967,0.06257770013672825
0.5,793,415.275556240614,414.96536,416.61343,415.21295,0.3101936917858552,1.3378775972766448,0.06260458045773021
0.5,794,415.275583112193,414.96536,416.61343,415.21295,0.31022056336485093,1.337850725697649,0.06263145203672593
0.5,795,415.275609975021,414.96536,416.61353,415.21295,0.31024742619285917,1.3379154156040158,0.06265831486473417
0.5,796,415.275636829107,414.96536,416.61353,415.21295,0.31027428027886117,1.3378885615180138,0.06268516895073617
0.5,797,415.275663674487,414.96536,416.61353,415.21295,0.31030112565889567,1.3378617161379793,0.06271201433077067
0.5,798,415.275690511159,414.96536,416.61362,415.21295,0.31032796233085946,1.3379264322003905,0.06273885100273446
0.5,799,415.275717339127,414.96545,416.61374,415.21295,0.3102632375645271,1.3380216745448479,0.06276567897077712
0.5,800,415.275744158432,414.96545,416.61368,415.21295,0.31029005686951905,1.337933820083606,0.06279249827576905
0.5,801,415.275770969079,414.96545,416.61362,415.21295,0.3103168675165193,1.3378459742803557,0.06281930892276932
0.5,802,415.2757977711,414.96545,416.61374,415.21295,0.31034366953747394,1.337941242571901,0.06284611094372394
0.5,803,415.275824564513,414.96545,416.61383,415.21295,0.31037046295051596,1.338006001893234,0.06287290435676596
0.5,804,415.275851349304,414.96545,416.6138,415.21295,0.31039724774149136,1.3379486995241336,0.06289968914774136
0.5,805,415.275878125496,414.96545,416.6138,415.21295,0.31042402393347857,1.3379219233321464,0.06292646533972857
0.5,806,415.275904893031,414.96545,416.61386,415.21295,0.3104507914684973,1.3379561909533777,0.0629532328747473
0.5,807,415.275931651972,414.96545,416.61392,415.21295,0.3104775504094732,1.3379904671686518,0.06297999181572322
0.5,808,415.275958402337,414.96545,416.6139,415.21295,0.31050430077448254,1.3379331992255175,0.06300674218073254
0.5,809,415.275985144138,414.96545,416.6138,415.21295,0.3105310425755192,1.3378149046901058,0.06303348398176922
0.5,810,415.276011877402,414.96545,416.61395,415.21295,0.31055777583952704,1.337940759316723,0.06306021724577704
0.5,811,415.27603860209,414.96545,416.6138,415.21295,0.3105845005275114,1.3377614467381136,0.06308694193376141
0.5,812,415.276065318233,414.96545,416.61386,415.21295,0.31061121667050884,1.3377957657513662,0.06311365807675884
0.5,813,415.276092025837,414.96545,416.6139,415.21295,0.3106379242744879,1.3377995757255121,0.06314036568073789
0.5,814,415.276118724857,414.96545,416.6138,415.21295,0.3106646232944854,1.3376813239711396,0.06316706470073541
0.5,815,415.276145415309,414.96545,416.61392,415.21295,0.3106913137464744,1.3377767038316506,0.0631937551527244
0.5,816,415.276172097187,414.96545,416.6138,415.21295,0.3107179956244863,1.3376279516411387,0.06322043703073632
0.5,817,415.27619877049,414.96545,416.61374,415.21295,0.31074466892749797,1.337540243181877,0.06324711033374797
0.5,818,415.276225435187,414.96545,416.6138,415.21295,0.31077133362447285,1.3375746136411522,0.06327377503072285
0.5,819,415.276252091288,414.96545,416.6137,415.21295,0.31079798972547223,1.3374564048057778,0.06330043113172223
0.5,820,415.276278738781,414.96545,416.6137,415.21295,0.3108246372185022,1.3374297573127478,0.06332707862475218
0.5,821,415.276305377658,414.96545,416.6137,415.21295,0.3108512760954909,1.337403118435759,0.0633537175017409
0.5,822,415.276332007896,414.96545,416.61365,415.21295,0.3108779063334737,1.3373154530415263,0.06338034773972367
0.5,823,415.276358629511,414.96545,416.61362,415.21295,0.31090452794848034,1.3372583138483947,0.06340696935473034
0.5,824,415.276385242469,414.96545,416.61356,415.21295,0.3109311409065185,1.3371706657341065,0.06343358231276852
0.5,825,415.276411846759,414.96545,416.6136,415.21295,0.31095774519650377,1.3371745790222462,0.06346018660275377
0.5,826,415.276438442434,414.96545,416.6136,415.21295,0.3109843408715278,1.3371479833472222,0.06348678227777782
0.5,827,415.276465029417,414.96545,416.61362,415.21295,0.311010927854511,1.337151913942364,0.06351336926076101
0.5,828,415.276491607812,414.96545,416.61362,415.21295,0.3110375062494768,1.3371253355473982,0.06353994765572679
0.5,829,415.276518177522,414.96545,416.6135,415.21295,0.31106407595950714,1.3369766955248679,0.06356651736575714
0.5,830,415.276544738564,414.96545,416.61356,415.21295,0.31109063700148454,1.3370111696391405,0.06359307840773454
0.5,831,415.276571290946,414.96545,416.61368,415.21295,0.31111718938348076,1.3371066875696442,0.06361963078973076
0.5,832,415.276597834663,414.96536,416.61368,415.21295,0.3112352858348686,1.3370801438526314,0.06364617450674359
0.5,833,415.276624369705,414.96536,416.61368,415.21295,0.3112618208768936,1.3370536088106064,0.06367270954876858
0.5,834,415.276650896116,414.96536,416.61374,415.21295,0.3112883472878707,1.3370881175558793,0.06369923595974569
0.5,835,415.276677413868,414.96536,416.6137,415.21295,0.3113148650398898,1.3370310822257352,0.06372575371176481
0.5,836,415.276703922992,414.96536,416.61365,415.21295,0.31134137416387375,1.3369435379455012,0.06375226283574875
0.5,837,415.276730423466,414.96536,416.6137,415.21295,0.31136787463788096,1.336978072627744,0.06377876330975596
0.5,838,415.27675691531,414.96536,416.61374,415.21295,0.31139436648186347,1.3369820983618865,0.06380525515373847
0.5,839,415.276783398546,414.96536,416.61386,415.21295,0.31142084971787654,1.3370776854383735,0.06383173838975154
0.5,840,415.27680987319,414.96536,416.6139,415.21295,0.31144732436189315,1.3370817283724818,0.06385821303376815
0.5,841,415.276836339272,414.96536,416.61386,415.21295,0.3114737904438698,1.3370247447123802,0.0638846791157448
0.5,842,415.276862796804,414.96545,416.61392,415.21295,0.3114086952414823,1.3370593223366427,0.06391113664773229
0.5,843,415.276889245799,414.96545,416.61395,415.21295,0.31143514423649776,1.3370633909197522,0.06393758564274776
0.5,844,415.276915686243,414.96545,416.61398,415.21295,0.3114615846805009,1.337067468053874,0.06396402608675089
0.5,845,415.276942118196,414.96545,416.614,415.21295,0.3114880166335183,1.3370715536789817,0.06399045803976833
0.5,846,415.276968541653,414.96545,416.61404,415.21295,0.311514440090491,1.337075647800134,0.06401688149674101
0.5,847,415.276994956637,414.96545,416.61407,415.21295,0.31154085507449736,1.3370797503942526,0.06404329648074736
0.5,848,415.277021363152,414.96545,416.61407,415.21295,0.3115672615895164,1.3370533438792336,0.06406970299576642
0.5,849,415.277047761114,414.96545,416.6142,415.21295,0.3115936595514768,1.3371490162297732,0.06409610095772678
0.5,850,415.277074150624,414.96545,416.61407,415.21295,0.31162004906150287,1.3370005564072471,0.06412249046775287
0.5,851,415.277100531681,414.96545,416.61414,415.21295,0.3116464301185147,1.3370352105064853,0.06414887152476467
0.5,852,415.277126904294,414.96545,416.6141,415.21295,0.31167280273149345,1.3369783203153816,0.06417524413774345
0.5,853,415.277153268492,414.96545,416.61417,415.21295,0.3116991669294862,1.3370129912736388,0.06420160833573618
0.5,854,415.277179624228,414.96545,416.61407,415.21295,0.31172552266548337,1.3368950828032666,0.06422796407173337
0.5,855,415.277205971523,414.96545,416.61404,415.21295,0.31175186996051707,1.336838217930108,0.06425431136676707
0.5,856,415.2772323104,414.96545,416.614,415.21295,0.3117782088374952,1.3367813614750048,0.06428065024374519
0.5,857,415.277258640832,414.96545,416.61407,415.21295,0.31180453926947393,1.336816066199276,0.06430698067572393
0.5,858,415.277284962823,414.96545,416.61407,415.21295,0.3118308612604892,1.3367897442082608,0.0643333026667392
0.5,859,415.277311276341,414.96545,416.61404,415.21295,0.3118571747784813,1.3367329131121437,0.0643596161847313
0.5,860,415.277337581394,414.96545,416.61404,415.21295,0.311883479831522,1.336706608059103,0.06438592123777198
0.5,861,415.277363877971,414.96545,416.614,415.21295,0.3119097764085268,1.3366497939039732,0.0644122178147768
0.5,862,415.277390166041,414.96545,416.614,415.21295,0.3119360644785161,1.336623505833984,0.06443850588476607
0.5,863,415.277416445623,414.96545,416.61398,415.21295,0.3119623440604755,1.3365667086738995,0.06446478546672552
0.5,864,415.277442716702,414.96545,416.61398,415.21295,0.31198861513951215,1.3365404375948629,0.06449105654576215
0.5,865,415.277468979272,414.96545,416.61386,415.21295,0.3120148777094869,1.3363921047123881,0.06451731911573688
0.5,866,415.277495233301,414.96545,416.61392,415.21295,0.31204113173851056,1.3364268858396144,0.06454357314476056
0.5,867,415.277521478787,414.96545,416.61392,415.21295,0.31206737722447997,1.336400640353645,0.06456981863072997
0.5,868,415.277547715739,414.96545,416.6139,415.21295,0.31209361417649006,1.33634388582351,0.06459605558274006
0.5,869,415.277573944145,414.96545,416.61383,415.21295,0.31211984258249004,1.33625662226126,0.06462228398874004
0.5,870,415.277600164073,414.96545,416.61383,415.21295,0.31214606251052146,1.3362304023332285,0.06464850391677146
0.5,871,415.27762637545,414.96545,416.6138,415.21295,0.3121722738874837,1.3361736733781413,0.0646747152937337
0.5,872,415.277652578311,414.96545,416.61386,415.21295,0.312198476748506,1.336208505673369,0.06470091815475598
0.5,873,415.277678772609,414.96545,416.6139,415.21295,0.31222467104652196,1.336212828953478,0.06472711245277196
0.5,874,415.277704958336,414.96545,416.61398,415.21295,0.3122508567735167,1.3362781959608583,0.06475329817976672
0.5,875,415.2777311355,414.96536,416.6139,415.21295,0.31236858667188017,1.3361604660624948,0.06477947534375517
0.5,876,415.277757304141,414.96536,416.61386,415.21295,0.3123947553128801,1.33610377984337,0.06480564398475508
0.5,877,415.277783464227,414.96536,416.61395,415.21295,0.3124209153988886,1.3361691724917364,0.06483180407076361
0.5,878,415.27780961579,414.96536,416.61404,415.21295,0.31244706696185176,1.3362345736631482,0.06485795563372676
0.5,879,415.277835758848,414.96536,416.61395,415.21295,0.3124732100199026,1.3361168778707224,0.06488409869177758
0.5,880,415.277861893394,414.96536,416.614,415.21295,0.3124993445658788,1.3361517784809962,0.0649102332377538
0.5,881,415.277888019432,414.96536,416.6141,415.21295,0.31252547060387315,1.3362172051773769,0.06493635927574815
0.5,882,415.277914137006,414.96536,416.61417,415.21295,0.3125515881778824,1.3362521227596176,0.06496247684975742
0.5,883,415.277940246111,414.96536,416.61414,415.21295,0.31257769728284757,1.3361954960765274,0.06498858595472257
0.5,884,415.277966346752,414.96545,416.61423,415.21295,0.3125122451895095,1.3362609481698655,0.06501468659575949
0.5,885,415.277992438958,414.96545,416.61426,415.21295,0.31253833739549464,1.3362653735420054,0.06504077880174464
0.5,886,415.278018522746,414.96545,416.6143,415.21295,0.31256442118348104,1.336269807332144,0.06506686258973104
0.5,887,415.278044598148,414.96545,416.6143,415.21295,0.3125904965855284,1.3362437319300966,0.0650929379917784
0.5,888,415.278070665182,414.96545,416.61432,415.21295,0.31261656361948553,1.3362481824742645,0.06511900502573553
0.5,889,415.278096723822,414.96545,416.61435,415.21295,0.3126426222594887,1.3362526414123863,0.06514506366573869
0.5,890,415.278122774101,414.96545,416.6144,415.21295,0.31266867253850705,1.336287626289618,0.06517111394475705
0.5,891,415.27814881596,414.96545,416.61426,415.21295,0.3126947143974803,1.3361089965400197,0.06519715580373031
0.5,892,415.278174849476,414.96545,416.61438,415.21295,0.31272074791348814,1.3362050333365119,0.06522318931973814
0.5,893,415.278200874642,414.96545,416.6144,415.21295,0.31274677307948195,1.336209525748643,0.06524921448573195
0.5,894,415.278226891498,414.96545,416.61435,415.21295,0.3127727899354795,1.3361224737363955,0.06527523134172952
0.5,895,415.278252900027,414.96545,416.6144,415.21295,0.31279879846448466,1.3361575003636403,0.06530123987073466
0.5,896,415.278278900225,414.96545,416.6144,415.21295,0.31282479866251833,1.3361315001656067,0.06532724006876833
0.5,897,415.278304892112,414.96545,416.61432,415.21295,0.31285079054947573,1.3360139555442743,0.06535323195572573
0.5,898,415.278330875694,414.96545,416.61435,415.21295,0.31287677413149595,1.336018489540379,0.06537921553774595
0.5,899,415.278356850929,414.96545,416.61432,415.21295,0.31290274936651485,1.3359619967272351,0.06540519077276485
0.5,900,415.278382817827,414.96545,416.6196,415.21295,0.31292871626448004,1.341215570844895,0.06543115767073004
0.5,901,415.278408776385,414.96545,416.6195,415.21295,0.3129546748224925,1.3410980595525075,0.0654571162287425
0.5,902,415.2784347266,414.96545,416.6195,415.21295,0.3129806250374827,1.3410721093375173,0.0654830664437327
0.5,903,415.278460668448,414.96545,416.6195,415.21295,0.31300656688551953,1.3410461674894805,0.06550900829176953
0.5,904,415.278486601931,414.96545,416.6195,415.21295,0.31303250036847885,1.3410202340065212,0.06553494177472885
0.5,905,415.278512527038,414.96545,416.6195,415.21295,0.31305842547550355,1.3409943088994964,0.06556086688175355
0.5,906,415.278538443773,414.96545,416.61945,415.21295,0.31308434221051584,1.3409073570082342,0.06558678361676584
0.5,907,415.278564352091,414.96545,416.61948,415.21295,0.3131102505284957,1.3409119662683793,0.06561269193474573
0.5,908,415.278590252025,414.96545,416.6194,415.21295,0.3131361504625261,1.340794513599974,0.06563859186877607
0.5,909,415.27861614353,414.96545,416.61945,415.21295,0.3131620419674732,1.3408296572512768,0.06566448337372321
0.5,910,415.278642026609,414.96545,416.61932,415.21295,0.3131879250465204,1.3406817038597296,0.06569036645277038
0.5,911,415.278667901306,414.96545,416.6194,415.21295,0.31321379974349384,1.3407168643190062,0.06571624114974384
0.5,912,415.278693767549,414.96545,416.61923,415.21295,0.31323966598648667,1.3405384101853883,0.06574210739273667
0.5,913,415.278719625437,414.96545,416.61923,415.21295,0.3132655238745201,1.3405125522973549,0.06576796528077011
0.5,914,415.278745474875,414.96545,416.61926,415.21295,0.3132913733124951,1.3405172204375049,0.06579381471874512
0.5,915,415.27877131588,414.96545,416.61926,415.21295,0.3133172143175216,1.3404913794324784,0.06581965572377158
0.5,916,415.278797148457,414.96536,416.61926,415.21295,0.313434599628863,1.340465546855512,0.065845488300738
0.5,917,415.278822972601,414.96536,416.6194,415.21295,0.31346042377288086,1.3405617930239941,0.06587131244475586
0.5,918,415.278848788305,414.96536,416.61932,415.21295,0.3134862394769016,1.3404749421637234,0.06589712814877657
0.5,919,415.278874595583,414.96536,416.6194,415.21295,0.3135120467548518,1.3405101700420232,0.06592293542672678
0.5,920,415.278900394464,414.96536,416.61935,415.21295,0.31353784563589215,1.3404538535828578,0.06594873430776715
0.5,921,415.278926184949,414.96536,416.6194,415.21295,0.31356363612087534,1.3404585806759997,0.06597452479275034
0.5,922,415.278951967028,414.96536,416.6195,415.21295,0.31358941819985375,1.3405548689095212,0.06600030687172875
0.5,923,415.278977740719,414.96536,416.61957,415.21295,0.31361519189084675,1.3405901303747783,0.06602608056272175
0.5,924,415.279003506027,414.96536,416.6195,415.21295,0.31364095719885654,1.3405033299105185,0.06605184587073154
0.5,925,415.279029262972,414.96536,416.61954,415.21295,0.313666714143892,1.340508090543608,0.06607760281576702
0.5,926,415.27905501159,414.96545,416.6196,415.21295,0.31360091002750323,1.3405433770818718,0.06610335143375323
0.5,927,415.279080751901,414.96545,416.61963,415.21295,0.3136266503385059,1.340548154348994,0.0661290917447559
0.5,928,415.279106483909,414.96545,416.61966,415.21295,0.31365238234650406,1.340552939919121,0.06615482375275406
0.5,929,415.279132207598,414.96545,416.61975,415.21295,0.3136781060355247,1.3406187689644753,0.0661805474417747
0.5,930,415.279157923029,414.96545,416.6198,415.21295,0.313703821466504,1.340654088689746,0.066206262872754
0.5,931,415.279183630203,414.96545,416.6198,415.21295,0.31372952864052195,1.340628381515728,0.06623197004677195
0.5,932,415.279209329135,414.96545,416.6198,415.21295,0.3137552275725284,1.3406026825837216,0.06625766897877838
0.5,933,415.27923501983,414.96545,416.61978,415.21295,0.3137809182675255,1.3405464743105995,0.06628335967377552
0.5,934,415.279260702206,414.96545,416.6198,415.21295,0.3138066006434883,1.3405513095127617,0.06630904204973831
0.5,935,415.279286376364,414.96545,416.61984,415.21295,0.31383227480148435,1.3405561529328907,0.06633471620773435
0.5,936,415.279312042306,414.96545,416.61984,415.21295,0.31385794074350315,1.3405304869908719,0.06636038214975315
0.5,937,415.279337700037,414.96545,416.6198,415.21295,0.3138835984744901,1.34047431168176,0.0663860398807401
0.5,938,415.27936334958,414.96545,416.61993,415.21295,0.3139092480175236,1.3405707324512264,0.06641168942377362
0.5,939,415.279388990898,414.96545,416.61978,415.21295,0.31393488933548497,1.34039250324264,0.06643733074173497
0.5,940,415.279414624018,414.96545,416.6199,415.21295,0.31396052245548844,1.3404889404351366,0.06646296386173844
0.5,941,415.279440248931,414.96545,416.61987,415.21295,0.31398614736849595,1.340432797944004,0.06648858877474595
0.5,942,415.279465865635,414.96545,416.61987,415.21295,0.31401176407251796,1.340407181239982,0.06651420547876796
0.5,943,415.279491474129,414.96545,416.61984,415.21295,0.31403737256647446,1.3403510551679005,0.06653981397272446
0.5,944,415.279517074381,414.96545,416.6198,415.21295,0.3140629728184763,1.3402949373377737,0.06656541422472628
0.5,945,415.27954266639,414.96545,416.6198,415.21295,0.31408856482750025,1.3402693453287498,0.06659100623375025
0.5,946,415.279568250159,414.96545,416.61978,415.21295,0.3141141485965022,1.3402132439816228,0.06661659000275222
0.5,947,415.279593825647,414.96545,416.6197,415.21295,0.3141397240844981,1.340096115759252,0.06664216549074808
0.5,948,415.279619392876,414.96545,416.61966,415.21295,0.31416529131348625,1.3400400309521387,0.06666773271973625
0.5,949,415.279644951836,414.96545,416.6197,415.21295,0.3141908502735191,1.3400449895702309,0.06669329167976912
0.5,950,415.27967050251,414.96545,416.61963,415.21295,0.3142164009474868,1.3399584037400132,0.06671884235373682
0.5,951,415.279696044873,414.96545,416.6195,415.21295,0.31424194331049193,1.339810791064508,0.06674438471674193
0.5,952,415.279721578918,414.96545,416.61963,415.21295,0.3142674773554859,1.3399073273320141,0.06676991876173588
0.5,953,415.279747104666,414.96545,416.61954,415.21295,0.3142930031035007,1.3397902488496243,0.06679544450975072
0.5,954,415.27977262214,414.96545,416.61954,415.21295,0.3143185205775012,1.3397647313756238,0.0668209619837512
0.5,955,415.279798131319,414.96545,416.61954,415.21295,0.3143440297565121,1.339739222196613,0.0668464711627621
0.5,956,415.279823632177,414.96545,416.61957,415.21295,0.3143695306144991,1.3397442389167509,0.06687197202074913
0.5,957,415.279849124745,414.96545,416.61966,415.21295,0.3143950231824988,1.3398102990831262,0.06689746458874879
0.5,958,415.279874608981,414.96545,416.61957,415.21295,0.3144205074185038,1.3396932621127462,0.0669229488247538
0.5,959,415.279900084872,414.96545,416.61963,415.21295,0.314445983309497,1.339728821378003,0.06694842471574702
0.5,960,415.279925552432,414.96536,416.6196,415.21295,0.3145630036038938,1.3396728362398562,0.06697389227576878
0.5,961,415.279951011697,414.96536,416.6196,415.21295,0.3145884628688691,1.339647376974881,0.0669993515407441
0.5,962,415.279976462667,414.96536,416.61966,415.21295,0.31461391383885484,1.3396829611611452,0.06702480251072984
0.5,963,415.28000190532,414.96536,416.61963,415.21295,0.3146393564918526,1.3396270009300224,0.0670502451637276
0.5,964,415.280027339675,414.96536,416.61966,415.21295,0.31466479084684806,1.339632084153152,0.06707567951872306
0.5,965,415.280052765769,414.96536,416.6197,415.21295,0.31469021694090316,1.3396371756372218,0.06710110561277816
0.5,966,415.280078183586,414.96536,416.61978,415.21295,0.31471563475787434,1.3397033105546257,0.06712652342974934
0.5,967,415.280103593162,414.96536,416.61978,415.21295,0.3147410443338572,1.3396779009786428,0.06715193300573219
0.5,968,415.280128994504,414.96536,416.6197,415.21295,0.3147664456759003,1.3395609469022247,0.06717733434777529
0.5,969,415.280154387607,414.96545,416.61978,415.21295,0.3147002860445127,1.3396271065336123,0.06720272745076272
0.5,970,415.280179772509,414.96545,416.61975,415.21295,0.31472567094647275,1.3395712040535273,0.06722811235272275
0.5,971,415.280205149223,414.96545,416.61987,415.21295,0.31475104766047934,1.3396678976520207,0.06725348906672934
0.5,972,415.280230517777,414.96545,416.62003,415.21295,0.3147764162144995,1.3397951169886255,0.06727885762074948
0.5,973,415.280255878183,414.96545,416.62006,415.21295,0.3148017766205271,1.339800274160723,0.06730421802677711
0.5,974,415.280281230434,414.96545,416.6201,415.21295,0.31482712887151365,1.3398054394878613,0.06732957027776365
0.5,975,415.280306574553,414.96545,416.6201,415.21295,0.3148524729904807,1.3397800953688943,0.06735491439673069
0.5,976,415.280331910477,414.96545,416.62006,415.21295,0.31487780891450257,1.3397242418667474,0.06738025032075257
0.5,977,415.280357238281,414.96545,416.62018,415.21295,0.3149031367184989,1.339820984375251,0.0674055781247489
0.5,978,415.280382557963,414.96545,416.62018,415.21295,0.3149284564004802,1.3397956646932698,0.06743089780673017
0.5,979,415.28040786957,414.96545,416.6201,415.21295,0.31495376800751274,1.3396788003518623,0.06745620941376274
0.5,980,415.280433173073,414.96545,416.62015,415.21295,0.31497907151049276,1.3397145320051322,0.06748151291674276
0.5,981,415.280458468471,414.96545,416.62024,415.21295,0.31500436690851075,1.3397807893414893,0.06750680831476075
0.5,982,415.280483755803,414.96545,416.62024,415.21295,0.31502965424050444,1.3397555020094956,0.06753209564675444
0.5,983,415.280509035039,414.96545,416.62015,415.21295,0.31505493347651736,1.3396386700391076,0.06755737488276736
0.5,984,415.280534306143,414.96545,416.6201,415.21295,0.3150802045805108,1.3395523637788642,0.06758264598676078
0.5,985,415.28055956914,414.96545,416.62006,415.21295,0.3151054675774958,1.3394965832037542,0.0676079089837458
0.5,986,415.280584824021,414.96545,416.62006,415.21295,0.31513072245849116,1.3394713283227588,0.06763316386474116
0.5,987,415.280610070784,414.96545,416.6201,415.21295,0.31515596922150735,1.3394765991378677,0.06765841062775735
0.5,988,415.280635309406,414.96545,416.62006,415.21295,0.31518120784352277,1.3394208429377272,0.06768364924977277
0.5,989,415.28066053989,414.96545,416.62006,415.21295,0.3152064383274933,1.3393956124537567,0.06770887973374329
0.5,990,415.280685762223,414.96545,416.61993,415.21295,0.31523166066051544,1.3392483198082346,0.06773410206676544
0.5,991,415.280710976402,414.96545,416.61987,415.21295,0.3152568748395197,1.3391620704729803,0.0677593162457697
0.5,992,415.280736182389,414.96545,416.61984,415.21295,0.3152820808264778,1.3391063469078972,0.0677845222327278
0.5,993,415.28076138021,414.96545,416.61987,415.21295,0.31530727864748087,1.3391116666650191,0.06780972005373087
0.5,994,415.280786569828,414.96545,416.61984,415.21295,0.31533246826552386,1.3390559594688511,0.06783490967177386
0.5,995,415.280811751241,414.96545,416.61978,415.21295,0.31535764967850355,1.3389697428996215,0.06786009108475355
0.5,996,415.280836924505,414.96545,416.61978,415.21295,0.3153828229425244,1.3389445696356006,0.0678852643487744
0.5,997,415.280862089531,414.96545,416.61978,415.21295,0.31540798796851277,1.3389194046096122,0.06791042937476277
0.5,998,415.280887246433,414.96545,416.61987,415.21295,0.31543314487049656,1.3389858004420034,0.06793558627674656
0.5,999,415.2809123951,414.96545,416.6199,415.21295,0.3154582935375174,1.3389911693531076,0.06796073494376742
0.5,1000,415.280937535558,414.96545,416.6198,415.21295,0.31548343399549594,1.338874476160754,0.06798587540174594
0.5,1001,415.280962667813,414.96536,416.61984,415.21295,0.3156001189848894,1.3388798614838606,0.06801100765676438
0.5,1002,415.280987791862,414.96536,416.61984,415.21295,0.3156252430338782,1.3388547374348718,0.06803613170575318
0.5,1003,415.281012907694,414.96536,416.6199,415.21295,0.31565035886586656,1.3388906567591334,0.06806124753774156
0.5,1004,415.281038015327,414.96536,416.61987,415.21295,0.3156754664988739,1.338835031548001,0.0680863551707489
0.5,1005,415.281063114785,414.96536,416.61987,415.21295,0.3157005659568881,1.3388099320899869,0.06811145462876311
0.5,1006,415.281088206081,414.96536,416.6199,415.21295,0.3157256572528695,1.3388153583721305,0.0681365459247445
0.5,1007,415.281113289164,414.96536,416.6199,415.21295,0.31575074033588635,1.3387902752891137,0.06816162900776135
0.5,1008,415.281138364103,414.96536,416.62006,415.21295,0.31577581527488974,1.3389177882407353,0.06818670394676474
0.5,1009,415.281163430889,414.96536,416.62012,415.21295,0.3158008820608984,1.3389537566109766,0.0682117707327734
0.5,1010,415.281188489541,414.96536,416.6202,415.21295,0.31582594071289805,1.339020250693352,0.06823682938477305
0.5,1011,415.281213540091,414.96545,416.62012,415.21295,0.3157594385285165,1.3389036474089835,0.06826187993476651
0.5,1012,415.28123858256,414.96545,416.62012,415.21295,0.315784480997479,1.338878604940021,0.06828692240372902
0.5,1013,415.281263616948,414.96545,416.62024,415.21295,0.31580951538552426,1.3389756408644757,0.06831195679177426
0.5,1014,415.281288643241,414.96545,416.62024,415.21295,0.3158345416784982,1.3389506145715018,0.06833698308474823
0.5,1015,415.281313661502,414.96545,416.62033,415.21295,0.3158595599394971,1.339017149044878,0.0683620013457471
0.5,1016,415.281338671731,414.96545,416.62033,415.21295,0.3158845701685209,1.338992138815854,0.0683870115747709
0.5,1017,415.281363673943,414.96545,416.62027,415.21295,0.3159095723805194,1.3389061014476056,0.06841201378676942
0.5,1018,415.281388668143,414.96545,416.6203,415.21295,0.3159345665804949,1.338911624825755,0.0684370079867449
0.5,1019,415.281413654245,414.96545,416.62027,415.21295,0.3159595526825001,1.338856121145625,0.06846199408875009
0.5,1020,415.281438632353,414.96545,416.62033,415.21295,0.3159845307905016,1.3388921781938734,0.0684869721967516
0.5,1021,415.281463602469,414.96545,416.62024,415.21295,0.31600950090648894,1.338775655343511,0.06851194231273894
0.5,1022,415.281488564598,414.96545,416.6203,415.21295,0.3160344630355212,1.3388117283707288,0.06853690444177118
0.5,1023,415.281513518762,414.96545,416.62027,415.21295,0.31605941719948305,1.338756256628642,0.06856185860573305
0.5,1024,415.281538464917,414.96545,416.62033,415.21295,0.3160843633544914,1.3387923456298836,0.06858680476074142
0.5,1025,415.281563403103,414.96545,416.62033,415.21295,0.3161093015405072,1.3387674074438678,0.0686117429467572
0.5,1026,415.281588333299,414.96545,416.62033,415.21295,0.31613423173649835,1.3387424772478766,0.06863667314274835
0.5,1027,415.281613255508,414.96545,416.6202,415.21295,0.31615915394547756,1.3385954847263974,0.06866159535172756
0.5,1028,415.281638169717,414.96545,416.62033,415.21295,0.3161840681544845,1.3386926408298905,0.06868650956073452
0.5,1029,415.28166307592,414.96545,416.6203,415.21295,0.31620897435749384,1.3386372170487562,0.06871141576374384
0.5,1030,415.281687974102,414.96545,416.6203,415.21295,0.31623387253949886,1.3386123188667511,0.06873631394574886
0.5,1031,415.281712864264,414.96545,416.62027,415.21295,0.31625876270152276,1.3385569111266022,0.06876120410777276
0.5,1032,415.281737746363,414.96545,416.62015,415.21295,0.3162836448004782,1.3384099587151468,0.06878608620672821
0.5,1033,415.281762620427,414.96545,416.6201,415.21295,0.31630851886450273,1.3383240494948723,0.06881096027075273
0.5,1034,415.28178748644,414.96545,416.6201,415.21295,0.3163333848775096,1.3382991834818654,0.06883582628375962
0.5,1035,415.281812344388,414.96545,416.62015,415.21295,0.3163582428255154,1.3383353606901096,0.06886068423176539
0.5,1036,415.281837194253,414.96545,416.6202,415.21295,0.3163830926905007,1.3383715459813743,0.06888553409675069
0.5,1037,415.281862036014,414.96545,416.62018,415.21295,0.3164079344514903,1.3383161866422597,0.06891037585774029
0.5,1038,415.281886869693,414.96545,416.62018,415.21295,0.3164327681304826,1.3382913529632674,0.0689352095367326
0.5,1039,415.281911695328,414.96545,416.6202,415.21295,0.31645759376550586,1.3382970449063691,0.06896003517175586
0.5,1040,415.281936512887,414.96545,416.6202,415.21295,0.3164824113245004,1.3382722273473746,0.06898485273075039
0.5,1041,415.281961322344,414.96545,416.6202,415.21295,0.31650722078148874,1.3382474178903863,0.06900966218773874
0.5,1042,415.281986123737,414.96545,416.6201,415.21295,0.31653202217449916,1.3381005461848758,0.06903446358074916
0.5,1043,415.282010917015,414.96545,416.62012,415.21295,0.31655681545248626,1.3381062704850137,0.06905925685873626
0.5,1044,415.282035702158,414.96536,416.62018,415.21295,0.316673153329873,1.338142520498252,0.069084042001748
0.5,1045,415.282060479239,414.96536,416.62024,415.21295,0.31669793041089633,1.3381787785734787,0.06910881908277133
0.5,1046,415.282085248207,414.96536,416.62018,415.21295,0.31672269937888586,1.3380929744492391,0.06913358805076086
0.5,1047,415.282110009109,414.96536,416.6202,415.21295,0.3167474602808511,1.338098731125399,0.0691583489527261
0.5,1048,415.282134761909,414.96536,416.62015,415.21295,0.316772213080867,1.338012943169133,0.069183101752742
0.5,1049,415.282159506639,414.96536,416.6202,415.21295,0.3167969578108796,1.3380492335953704,0.06920784648275458
0.5,1050,415.282184243326,414.96536,416.62027,415.21295,0.31682169449788944,1.3380855320646106,0.06923258316976444
0.5,1051,415.282208971959,414.96536,416.62027,415.21295,0.31684642313086897,1.338060803431631,0.06925731180274397
0.5,1052,415.282233692578,414.96536,416.62033,415.21295,0.3168711437498928,1.3380971179688572,0.06928203242176778
0.5,1053,415.282258405184,414.96536,416.62042,415.21295,0.31689585635587036,1.3381639580972546,0.06930674502774536
0.5,1054,415.28228310978,414.96545,416.62042,415.21295,0.31682900821749627,1.3381392535012537,0.06933144962374627
0.5,1055,415.282307806388,414.96545,416.62048,415.21295,0.3168537048255189,1.338175592049481,0.06935614623176889
0.5,1056,415.282332495036,414.96545,416.62057,415.21295,0.31687839347347335,1.3382424561359016,0.06938083487972335
0.5,1057,415.282357175747,414.96545,416.62054,415.21295,0.3169030741844949,1.338187257846755,0.06940551559074493
0.5,1058,415.282381848536,414.96545,416.62048,415.21295,0.3169277469734766,1.3381015499015234,0.06943018837972659
0.5,1059,415.282406513383,414.96545,416.62054,415.21295,0.31695241182052314,1.3381379202107269,0.06945485322677314
0.5,1060,415.282431170269,414.96545,416.62064,415.21295,0.31697706870647835,1.3382048160591467,0.06947951011272835
0.5,1061,415.282455819235,414.96545,416.6206,415.21295,0.31700171767249685,1.3381496495150031,0.06950415907874685
0.5,1062,415.282480460305,414.96545,416.6206,415.21295,0.31702635874250973,1.3381250084449903,0.06952880014875973
0.5,1063,415.282505093491,414.96545,416.6206,415.21295,0.31705099192851094,1.338100375258989,0.06955343333476094
0.5,1064,415.282529718804,414.96545,416.62064,415.21295,0.3170756172415281,1.338106267524097,0.06957805864777811
0.5,1065,415.282554336237,414.96545,416.6205,415.21295,0.31710023467451265,1.3379595797786124,0.06960267608076265
0.5,1066,415.282578945788,414.96545,416.62064,415.21295,0.31712484422547504,1.33805704054015,0.06962728563172504
0.5,1067,415.282603547496,414.96545,416.62057,415.21295,0.31714944593352357,1.3379714036758514,0.06965188733977357
0.5,1068,415.28262814132,414.96545,416.62057,415.21295,0.3171740397575036,1.3379468098518714,0.06967648116375358
0.5,1069,415.282652727234,414.96545,416.62054,415.21295,0.3171986256714945,1.3378917063597555,0.06970106707774448
0.5,1070,415.282677305257,414.96545,416.62057,415.21295,0.317223203694482,1.337897645914893,0.06972564510073198
0.5,1071,415.282701875388,414.96545,416.62045,415.21295,0.31724777382549973,1.3377510054713753,0.06975021523174973
0.5,1072,415.282726437621,414.96545,416.62048,415.21295,0.31727233605852234,1.3377569608164777,0.06977477746477234
0.5,1073,415.282750991927,414.96545,416.62048,415.21295,0.3172968903645028,1.3377324065104972,0.06979933177075281
0.5,1074,415.282775538309,414.96545,416.6204,415.21295,0.3173214367465107,1.3376163073941143,0.0698238781527607
0.5,1075,415.282800076764,414.96545,416.62042,415.21295,0.31734597520147645,1.3376222865172736,0.06984841660772645
0.5,1076,415.282824607287,414.96545,416.62033,415.21295,0.31737050572451153,1.3375062032598635,0.06987294713076153
0.5,1077,415.28284912984,414.96545,416.62033,415.21295,0.317395028277474,1.337481680706901,0.06989746968372401
0.5,1078,415.282873644438,414.96545,416.62033,415.21295,0.31741954287548424,1.3374571661088908,0.06992198428173424
0.5,1079,415.282898151058,414.96545,416.62033,415.21295,0.31744404949552063,1.3374326594888544,0.06994649090177063
0.5,1080,415.28292264969,414.96545,416.62033,415.21295,0.3174685481275219,1.337408160856853,0.0699709895337719
0.5,1081,415.282947140393,414.96545,416.62033,415.21295,0.3174930388304915,1.3373836701538835,0.06999548023674151
0.5,1082,415.282971623074,414.96545,416.6203,415.21295,0.3175175215114905,1.3373286698947595,0.07001996291774049
0.5,1083,415.282996097849,414.96545,416.62033,415.21295,0.3175419962864794,1.3373347126978956,0.07004443769272939
0.5,1084,415.283020564615,414.96545,416.62027,415.21295,0.3175664630525148,1.3372492107756102,0.07006890445876479
0.5,1085,415.283045023387,414.96545,416.62042,415.21295,0.31759092182448967,1.3373773398942603,0.07009336323073967
0.5,1086,415.283069474166,414.96536,416.62033,415.21295,0.31770692533785905,1.337261336380891,0.07011781400973405
0.5,1087,415.283093916968,414.96536,416.62036,415.21295,0.31773136813990277,1.3372674111569722,0.07014225681177777
0.5,1088,415.283118351766,414.96536,416.62036,415.21295,0.3177558029378815,1.3372429763589935,0.07016669160975653
0.5,1089,415.283142778588,414.96536,416.62045,415.21295,0.31778022975987597,1.337310102271374,0.07019111843175097
0.5,1090,415.283167197478,414.96536,416.62045,415.21295,0.3178046486498829,1.337285683381367,0.07021553732175789
0.5,1091,415.283191608384,414.96536,416.62036,415.21295,0.3178290595558906,1.3371697197409844,0.07023994822776558
0.5,1092,415.283216011335,414.96536,416.62045,415.21295,0.3178534625068892,1.3372368695243608,0.07026435117876417
0.5,1093,415.28324040635,414.96536,416.62045,415.21295,0.31787785752186437,1.3372124745093856,0.07028874619373937
0.5,1094,415.283264793435,414.96536,416.62042,415.21295,0.3179022446068984,1.3371575698462266,0.07031313327877342
0.5,1095,415.283289172605,414.96536,416.62045,415.21295,0.3179266237768843,1.3371637082543657,0.0703375124487593
0.5,1096,415.283313543902,414.96545,416.62054,415.21295,0.31785944233951113,1.3372308896917389,0.07036188374576113
0.5,1097,415.28333790733,414.96545,416.62054,415.21295,0.31788380576750797,1.337206526263742,0.07038624717375797
0.5,1098,415.28336226289,414.96545,416.6207,415.21295,0.317908161327523,1.337334758594352,0.07041060273377298
0.5,1099,415.283386610586,414.96545,416.62067,415.21295,0.31793250902347836,1.3372798933202716,0.07043495042972836
0.5,1100,415.28341095047,414.96545,416.6207,415.21295,0.31795684890749953,1.3372860710143755,0.07045929031374953
0.5,1101,415.283435282548,414.96545,416.6208,415.21295,0.3179811809854982,1.3373532916707518,0.07048362239174821
0.5,1102,415.283459606821,414.96545,416.6208,415.21295,0.3180055052584976,1.3373289673977524,0.07050794666474758
0.5,1103,415.283483923299,414.96545,416.62082,415.21295,0.31802982173650207,1.337335168497873,0.07053226314275207
0.5,1104,415.283508231899,414.96545,416.62085,415.21295,0.3180541303365203,1.3373413774759797,0.0705565717427703
0.5,1105,415.283532532724,414.96545,416.62076,415.21295,0.3180784311614957,1.3372255239166293,0.0705808725677457
0.5,1106,415.283556825799,414.96545,416.62082,415.21295,0.3181027242364962,1.3372622659978788,0.07060516564274621
0.5,1107,415.28358111108,414.96545,416.62085,415.21295,0.31812700951752504,1.337268498294975,0.07062945092377504
0.5,1108,415.283605388616,414.96545,416.6208,415.21295,0.31815128705352436,1.3371831856027256,0.07065372845977436
0.5,1109,415.283629658364,414.96545,416.62082,415.21295,0.31817555680152054,1.3371894334328545,0.07067799820777054
0.5,1110,415.283653920359,414.96545,416.62076,415.21295,0.3181998187964723,1.3371041362816527,0.0707022602027223
0.5,1111,415.283678174583,414.96545,416.62076,415.21295,0.31822407302047395,1.337079882057651,0.07072651442672395
0.5,1112,415.283702421033,414.96545,416.62076,415.21295,0.3182483194705128,1.3370556356076122,0.0707507608767628
0.5,1113,415.283726659708,414.96545,416.62076,415.21295,0.3182725581455088,1.3370313969326162,0.07077499955175881
0.5,1114,415.283750890585,414.96545,416.62082,415.21295,0.31829678902249725,1.3370682012118777,0.07079923042874725
0.5,1115,415.283775113663,414.96545,416.62076,415.21295,0.3183210121005118,1.3369829429776132,0.07082345350676178
0.5,1116,415.283799328932,414.96545,416.6207,415.21295,0.3183452273694911,1.3368976925523839,0.07084766877574111
0.5,1117,415.283823536361,414.96545,416.62064,415.21295,0.31836943479851243,1.3368124499671126,0.07087187620476243
0.5,1118,415.283847735963,414.96545,416.6206,415.21295,0.3183936344004792,1.3367577327870208,0.07089607580672919
0.5,1119,415.28387192773,414.96545,416.62057,415.21295,0.31841782616749015,1.3367030234418849,0.07092026757374015
0.5,1120,415.283896111633,414.96545,416.62054,415.21295,0.3184420100704983,1.3366483219607517,0.07094445147674833
0.5,1121,415.283920287681,414.96545,416.6206,415.21295,0.318466186118485,1.336685181069015,0.07096862752473498
0.5,1122,415.283944455842,414.96545,416.6206,415.21295,0.3184903542795041,1.3366610129079959,0.07099279568575412
0.5,1123,415.283968616146,414.96545,416.6206,415.21295,0.3185145145835122,1.3366368526039878,0.07101695598976221
0.5,1124,415.283992768623,414.96545,416.6206,415.21295,0.3185386670605226,1.3366127001269774,0.07104110846677258
0.5,1125,415.284016913221,414.96545,416.62045,415.21295,0.3185628116585235,1.3364359676383515,0.07106525306477351
0.5,1126,415.284041049957,414.96545,416.62048,415.21295,0.3185869483945112,1.3364423484804888,0.07108938980076118
0.5,1127,415.284065178821,414.96545,416.6206,415.21295,0.31861107725848115,1.3365402899290189,0.07111351866473115
0.5,1128,415.284089299791,414.96545,416.62067,415.21295,0.31863519822849184,1.3365772041152582,0.07113763963474184
0.5,1129,415.284113412863,414.96536,416.62067,415.21295,0.3187508640348824,1.3365530910432426,0.0711617527067574
0.5,1130,415.284137518085,414.96536,416.6206,415.21295,0.31877496925687865,1.3364679506649964,0.07118585792875365
0.5,1131,415.284161615418,414.96536,416.62067,415.21295,0.318799066589861,1.336504888488264,0.07120995526173601
0.5,1132,415.284185704902,414.96536,416.6206,415.21295,0.31882315607384726,1.3364197638480277,0.07123404474572226
0.5,1133,415.284209786506,414.96536,416.62082,415.21295,0.3188472376778577,1.3366093052908923,0.07125812634973272
0.5,1134,415.28423386026,414.96536,416.6208,415.21295,0.3188713114318489,1.3365547139587761,0.07128220010372388
0.5,1135,415.284257926186,414.96536,416.6208,415.21295,0.318895377357876,1.336530648032749,0.07130626602975099
0.5,1136,415.284281984292,414.96536,416.6208,415.21295,0.3189194354638971,1.3365065899267279,0.07133032413577212
0.5,1137,415.284306034592,414.96536,416.62082,415.21295,0.31894348576389575,1.3365130572048542,0.07135437443577075
0.5,1138,415.284330077098,414.96545,416.62097,415.21295,0.31887597553549085,1.3366416025895091,0.07137841694174085
0.5,1139,415.284354111813,414.96545,416.62085,415.21295,0.31890001025050196,1.336495497561998,0.07140245165675196
0.5,1140,415.284378138764,414.96545,416.621,415.21295,0.31892403720149787,1.3366240585016271,0.07142647860774787
0.5,1141,415.284402157977,414.96545,416.62097,415.21295,0.31894805641451285,1.3365695217104872,0.07145049782076285
0.5,1142,415.284426169492,414.96545,416.62094,415.21295,0.31897206792950783,1.3365149926173672,0.07147450933575783
0.5,1143,415.284450173285,414.96545,416.62097,415.21295,0.3189960717224949,1.336521506402505,0.07149851312874489
0.5,1144,415.284474169357,414.96545,416.62094,415.21295,0.3190200677944972,1.3364669927523778,0.07152250920074721
0.5,1145,415.284498157686,414.96545,416.621,415.21295,0.3190440561235164,1.3365040395796086,0.07154649752976638
0.5,1146,415.284522138317,414.96545,416.62103,415.21295,0.31906803675451556,1.3365105765267344,0.07157047816076556
0.5,1147,415.284546111263,414.96545,416.62106,415.21295,0.3190920097005119,1.3365171211588631,0.07159445110676188
0.5,1148,415.284570076549,414.96545,416.621,415.21295,0.31911597498651645,1.3364321207166086,0.07161841639276645
0.5,1149,415.284594034187,414.96545,416.62106,415.21295,0.3191399326245232,1.3364691982348518,0.07164237403077323
0.5,1150,415.284617984161,414.96545,416.62106,415.21295,0.31916388259850237,1.3364452482608726,0.07166632400475237
0.5,1151,415.284641926471,414.96545,416.62103,415.21295,0.3191878249085107,1.3363907883727393,0.07169026631476072
0.5,1152,415.28466586115,414.96545,416.62094,415.21295,0.31921175958751746,1.3362753009593575,0.07171420099376746
0.5,1153,415.284689788161,414.96545,416.62106,415.21295,0.31923568659851753,1.3363734442608575,0.07173812800476753
0.5,1154,415.284713707485,414.96545,416.62097,415.21295,0.3192596059225252,1.3362579722024748,0.07176204732877522
0.5,1155,415.284737619142,414.96545,416.6209,415.21295,0.3192835175794926,1.3361730253892574,0.07178595898574258
0.5,1156,415.284761523124,414.96545,416.62097,415.21295,0.31930742156151837,1.3362101565634816,0.07180986296776837
0.5,1157,415.284785419419,414.96545,416.62088,415.21295,0.31933131785649493,1.33609470753413,0.07183375926274493
0.5,1158,415.284809308007,414.96545,416.62094,415.21295,0.3193552064445271,1.336131854102348,0.07185764785077708
0.5,1159,415.284833188888,414.96545,416.62085,415.21295,0.31937908732550113,1.3360164204869989,0.07188152873175113
0.5,1160,415.284857062056,414.96545,416.62088,415.21295,0.31940296049350536,1.3360230648971196,0.07190540189975536
0.5,1161,415.284880927507,414.96545,416.62085,415.21295,0.3194268259445039,1.335968681867996,0.07192926735075389
0.5,1162,415.284904785195,414.96545,416.6209,415.21295,0.3194506836325104,1.3360058593362396,0.07195312503876039
0.5,1163,415.284928635156,414.96545,416.62088,415.21295,0.31947453359350675,1.3359514917971183,0.07197697499975675
0.5,1164,415.284952477355,414.96545,416.6209,415.21295,0.3194983757924774,1.3359581671762726,0.07200081719872742
0.5,1165,415.284976311777,414.96545,416.62085,415.21295,0.3195222102144726,1.3358732975980274,0.07202465162072258
0.5,1166,415.285000138485,414.96545,416.62082,415.21295,0.31954603692247474,1.3358189533119003,0.07204847832872474
0.5,1167,415.285023957392,414.96545,416.62076,415.21295,0.31956985582951347,1.3357340992486115,0.07207229723576347
0.5,1168,415.2850477686,414.96545,416.62085,415.21295,0.319593667037509,1.335801840774991,0.07209610844375902
0.5,1169,415.285071572022,414.96545,416.62067,415.21295,0.31961747045949096,1.335594931884259,0.07211991186574096
0.5,1170,415.285095367667,414.96545,416.62076,415.21295,0.3196412661044974,1.3356626889736276,0.07214370751074739
0.5,1171,415.285119155533,414.96536,416.62076,415.21295,0.31975660670485695,1.335638901107643,0.07216749537673195
0.5,1172,415.285142935639,414.96536,416.62082,415.21295,0.3197803868108622,1.3356761561578878,0.07219127548273718
0.5,1173,415.285166707959,414.96536,416.62085,415.21295,0.3198041591308538,1.3356829014160212,0.0722150478027288
0.5,1174,415.285190472522,414.96536,416.62094,415.21295,0.3198279236938788,1.3357506895873712,0.0722388123657538
0.5,1175,415.285214229367,414.96536,416.62085,415.21295,0.3198516805388749,1.335635380008,0.07226256921074992
0.5,1176,415.285237978448,414.96536,416.62085,415.21295,0.3198754296198558,1.3356116309270192,0.07228631829173082
0.5,1177,415.285261719791,414.96536,416.62088,415.21295,0.3198991709628558,1.3356184071621442,0.0723100596347308
0.5,1178,415.285285453415,414.96536,416.62085,415.21295,0.31992290458686057,1.3355641559600144,0.07233379325873557
0.5,1179,415.285309179322,414.96536,416.62103,415.21295,0.31994663049385963,1.3357235355217654,0.07235751916573463
0.5,1180,415.285332897536,414.96545,416.62103,415.21295,0.31987879597352276,1.3356998173077272,0.07238123737977276
0.5,1181,415.285356608095,414.96545,416.62112,415.21295,0.3199025065325145,1.3357676594831105,0.07240494793876451
0.5,1182,415.285380311,414.96545,416.6211,415.21295,0.31992620943748307,1.335713439000017,0.07242865084373307
0.5,1183,415.285404006264,414.96545,416.62115,415.21295,0.3199499047015024,1.3357507788922476,0.07245234610775242
0.5,1184,415.285427693874,414.96545,416.6212,415.21295,0.3199735923114986,1.3357576088603764,0.07247603371774858
0.5,1185,415.285451373891,414.96545,416.6212,415.21295,0.3199972723285214,1.3357339288433536,0.07249971373477138
0.5,1186,415.285475046315,414.96545,416.62125,415.21295,0.32002094475251397,1.335771291575611,0.07252338615876397
0.5,1187,415.28549871115,414.96545,416.62122,415.21295,0.32004460958751224,1.3357171091624878,0.07254705099376224
0.5,1188,415.285522368408,414.96545,416.62122,415.21295,0.32006826684551015,1.3356934519044898,0.07257070825176015
0.5,1189,415.285546018001,414.96545,416.62125,415.21295,0.3200919164385141,1.335700319889611,0.07259435784476409
0.5,1190,415.285569660031,414.96545,416.62128,415.21295,0.32011555846850115,1.3357071954377489,0.07261799987475115
0.5,1191,415.285593294528,414.96545,416.62122,415.21295,0.32013919296548465,1.3356225257845153,0.07264163437173465
0.5,1192,415.285616921446,414.96545,416.6213,415.21295,0.3201628198834783,1.3356904516008967,0.07266526128972828
0.5,1193,415.285640540835,414.96545,416.62128,415.21295,0.32018643927250423,1.3356363146337458,0.07268888067875423
0.5,1194,415.285664152648,414.96545,416.62122,415.21295,0.32021005108549616,1.3355516676645038,0.07271249249174616
0.5,1195,415.285687756925,414.96545,416.62122,415.21295,0.32023365536247184,1.3355280633875282,0.07273609676872184
0.5,1196,415.285711353646,414.96545,416.62112,415.21295,0.3202572520834792,1.3354129139321458,0.07275969348972922
0.5,1197,415.285734942802,414.96545,416.6212,415.21295,0.3202808412394802,1.3354503599323948,0.0727832826457302
0.5,1198,415.285758524389,414.96545,416.62115,415.21295,0.32030442282649574,1.3353962607672543,0.07280686423274574
0.5,1199,415.285782098394,414.96545,416.62115,415.21295,0.3203279968315087,1.3353726867622413,0.0728304382377587
0.5,1200,415.285805664808,414.96545,416.626,415.21292,0.320351563245481,1.340201415270144,0.07288452222985597
0.5,1201,415.285829223623,414.96545,416.62585,415.21295,0.32037512206051133,1.3400252685644887,0.07287756346676133
0.5,1202,415.285852774811,414.96545,416.62585,415.21295,0.3203986732485191,1.3400017173764809,0.07290111465476912
0.5,1203,415.285876318387,414.96545,416.62585,415.21295,0.320422216824511,1.339978173800489,0.072924658230761
0.5,1204,415.285899854338,414.96545,416.62585,415.21295,0.32044575277552667,1.3399546378494733,0.07294819418177667
0.5,1205,415.285923382638,414.96545,416.62585,415.21295,0.320469281075475,1.339931109549525,0.07297172248172501
0.5,1206,415.28594690329,414.96545,416.62576,415.21295,0.3204928017274824,1.3398160361631426,0.0729952431337324
0.5,1207,415.285970416273,414.96545,416.62576,415.21295,0.3205163147105168,1.3397925231801082,0.07301875611676678
0.5,1208,415.285993921606,414.96545,416.62576,415.21295,0.320539820043507,1.339769017847118,0.073042261449757
0.5,1209,415.286017419317,414.96545,416.62573,415.21295,0.3205633177544769,1.3397150025580231,0.07306575916072688
0.5,1210,415.286040909369,414.96545,416.62582,415.21295,0.3205868078064782,1.3397830652403968,0.07308924921272819
0.5,1211,415.286064391764,414.96545,416.6257,415.21295,0.32061029020150045,1.3396375125328746,0.07311273160775045
0.5,1212,415.286087866504,414.96545,416.62576,415.21295,0.32063376494147633,1.3396750729491487,0.07313620634772633
0.5,1213,415.286111333552,414.96545,416.62576,415.21295,0.32065723198951446,1.3396516059011105,0.07315967339576446
0.5,1214,415.286134792918,414.96536,416.62576,415.21295,0.3207722440898806,1.3396281465351194,0.07318313276175559
0.5,1215,415.286158244649,414.96536,416.62585,415.21295,0.32079569582089107,1.339696247538484,0.07320658449276607
0.5,1216,415.286181688701,414.96536,416.62582,415.21295,0.32081913987286725,1.3396422859083827,0.07323002854474225
0.5,1217,415.286205125114,414.96536,416.62595,415.21292,0.32084257628588375,1.3397409198078662,0.07328398253588375
0.5,1218,415.286228553861,414.96536,416.62592,415.21295,0.3208660050328831,1.339686973482742,0.0732768937047581
0.5,1219,415.286251974968,414.96536,416.62582,415.21295,0.32088942613989957,1.3395719996413504,0.07330031481177457
0.5,1220,415.286275388462,414.96536,416.626,415.21292,0.32091283963387696,1.339731691616123,0.07335424588387696
0.5,1221,415.286298794342,414.96536,416.62595,415.21292,0.3209362455138489,1.339647250579901,0.07337765176384892
0.5,1222,415.286322192631,414.96536,416.62595,415.21292,0.3209596438028939,1.3396238522908561,0.07340105005289388
0.5,1223,415.286345583337,414.96545,416.62595,415.21295,0.32089148177448124,1.3396004615848938,0.07339392318073124
0.5,1224,415.286368966465,414.96545,416.62598,415.21292,0.3209148649024769,1.339607596035023,0.07344782388685189
0.5,1225,415.286392342042,414.96545,416.6261,415.21292,0.3209382404795065,1.3397062907704935,0.07347119946388148
0.5,1226,415.286415710088,414.96545,416.62616,415.21292,0.320961608525522,1.339743957880728,0.07349456750989702
0.5,1227,415.286439070651,414.96545,416.6262,415.21292,0.3209849690884994,1.3397511148958756,0.07351792807287438
0.5,1228,415.286462423702,414.96545,416.62628,415.21292,0.32100832213950525,1.3398193145792447,0.07354128112388025
0.5,1229,415.28648576925,414.96545,416.62628,415.21292,0.3210316676875209,1.339795969031229,0.0735646266718959
0.5,1230,415.286509107251,414.96545,416.62628,415.21292,0.32105500568849266,1.3397726310302573,0.07358796467286766
0.5,1231,415.28653243777,414.96545,416.62643,415.21292,0.32107833620750625,1.3399018884018687,0.07361129519188125
0.5,1232,415.286555760812,414.96545,416.62634,415.21292,0.32110165924950707,1.339787012625493,0.07363461823388207
0.5,1233,415.286579076408,414.96545,416.62628,415.21292,0.32112497484547475,1.3397026618732752,0.07365793382984975
0.5,1234,415.286602384565,414.96545,416.6263,415.21292,0.32114828300251475,1.3397098712943603,0.07368124198688975
0.5,1235,415.28662568525,414.96545,416.62628,415.21292,0.3211715836874873,1.3396560530312627,0.07370454267186233
0.5,1236,415.286648978496,414.96545,416.62625,415.21292,0.32119487693347537,1.3396022422071496,0.07372783591785037
0.5,1237,415.286672264322,414.96545,416.62628,415.21292,0.3212181627595214,1.3396094739592286,0.07375112174389642
0.5,1238,415.28669554267,414.96545,416.62628,415.21292,0.32124144110747466,1.3395861956112753,0.07377440009184966
0.5,1239,415.286718813555,414.96545,416.62616,415.21292,0.3212647119925123,1.3394408544137377,0.07379767097688728
0.5,1240,415.286742076978,414.96545,416.62625,415.21292,0.3212879754154869,1.339509143725138,0.07382093439986193
0.5,1241,415.286765332934,414.96545,416.62625,415.21292,0.3213112313715101,1.339485887769115,0.07384419035588508
0.5,1242,415.286788581408,414.96545,416.62616,415.21292,0.3213344798455182,1.3393710865607318,0.07386743882989322
0.5,1243,415.286811822384,414.96545,416.6262,415.21292,0.3213577208214815,1.3393783631628935,0.07389067980585651
0.5,1244,415.286835055861,414.96545,416.6261,415.21292,0.32138095429849045,1.3392635769515095,0.07391391328286545
0.5,1245,415.286858281825,414.96545,416.62622,415.21292,0.3214041802625047,1.3393624212999953,0.07393713924687972
0.5,1246,415.286881500284,414.96545,416.62607,415.21292,0.3214273987214824,1.3391866149503926,0.0739603577058574
0.5,1247,415.286904711186,414.96545,416.6261,415.21292,0.32145060962352545,1.3391939216264745,0.07398356860790045
0.5,1248,415.286927914569,414.96545,416.62607,415.21292,0.3214738130064916,1.3391402006653834,0.07400677199086658
0.5,1249,415.286951110378,414.96545,416.62604,415.21292,0.3214970088155269,1.339086487278223,0.0740299677999019
0.5,1250,415.286974298641,414.96545,416.626,415.21292,0.32152019707848467,1.3390327814371403,0.07405315606285967
0.5,1251,415.286997479393,414.96545,416.62607,415.21292,0.32154337783049414,1.3390706358413809,0.07407633681486914
0.5,1252,415.287020652553,414.96545,416.626,415.21292,0.3215665509904966,1.3389864275251284,0.07409950997487158
0.5,1253,415.287043818221,414.96545,416.626,415.21292,0.3215897166584796,1.3389632618571454,0.07412267564285457
0.5,1254,415.287066976315,414.96545,416.62592,415.21295,0.3216128747524749,1.338848551028775,0.07411531615872491
0.5,1255,415.287090126835,414.96545,416.62585,415.21295,0.3216360252724826,1.3387643653525174,0.07413846667873258
0.5,1256,415.287113269787,414.96536,416.62592,415.21295,0.321750720958903,1.338802257556722,0.074161609630778
0.5,1257,415.287136405184,414.96536,416.626,415.21292,0.3217738563558896,1.3388706748941104,0.07421526260588962
0.5,1258,415.287159533007,414.96536,416.62595,415.21292,0.3217969841788886,1.3387865119148614,0.07423839042888858
0.5,1259,415.287182653279,414.96536,416.62598,415.21292,0.3218201044508646,1.3387939092210104,0.07426151070086462
0.5,1260,415.287205766041,414.96536,416.62604,415.21292,0.3218432172128587,1.3388318316152663,0.07428462346285869
0.5,1261,415.287228871249,414.96536,416.62604,415.21292,0.321866322420874,1.338808726407251,0.07430772867087398
0.5,1262,415.287251968927,414.96536,416.6261,415.21292,0.3218894200988984,1.3388466638854766,0.07433082634889843
0.5,1263,415.2872750591,414.96536,416.6262,415.21292,0.3219125102718863,1.3389151264468637,0.07435391652188628
0.5,1264,415.287298141768,414.96536,416.62622,415.21292,0.3219355929398944,1.3389225613569806,0.07437699918989438
0.5,1265,415.28732121695,414.96545,416.62616,415.21292,0.3218671153874766,1.3388384510187734,0.07440007437185159
0.5,1266,415.287344284686,414.96545,416.6262,415.21292,0.32189018312351436,1.3388459008608606,0.07442314210788936
0.5,1267,415.287367344981,414.96545,416.6262,415.21292,0.32191324341852123,1.3388228405658538,0.07444620240289623
0.5,1268,415.287390397842,414.96545,416.6263,415.21292,0.32193629627948894,1.338921858017386,0.07446925526386394
0.5,1269,415.287413443275,414.96545,416.62637,415.21292,0.32195934171249974,1.3389598477406253,0.07449230069687474
0.5,1270,415.287436481309,414.96545,416.62637,415.21292,0.3219823797464869,1.338936809706638,0.07451533873086191
0.5,1271,415.287459511957,414.96545,416.6264,415.21292,0.32200541039452446,1.3389442966367255,0.07453836937889946
0.5,1272,415.287482535222,414.96545,416.62637,415.21292,0.3220284336595114,1.3388907557936136,0.07456139264388639
0.5,1273,415.287505551061,414.96545,416.62643,415.21292,0.3220514494984741,1.338928775110901,0.07458440848284908
0.5,1274,415.287528559503,414.96545,416.62646,415.21292,0.32207445794051637,1.3389362842469836,0.07460741692489137
0.5,1275,415.287551560595,414.96545,416.62653,415.21292,0.3220974590324772,1.3389743183112728,0.07463041801685222
0.5,1276,415.287574554358,414.96545,416.6266,415.21292,0.3221204527955024,1.3390123597044976,0.07465341177987739
0.5,1277,415.287597540748,414.96545,416.62643,415.21292,0.3221434391854814,1.3388367854238936,0.07467639816985638
0.5,1278,415.287620519813,414.96545,416.62653,415.21292,0.32216641825050374,1.3389053590932463,0.07469937723487874
0.5,1279,415.287643491513,414.96545,416.6264,415.21292,0.32218938995049484,1.3387603170807552,0.07472234893486984
0.5,1280,415.28766645588,414.96545,416.62646,415.21292,0.3222123543175144,1.3387983878699856,0.07474531330188938
0.5,1281,415.287689412892,414.96545,416.6265,415.21292,0.3222353113295071,1.3388059484361179,0.07476827031388211
0.5,1282,415.28771236255,414.96545,416.6264,415.21292,0.3222582609874962,1.3386914460437538,0.07479121997187121
0.5,1283,415.287735304837,414.96545,416.6264,415.21292,0.3222812032744855,1.3386685037567645,0.0748141622588605
0.5,1284,415.287758239754,414.96545,416.62643,415.21292,0.32230413819149817,1.3386760864178768,0.07483709717587317
0.5,1285,415.287781167285,414.96545,416.62634,415.21292,0.32232706572250436,1.3385616061524956,0.07486002470687936
0.5,1286,415.28780408741,414.96545,416.62643,415.21292,0.3223499858474952,1.3386302387618798,0.07488294483187019
0.5,1287,415.287827000122,414.96545,416.62637,415.21292,0.3223728985594789,1.338546290893646,0.07490585754385393
0.5,1288,415.287849905417,414.96545,416.62628,415.21292,0.3223958038544765,1.3384318328642735,0.07492876283885153
0.5,1289,415.287872803299,414.96545,416.62628,415.21292,0.32241870173652387,1.3384089349822261,0.07495166072089887
0.5,1290,415.287895693733,414.96545,416.62628,415.21292,0.32244159217049173,1.3383860445482583,0.07497455115486673
0.5,1291,415.287918576726,414.96545,416.62628,415.21292,0.32246447516348553,1.3383631615552645,0.07499743414786053
0.5,1292,415.287941452247,414.96545,416.62622,415.21292,0.3224873506845256,1.3382792508779744,0.07502030966890061
0.5,1293,415.287964320328,414.96545,416.6262,415.21292,0.3225102187655011,1.3382258652188739,0.07504317774987612
0.5,1294,415.287987180994,414.96545,416.62616,415.21292,0.32253307943148,1.33817248697477,0.07506603841585502
0.5,1295,415.288010034205,414.96545,416.6262,415.21292,0.3225559326425014,1.3381801513418736,0.07508889162687638
0.5,1296,415.288032879971,414.96545,416.6262,415.21292,0.3225787784085128,1.3381573055758622,0.07511173739288779
0.5,1297,415.28805571828,414.96545,416.62613,415.21292,0.3226016167175203,1.3380734321106047,0.0751345757018953
0.5,1298,415.288078549103,414.96545,416.62622,415.21292,0.3226244475404769,1.338142154022023,0.07515740652485192
0.5,1299,415.288101372437,414.96536,416.62613,415.21292,0.32273882360885864,1.3380277779536414,0.07518022985885864
0.5,1300,415.288124188351,414.96536,416.6262,415.21292,0.3227616395228665,1.3380659971958835,0.07520304577286652
0.5,1301,415.288146996791,414.96536,416.62625,415.21292,0.3227844479628743,1.3381042239121257,0.07522585421287431
0.5,1302,415.288169797794,414.96536,416.62628,415.21292,0.3228072489658871,1.338111940487238,0.07524865521588708
0.5,1303,415.28819259135,414.96536,416.62628,415.21292,0.3228300425219004,1.3380891469312246,0.0752714487719004
0.5,1304,415.288215377462,414.96536,416.62628,415.21292,0.3228528286338701,1.338066360819255,0.0752942348838701
0.5,1305,415.288238156162,414.96536,416.62634,415.21292,0.3228756073338559,1.338104617275519,0.0753170135838559
0.5,1306,415.288260927471,414.96536,416.62634,415.21292,0.32289837864288984,1.3380818459664852,0.07533978489288984
0.5,1307,415.288283691391,414.96536,416.62646,415.21292,0.32292114256284776,1.3381811523590272,0.07536254881284776
0.5,1308,415.288306447937,414.96545,416.6264,415.21292,0.322852346374475,1.338097360656775,0.07538530535885002
0.5,1309,415.288329197109,414.96545,416.62656,415.21292,0.3228750955465216,1.3382271993753534,0.0754080545308966
0.5,1310,415.288351938937,414.96545,416.62656,415.21292,0.32289783737451216,1.3382044575473628,0.07543079635888716
0.5,1311,415.288374673442,414.96545,416.6266,415.21292,0.32292057187947876,1.3382122406205212,0.07545353086385376
0.5,1312,415.288397400677,414.96545,416.62668,415.21292,0.32294329911451314,1.3382810661198619,0.07547625809888814
0.5,1313,415.2884201206,414.96545,416.62668,415.21292,0.32296601903749433,1.3382583461968807,0.07549897802186933
0.5,1314,415.288442833228,414.96545,416.6267,415.21292,0.32298873166547537,1.3382661511470246,0.07552169064985037
0.5,1315,415.288465538513,414.96545,416.6267,415.21292,0.3230114369504804,1.3382434458620196,0.0755443959348554
0.5,1316,415.288488236525,414.96545,416.62662,415.21292,0.3230341349624837,1.3381291951156413,0.07556709394685868
0.5,1317,415.288510927264,414.96545,416.62674,415.21292,0.3230568257014852,1.3382285746891398,0.0755897846858602
0.5,1318,415.28853361076,414.96545,416.62674,415.21292,0.3230795091974983,1.3382058911931267,0.07561246818187328
0.5,1319,415.288556287021,414.96545,416.62674,415.21292,0.323102185458481,1.338183214932144,0.07563514444285602
0.5,1320,415.288578956015,414.96545,416.6267,415.21292,0.3231248544524874,1.3381300283600126,0.0756578134368624
0.5,1321,415.288601617772,414.96545,416.6267,415.21292,0.3231475162094739,1.338107366603026,0.0756804751938489
0.5,1322,415.288624272312,414.96545,416.6267,415.21292,0.32317017074950627,1.3380847120629937,0.07570312973388127
0.5,1323,415.288646919593,414.96545,416.62674,415.21292,0.32319281803052036,1.3380925823601046,0.07572577701489536
0.5,1324,415.288669559601,414.96545,416.62662,415.21292,0.32321545803847584,1.3379478720396492,0.07574841702285084
0.5,1325,415.288692192343,414.96545,416.62662,415.21292,0.32323809078047816,1.3379252392976468,0.07577104976485316
0.5,1326,415.288714817825,414.96545,416.62665,415.21292,0.32326071626249586,1.3379331313937541,0.07579367524687086
0.5,1327,415.288737436024,414.96545,416.62668,415.21292,0.32328333446150737,1.3379410307728676,0.07581629344588237
0.5,1328,415.288760046926,414.96545,416.62662,415.21292,0.32330594536347235,1.3378573847146527,0.07583890434784735
0.5,1329,415.288782650531,414.96545,416.6266,415.21292,0.3233285489685045,1.3378042635314955,0.07586150795287949
0.5,1330,415.28880524683,414.96545,416.62653,415.21292,0.32335114526750885,1.3377206320762411,0.07588410425188385
0.5,1331,415.288827835825,414.96545,416.62656,415.21292,0.32337373426247495,1.3377285606594,0.07590669324684995
0.5,1332,415.28885041746,414.96545,416.62646,415.21292,0.3233963158975257,1.3376144262899743,0.07592927488190071
0.5,1333,415.288872991774,414.96545,416.62643,415.21292,0.3234188902114852,1.3375613343978898,0.07595184919586018
0.5,1334,415.28889555872,414.96545,416.62646,415.21292,0.3234414571575144,1.3375692850299856,0.07597441614188938
0.5,1335,415.288918118321,414.96545,416.62646,415.21292,0.3234640167585212,1.3375467254289788,0.07599697574289621
0.5,1336,415.288940670619,414.96545,416.62637,415.21292,0.32348656905651296,1.337432620396612,0.07601952804088796
0.5,1337,415.288963215529,414.96545,416.6264,415.21292,0.3235091139665087,1.3374405930647413,0.07604207295088372
0.5,1338,415.288985753139,414.96545,416.62643,415.21292,0.3235316515765021,1.337448573032873,0.0760646105608771
0.5,1339,415.289008283377,414.96545,416.62646,415.21292,0.3235541818144725,1.3374565603730275,0.07608714079884749
0.5,1340,415.289030806245,414.96545,416.62653,415.21292,0.3235767046825231,1.337495072661227,0.07610966366689809
0.5,1341,415.289053321746,414.96536,416.62653,415.21292,0.3236907729178711,1.337472557160254,0.07613217916787107
0.5,1342,415.289075829901,414.96536,416.6265,415.21292,0.32371328107285535,1.3374195314271446,0.07615468732285535
0.5,1343,415.289098330678,414.96536,416.62653,415.21292,0.3237357818498481,1.337427548228277,0.07617718809984808
0.5,1344,415.289120824119,414.96536,416.62656,415.21292,0.32375827529085655,1.3374355723653935,0.07619968154085655
0.5,1345,415.289143310236,414.96536,416.62656,415.21292,0.3237807614078747,1.3374130862483753,0.0762221676578747
0.5,1346,415.289165789006,414.96536,416.6266,415.21292,0.323803240177881,1.337421125056494,0.07624464642788098
0.5,1347,415.289188260453,414.96536,416.62674,415.21292,0.3238257116248633,1.3375512415001367,0.07626711787486329
0.5,1348,415.289210724594,414.96536,416.62668,415.21292,0.32384817576587466,1.3374677422028753,0.07628958201587466
0.5,1349,415.289233181436,414.96536,416.62677,415.21292,0.32387063260785,1.337536838095275,0.07631203885784998
0.5,1350,415.289255631001,414.96545,416.62668,415.21292,0.32380152943852636,1.3374228357958486,0.07633448842290136
0.5,1351,415.289278073312,414.96545,416.62665,415.21292,0.32382397174950484,1.3373698759067452,0.07635693073387984
0.5,1352,415.289300508392,414.96545,416.62674,415.21292,0.32384640682948884,1.3374389935611362,0.07637936581386384
0.5,1353,415.289322936237,414.96545,416.62674,415.21292,0.32386883467449934,1.3374165657161257,0.07640179365887434
0.5,1354,415.289345356852,414.96545,416.62683,415.21292,0.3238912552894817,1.3374856978355183,0.0764242142738567
0.5,1355,415.289367770274,414.96545,416.6268,415.21292,0.32391366871149785,1.3374327668353772,0.07644662769587285
0.5,1356,415.289390176521,414.96545,416.62683,415.21292,0.3239360749585103,1.3374408781664897,0.07646903394288529
0.5,1357,415.289412575593,414.96545,416.62686,415.21292,0.32395847403051903,1.337448996672606,0.07649143301489403
0.5,1358,415.289434967471,414.96545,416.62683,415.21292,0.3239808659084815,1.3373960872165185,0.07651382489285652
0.5,1359,415.289457352123,414.96545,416.62692,415.21292,0.3240032505605086,1.3374652552988664,0.0765362095448836
0.5,1360,415.289479729616,414.96545,416.62704,415.21292,0.324025628053505,1.33756494811837,0.07655858703787999
0.5,1361,415.289502099979,414.96545,416.627,415.21292,0.32404799841651766,1.3375120601772323,0.07658095740089266
0.5,1362,415.289524463168,414.96545,416.62695,415.21292,0.32407036160549296,1.337428661832007,0.07660332058986796
0.5,1363,415.289546819231,414.96545,416.62695,415.21292,0.32409271766852044,1.3374063057689796,0.07662567665289544
0.5,1364,415.289569168131,414.96545,416.6269,415.21292,0.3241150665684813,1.3373229217127687,0.07664802555285632
0.5,1365,415.289591509899,414.96545,416.62692,415.21292,0.3241374083365258,1.3373310975228492,0.07667036732090082
0.5,1366,415.289613844512,414.96545,416.62695,415.21292,0.32415974294951866,1.3373392804879813,0.07669270193389366
0.5,1367,415.289636171969,414.96545,416.62692,415.21292,0.3241820704064935,1.3372864354528815,0.0767150293908685
0.5,1368,415.289658492258,414.96545,416.62686,415.21292,0.3242043906955132,1.3372030800076118,0.07673734967988821
0.5,1369,415.289680805372,414.96545,416.62683,415.21292,0.3242267038094724,1.3371502493155276,0.07675966279384738
0.5,1370,415.289703111302,414.96545,416.62683,415.21292,0.32424900973950344,1.3371279433854966,0.07678196872387844
0.5,1371,415.289725410024,414.96545,416.62677,415.21292,0.32427130846150476,1.3370446095072452,0.07680426744587976
0.5,1372,415.28974770153,414.96545,416.62683,415.21292,0.3242935999675183,1.3370833531574817,0.07682655895189328
0.5,1373,415.289769985826,414.96545,416.62674,415.21292,0.32431588426351254,1.3369695161271125,0.07684884324788754
0.5,1374,415.289792262898,414.96545,416.6267,415.21292,0.3243381613355041,1.336916721476996,0.07687112031987908
0.5,1375,415.28981453272,414.96545,416.62668,415.21292,0.32436043115751545,1.3368639340768596,0.07689339014189045
0.5,1376,415.289836795301,414.96545,416.62665,415.21292,0.3243826937385279,1.336811153917722,0.0769156527229029
0.5,1377,415.289859050608,414.96545,416.6267,415.21292,0.3244049490455154,1.3368499337669846,0.07693790802989042
0.5,1378,415.28988129868,414.96545,416.62665,415.21292,0.3244271971174726,1.3367666505387774,0.07696015610184759
0.5,1379,415.289903539538,414.96545,416.62665,415.21292,0.3244494379754883,1.3367444096807617,0.07698239695986331
0.5,1380,415.289925773135,414.96545,416.62668,415.21292,0.32447167157249623,1.3367526936618788,0.07700463055687123
0.5,1381,415.289947999485,414.96545,416.62668,415.21292,0.32449389792247985,1.3367304673118952,0.07702685690685485
0.5,1382,415.289970218578,414.96545,416.62656,415.21292,0.32451611701549155,1.3365861779063835,0.07704907599986655
0.5,1383,415.289992430387,414.96545,416.62668,415.21292,0.32453832882447387,1.3366860364099011,0.07707128780884887
0.5,1384,415.29001463491,414.96536,416.62674,415.21292,0.32465208608186913,1.3367248670431309,0.07709349233186913
0.5,1385,415.290036832209,414.96536,416.62668,415.21292,0.32467428338088666,1.3366416345878633,0.07711568963088666
0.5,1386,415.290059022232,414.96536,416.62665,415.21292,0.32469647340388974,1.3365889269867353,0.07713787965388974
0.5,1387,415.290081205025,414.96536,416.6268,415.21292,0.3247186561968647,1.3367193320843853,0.07716006244686469
0.5,1388,415.290103380564,414.96536,416.62683,415.21292,0.3247408317358804,1.3367276741234946,0.07718223798588042
0.5,1389,415.290125548863,414.96536,416.6269,415.21292,0.3247630000348636,1.3367665409807614,0.07720440628486358
0.5,1390,415.290147709951,414.96536,416.62686,415.21292,0.32478516112286115,1.3367138623146388,0.07722656737286115
0.5,1391,415.290169863846,414.96536,416.62692,415.21292,0.3248073150178925,1.3367527435758575,0.0772487212678925
0.5,1392,415.290192010557,414.96536,416.62698,415.21292,0.32482946172888205,1.336791632021118,0.07727086797888205
0.5,1393,415.290214150089,414.96545,416.62695,415.21292,0.32476004852651386,1.3367389749109861,0.07729300751088886
0.5,1394,415.290236282453,414.96545,416.62704,415.21292,0.3247821808905087,1.3368083952813663,0.0773151398748837
0.5,1395,415.290258407674,414.96545,416.62698,415.21292,0.3248043061115027,1.3367252349041223,0.07733726509587768
0.5,1396,415.290280525773,414.96545,416.62704,415.21292,0.3248264242105279,1.3367641519613471,0.07735938319490288
0.5,1397,415.2903026368,414.96545,416.62695,415.21292,0.3248485352374928,1.3366504882000072,0.0773814942218678
0.5,1398,415.290324740719,414.96545,416.6271,415.21292,0.3248706391564724,1.3367809721716526,0.07740359814084741
0.5,1399,415.290346837539,414.96545,416.6271,415.21292,0.3248927359765048,1.3367588753516202,0.07742569496087981
0.5,1400,415.290368927217,414.96545,416.6271,415.21292,0.3249148256545027,1.3367367856736223,0.07744778463887769
0.5,1401,415.290391009818,414.96545,416.6271,415.21292,0.3249369082554949,1.33671470307263,0.07746986723986993
0.5,1402,415.290413085352,414.96545,416.6271,415.21292,0.32495898378948596,1.336692627538639,0.07749194277386096
0.5,1403,415.290435153839,414.96545,416.62714,415.21292,0.32498105227648466,1.3367010766297653,0.07751401126085966
0.5,1404,415.29045721529,414.96545,416.62698,415.21292,0.32500311372751867,1.3365264272881063,0.07753607271189367
0.5,1405,415.290479269678,414.96545,416.6271,415.21292,0.32502516811547366,1.3366264432126513,0.07755812709984866
0.5,1406,415.29050131702,414.96545,416.6271,415.21292,0.32504721545751636,1.3366043958706086,0.07758017444189136
0.5,1407,415.290523357345,414.96545,416.6271,415.21292,0.3250692557825232,1.3365823555456018,0.07760221476689821
0.5,1408,415.290545390607,414.96545,416.62708,415.21292,0.3250912890445079,1.336529804705492,0.0776242480288829
0.5,1409,415.290567416789,414.96545,416.62708,415.21292,0.32511331522647424,1.3365077785235258,0.07764627421084924
0.5,1410,415.290589435906,414.96545,416.62698,415.21292,0.32513533434348574,1.3363942066721393,0.07766829332786074
0.5,1411,415.290611447952,414.96545,416.627,415.21292,0.325157346389517,1.336402712204233,0.07769030537389199
0.5,1412,415.290633452904,414.96545,416.62695,415.21292,0.32517935134148956,1.3363196720960104,0.07771231032586456
0.5,1413,415.290655450765,414.96545,416.62686,415.21292,0.325201349202473,1.336206121500652,0.07773430818684801
0.5,1414,415.290677441526,414.96545,416.62683,415.21292,0.32522333996348607,1.336153613161514,0.07775629894786107
0.5,1415,415.290699425183,414.96545,416.62677,415.21292,0.32524532362049285,1.3360705943482571,0.07777828260486785
0.5,1416,415.290721401715,414.96545,416.6268,415.21292,0.32526730015251815,1.3360791353943569,0.07780025913689315
0.5,1417,415.290743371089,414.96545,416.62677,415.21292,0.3252892695264791,1.336026648442271,0.07782222851085407
0.5,1418,415.290765333318,414.96545,416.62683,415.21292,0.32531123175550647,1.3360657213694935,0.07784419073988147
0.5,1419,415.290787288399,414.96545,416.62695,415.21292,0.32533318683647394,1.336165836601026,0.07786614582084894
0.5,1420,415.290809236359,414.96545,416.62692,415.21292,0.3253551347964958,1.3361133710628792,0.0778880937808708
0.5,1421,415.290831177189,414.96545,416.62695,415.21292,0.3253770756264771,1.336121947811023,0.07791003461085211
0.5,1422,415.290853110814,414.96545,416.62683,415.21292,0.32539900925149823,1.3359779438735018,0.07793196823587323
0.5,1423,415.290875037346,414.96545,416.62686,415.21292,0.32542093578348386,1.3359865349196411,0.07795389476785886
0.5,1424,415.290896956683,414.96545,416.62692,415.21292,0.32544285512051374,1.3360256507388613,0.07797581410488874
0.5,1425,415.290918868859,414.96545,416.62683,415.21292,0.3254647672965234,1.3359121858284766,0.0779977262808984
0.5,1426,415.290940773866,414.96536,416.6269,415.21292,0.3255782250378729,1.335951315977752,0.07801963128787293
0.5,1427,415.290962671715,414.96536,416.62686,415.21292,0.32560012288689677,1.3358989005506032,0.07804152913689677
0.5,1428,415.290984562385,414.96536,416.6269,415.21292,0.32562201355688103,1.335907527458744,0.07806341980688103
0.5,1429,415.291006445915,414.96536,416.62686,415.21292,0.32564389708687713,1.3358551263506229,0.07808530333687713
0.5,1430,415.291028322318,414.96536,416.627,415.21292,0.3256657734899022,1.3359858378382228,0.07810717973990222
0.5,1431,415.291050191574,414.96536,416.62692,415.21292,0.32568764274589057,1.3358724158478594,0.07812904899589057
0.5,1432,415.291072053699,414.96536,416.627,415.21292,0.325709504870872,1.335942106457253,0.07815091112087202
0.5,1433,415.29109390872,414.96536,416.627,415.21292,0.3257313598918472,1.3359202514362778,0.0781727661418472
0.5,1434,415.291115756639,414.96545,416.6271,415.21292,0.3256616550764875,1.3359899562516375,0.07819461406086248
0.5,1435,415.29113759748,414.96545,416.6271,415.21292,0.3256834959174739,1.335968115410651,0.07821645490184892
0.5,1436,415.291159431268,414.96545,416.6271,415.21292,0.3257053297054995,1.3359462816226255,0.07823828868987448
0.5,1437,415.291181258017,414.96545,416.6272,415.21292,0.3257271564544908,1.3360160076080092,0.0782601154388658
0.5,1438,415.291203077732,414.96545,416.6272,415.21292,0.32574897616950693,1.335994187892993,0.07828193515388193
0.5,1439,415.291224890417,414.96545,416.62723,415.21292,0.3257707888545269,1.336002892786098,0.07830374783890193
0.5,1440,415.2912466961,414.96545,416.62726,415.21292,0.32579259453751774,1.3360116046812323,0.07832555352189274
0.5,1441,415.291268494809,414.96545,416.6273,415.21292,0.3258143932465032,1.3360203235503718,0.07834735223087819
0.5,1442,415.291290286534,414.96545,416.62732,415.21292,0.3258361849714788,1.3360290494035212,0.07836914395585381
0.5,1443,415.291312071202,414.96545,416.62726,415.21292,0.3258579696395145,1.3359462295792355,0.07839092862388952
0.5,1444,415.291333848898,414.96545,416.62732,415.21292,0.32587974733547753,1.3359854870395225,0.07841270631985253
0.5,1445,415.291355619639,414.96545,416.62735,415.21292,0.3259015180764777,1.3359942338766473,0.07843447706085271
0.5,1446,415.291377383445,414.96545,416.62738,415.21292,0.32592328188252395,1.336002987648726,0.07845624086689895
0.5,1447,415.291399140273,414.96545,416.62738,415.21292,0.3259450387104721,1.335981230820778,0.07847799769484709
0.5,1448,415.291420890175,414.96545,416.6273,415.21292,0.3259667886125044,1.3358679281843706,0.07849974759687939
0.5,1449,415.291442633103,414.96545,416.6272,415.21292,0.32598853154047447,1.3357546325220255,0.07852149052484947
0.5,1450,415.291464369093,414.96545,416.62732,415.21292,0.3260102675304779,1.335854966844522,0.0785432265148529
0.5,1451,415.291486098123,414.96545,416.62717,415.21292,0.3260319965605163,1.3356806499238587,0.07856495554489129
0.5,1452,415.29150782019,414.96545,416.62726,415.21292,0.3260537186275201,1.33575048059123,0.07858667761189508
0.5,1453,415.29152953528,414.96545,416.6272,415.21292,0.3260754337175058,1.3356677303449942,0.0786083927018808
0.5,1454,415.291551243389,414.96545,416.6271,415.21292,0.3260971418264944,1.3355544695016306,0.07863010081086941
0.5,1455,415.291572944506,414.96545,416.62708,415.21292,0.3261188429435151,1.3355022508064849,0.07865180192789012
0.5,1456,415.291594638611,414.96545,416.6271,415.21292,0.3261405370485022,1.3355110742796228,0.07867349603287721
0.5,1457,415.291616325694,414.96545,416.62708,415.21292,0.3261622241315081,1.335458869618492,0.07869518311588308
0.5,1458,415.291638005758,414.96545,416.6271,415.21292,0.3261839041954886,1.3354677071326364,0.0787168631798636
0.5,1459,415.291659678794,414.96545,416.62695,415.21292,0.32620557723151933,1.3352934462059807,0.07873853621589433
0.5,1460,415.291681344773,414.96545,416.62698,415.21292,0.32622724321049645,1.3353022978051285,0.07876020219487145
0.5,1461,415.291703003706,414.96545,416.62704,415.21292,0.32624890214350444,1.3353416740283706,0.07878186112787944
0.5,1462,415.29172465556,414.96545,416.62698,415.21292,0.32627055399751725,1.3352589870181077,0.07880351298189225
0.5,1463,415.29174630036,414.96545,416.6271,415.21292,0.32629219879748916,1.3353594125306358,0.07882515778186416
0.5,1464,415.291767938153,414.96545,416.62704,415.21292,0.3263138365904865,1.3352767395813885,0.07884679557486152
0.5,1465,415.291789568881,414.96545,416.62704,415.21292,0.3263354673184722,1.3352551088534028,0.07886842630284718
0.5,1466,415.291811192542,414.96545,416.6271,415.21292,0.3263570909795135,1.3352945203486115,0.07889004996388849
0.5,1467,415.291832809153,414.96545,416.62708,415.21292,0.3263787075904929,1.335242386159507,0.07891166657486792
0.5,1468,415.291854418666,414.96545,416.6271,415.21292,0.3264003171034915,1.3352512942246335,0.07893327608786649
0.5,1469,415.291876021087,414.96536,416.6271,415.21292,0.32651347225885274,1.3352296918036473,0.07895487850885274
0.5,1470,415.291897616461,414.96536,416.6271,415.21292,0.3265350676328467,1.3352080964296533,0.07897647388284668
0.5,1471,415.291919204784,414.96536,416.62714,415.21292,0.32655665595586925,1.3352170256847558,0.07899806220586925
0.5,1472,415.291940786045,414.96536,416.6272,415.21292,0.32657823721689283,1.3352564795799822,0.07901964346689283
0.5,1473,415.291962360285,414.96536,416.62714,415.21292,0.32659981145690153,1.3351738701837235,0.07904121770690153
0.5,1474,415.291983927464,414.96536,416.62714,415.21292,0.3266213786358776,1.3351523030047474,0.07906278488587759
0.5,1475,415.292005487622,414.96536,416.62717,415.21292,0.3266429387938956,1.3351612604248544,0.07908434504389561
0.5,1476,415.292027040782,414.96536,416.6272,415.21292,0.3266644919538635,1.3351702248430115,0.07910589820386349
0.5,1477,415.292048586956,414.96536,416.62723,415.21292,0.3266860381278889,1.3351791962471111,0.07912744437788888
0.5,1478,415.292070126146,414.96545,416.62726,415.21292,0.3266160245834726,1.3351881746352774,0.07914898356784761
0.5,1479,415.292091658364,414.96545,416.62738,415.21292,0.32663755680147233,1.3352887127297777,0.07917051578584733
0.5,1480,415.292113183638,414.96545,416.62744,415.21292,0.32665908207548,1.33532822261202,0.079192041059855
0.5,1481,415.292134701978,414.96545,416.62738,415.21292,0.32668060041550007,1.33524566911575,0.07921355939987507
0.5,1482,415.292156213443,414.96545,416.62732,415.21292,0.32670211188047915,1.3351631224945208,0.07923507086485415
0.5,1483,415.292177717991,414.96545,416.6274,415.21292,0.32672361642852366,1.3352331706808513,0.07925657541289866
0.5,1484,415.292199215638,414.96545,416.62744,415.21292,0.3267451140754929,1.335242190612007,0.07927807305986789
0.5,1485,415.292220706335,414.96545,416.62744,415.21292,0.3267666047725015,1.3352206999149985,0.07929956375687652
0.5,1486,415.292242190169,414.96545,416.62744,415.21292,0.32678808860652,1.33519921608098,0.07932104759089498
0.5,1487,415.292263667114,414.96545,416.62753,415.21292,0.32680956555151397,1.335269291870361,0.07934252453588897
0.5,1488,415.292285137199,414.96545,416.6274,415.21292,0.32683103563647364,1.3351257514729014,0.07936399462084864
0.5,1489,415.292306600444,414.96545,416.62747,415.21292,0.32685249888152157,1.3351653233841034,0.07938545786589657
0.5,1490,415.292328056821,414.96545,416.6275,415.21292,0.32687395525852025,1.3351743845852297,0.07940691424289525
0.5,1491,415.292349506346,414.96545,416.62753,415.21292,0.32689540478349954,1.3351834526383755,0.07942836376787454
0.5,1492,415.292370949048,414.96545,416.6276,415.21292,0.3269168474855064,1.3352230450926186,0.07944980646988142
0.5,1493,415.292392384879,414.96545,416.62747,415.21292,0.3269382833165082,1.3350795389491168,0.0794712423008832
0.5,1494,415.292413813813,414.96545,416.62756,415.21292,0.32695971225052745,1.3351496627494726,0.07949267123490245
0.5,1495,415.292435235875,414.96545,416.6275,415.21292,0.3269811343125184,1.3350672055312316,0.0795140932968934
0.5,1496,415.292456651062,414.96545,416.62738,415.21292,0.32700254949952523,1.3349237200317248,0.07953550848390023
0.5,1497,415.292478059347,414.96545,416.6274,415.21292,0.32702395778449045,1.3349328293248846,0.07955691676886545
0.5,1498,415.292499460734,414.96545,416.62738,415.21292,0.3270453591715068,1.3348809103597432,0.07957831815588179
0.5,1499,415.292520855211,414.96545,416.62732,415.21292,0.32706675364852345,1.3347984807264766,0.07959971263289845
0.5,1500,415.292542242775,414.96545,416.63168,415.21292,0.3270881412125277,1.3391411068343473,0.07962110019690272
0.5,1501,415.29256362341,414.96545,416.63162,415.21292,0.32710952184748976,1.3390586910431352,0.07964248083186476
0.5,1502,415.292584997072,414.96545,416.63156,415.21292,0.32713089550952645,1.3389762822248485,0.07966385449390145
0.5,1503,415.292606363783,414.96545,416.63156,415.21292,0.3271522622205225,1.3389549155138525,0.07968522120489752
0.5,1504,415.292627723536,414.96545,416.6316,415.21292,0.3271736219734862,1.3389640733390138,0.0797065809578612
0.5,1505,415.292649076359,414.96545,416.63153,415.21292,0.3271949747964982,1.3388816853597518,0.07972793378087317
0.5,1506,415.292670422247,414.96545,416.63153,415.21292,0.32721632068449935,1.3388603394717506,0.07974927966887435
0.5,1507,415.292691761182,414.96545,416.63156,415.21292,0.3272376596195272,1.3388695181148478,0.07977061860390222
0.5,1508,415.29271309312,414.96545,416.63156,415.21292,0.32725899155752813,1.3388481861768469,0.07979195054190313
0.5,1509,415.292734418088,414.96545,416.6315,415.21292,0.3272803165255027,1.3387658260526223,0.07981327550987771
0.5,1510,415.292755736087,414.96545,416.6315,415.21292,0.32730163452447414,1.3387445080536509,0.07983459350884914
0.5,1511,415.292777047103,414.96536,416.63153,415.21292,0.3274144982748908,1.3387537146157342,0.07985590452489078
0.5,1512,415.292798351158,414.96536,416.63156,415.21292,0.32743580232988734,1.3387629281388627,0.07987720857988734
0.5,1513,415.292819648226,414.96536,416.6317,415.21292,0.3274570993978614,1.3388942189615136,0.07989850564786138
0.5,1514,415.292840938349,414.96536,416.63165,415.21292,0.32747838952087704,1.338811893682248,0.07991979577087704
0.5,1515,415.292862221538,414.96536,416.63174,415.21292,0.32749967270984826,1.3388821632276517,0.07994107895984826
0.5,1516,415.292883497777,414.96536,416.63174,415.21292,0.32752094894885886,1.3388608869886411,0.07996235519885886
0.5,1517,415.292904767069,414.96536,416.63174,415.21292,0.3275422182408647,1.3388396176966353,0.07998362449086471
0.5,1518,415.292926029454,414.96536,416.6318,415.21292,0.3275634806258836,1.3388793904678664,0.08000488687588359
0.5,1519,415.292947284927,414.96545,416.63187,415.21292,0.3274931833644814,1.3389191701511436,0.08002614234885641
0.5,1520,415.292968533523,414.96545,416.63187,415.21292,0.3275144319604806,1.3388979215551444,0.08004739094485558
0.5,1521,415.292989775251,414.96545,416.63184,415.21292,0.32753567368848735,1.3388461622490127,0.08006863267286235
0.5,1522,415.293011010133,414.96545,416.63196,415.21292,0.3275569085705001,1.3389469976794999,0.08008986755487513
0.5,1523,415.293032238171,414.96545,416.63193,415.21292,0.32757813660850843,1.3388952520633666,0.08011109559288343
0.5,1524,415.293053459378,414.96545,416.632,415.21292,0.32759935781547256,1.3389350660126524,0.08013231679984756
0.5,1525,415.293074673774,414.96545,416.632,415.21292,0.3276205722115151,1.33891385161661,0.08015353119589008
0.5,1526,415.293095881386,414.96545,416.632,415.21292,0.32764177982352294,1.338892644004602,0.08017473880789794
0.5,1527,415.293117082208,414.96545,416.632,415.21292,0.32766298064552757,1.3388714431825974,0.08019593962990257
0.5,1528,415.293138276164,414.96545,416.63202,415.21292,0.3276841746014725,1.3388807668047775,0.08021713358584748
0.5,1529,415.293159463343,414.96545,416.63202,415.21292,0.32770536178048815,1.3388595796257619,0.08023832076486315
0.5,1530,415.293180643752,414.96545,416.632,415.21292,0.3277265421895095,1.3388078816386155,0.08025950117388447
0.5,1531,415.293201817423,414.96545,416.6321,415.21292,0.32774771586048246,1.3389087782801425,0.08028067484485746
0.5,1532,415.293222984328,414.96545,416.63217,415.21292,0.327768882765497,1.338948646531378,0.08030184174987198
0.5,1533,415.293244144475,414.96545,416.63205,415.21292,0.3277900429125111,1.3388054160718639,0.08032300189688613
0.5,1534,415.29326529784,414.96545,416.63208,415.21292,0.3278111962774801,1.3388147802850199,0.08034415526185512
0.5,1535,415.293286444456,414.96545,416.63214,415.21292,0.32783234289348684,1.3388546688252632,0.08036530187786184
0.5,1536,415.293307584302,414.96545,416.63208,415.21292,0.3278534827394992,1.3387724938230008,0.08038644172387421
0.5,1537,415.293328717376,414.96545,416.63205,415.21292,0.3278746158135277,1.3387208431708473,0.08040757479790273
0.5,1538,415.293349843665,414.96545,416.632,415.21292,0.3278957421024984,1.3386386817256266,0.08042870108687339
0.5,1539,415.29337096316,414.96545,416.632,415.21292,0.3279168615974868,1.3386175622306382,0.08044982058186179
0.5,1540,415.293392075853,414.96545,416.63205,415.21292,0.327937974290478,1.338657484693897,0.080470933274853
0.5,1541,415.293413181726,414.96545,416.632,415.21292,0.3279590801635095,1.3385753436646155,0.0804920391478845
0.5,1542,415.293434280769,414.96545,416.63196,415.21292,0.32798017920652,1.33852372704348,0.080513138190895
0.5,1543,415.293455372975,414.96545,416.63196,415.21292,0.3280012714125178,1.3385026348374822,0.08053423039689278
0.5,1544,415.293476458333,414.96545,416.63184,415.21292,0.3280223567704752,1.3383594791670248,0.0805553157548502
0.5,1545,415.293497536842,414.96545,416.63193,415.21292,0.32804343527948276,1.3384299533923922,0.08057639426385776
0.5,1546,415.293518608489,414.96545,416.63184,415.21292,0.32806450692652334,1.3383173290109767,0.08059746591089834
0.5,1547,415.29353967325,414.96545,416.63177,415.21292,0.3280855716874953,1.3382352290937547,0.0806185306718703
0.5,1548,415.293560731147,414.96545,416.6318,415.21292,0.32810662958451076,1.3382446887748642,0.08063958856888576
0.5,1549,415.293581782229,414.96545,416.63174,415.21292,0.3281276806665119,1.3381626025366131,0.08066063965088688
0.5,1550,415.293602826439,414.96545,416.63184,415.21292,0.3281487248764847,1.3382331110610153,0.08068168386085972
0.5,1551,415.293623863768,414.96545,416.6319,415.21292,0.32816976220550487,1.3382731088882451,0.08070272118987987
0.5,1552,415.293644894241,414.96545,416.63187,415.21292,0.3281907926785266,1.3382215608370984,0.08072375166290158
0.5,1553,415.293665917809,414.96536,416.63193,415.21292,0.328303368980869,1.338261572425381,0.08074477523086898
0.5,1554,415.293686934477,414.96536,416.63184,415.21292,0.328324385648898,1.338149003022977,0.08076579189889799
0.5,1555,415.293707944289,414.96536,416.63184,415.21292,0.3283453954608717,1.3381279932110033,0.08078680171087171
0.5,1556,415.293728947242,414.96536,416.6318,415.21292,0.32836639841389115,1.3380764726798589,0.08080780466389115
0.5,1557,415.293749943327,414.96536,416.6319,415.21292,0.32838739449886134,1.3381470293292637,0.08082880074886134
0.5,1558,415.293770932578,414.96536,416.632,415.21292,0.32840838374988834,1.3382175928126117,0.08084978999988834
0.5,1559,415.293791914971,414.96536,416.6319,415.21292,0.32842936614287055,1.3381050576852545,0.08087077239287055
0.5,1560,415.29381289053,414.96536,416.63193,415.21292,0.3284503417018527,1.3381145997043973,0.08089174795185272
0.5,1561,415.293833859278,414.96536,416.63196,415.21292,0.32847131044985645,1.3381241485345186,0.08091271669985645
0.5,1562,415.29385482124,414.96536,416.632,415.21292,0.3284922724118928,1.3381337041506072,0.08093367866189283
0.5,1563,415.2938757764,414.96545,416.63205,415.21292,0.3284216748375002,1.3381737841468748,0.08095463382187518
0.5,1564,415.29389672479,414.96545,416.63205,415.21292,0.3284426232274882,1.3381528357568868,0.08097558221186318
0.5,1565,415.293917666428,414.96545,416.6321,415.21292,0.3284635648655012,1.3381929292751238,0.08099652384987621
0.5,1566,415.293938601341,414.96545,416.63214,415.21292,0.32848449977848304,1.338202511940267,0.08101745876285804
0.5,1567,415.293959529555,414.96545,416.63217,415.21292,0.3285054279925248,1.3382121013043502,0.0810383869768998
0.5,1568,415.29398045105,414.96545,416.6321,415.21292,0.3285263494875039,1.338130144653121,0.08105930847187892
0.5,1569,415.294001365833,414.96545,416.63226,415.21292,0.32854726427052583,1.3382618177607242,0.08108022325490083
0.5,1570,415.294022273855,414.96545,416.6322,415.21292,0.3285681722924778,1.3381798745825222,0.08110113127685281
0.5,1571,415.294043175204,414.96545,416.63217,415.21292,0.328589073641524,1.338128455655351,0.08112203262589901
0.5,1572,415.294064069858,414.96545,416.63223,415.21292,0.3286099682954955,1.3381685961576295,0.08114292727987049
0.5,1573,415.294084957847,414.96545,416.63226,415.21292,0.32863085628451927,1.3381782257467307,0.08116381526889427
0.5,1574,415.294105839179,414.96545,416.63226,415.21292,0.3286517376164966,1.3381573444147534,0.08118469660087158
0.5,1575,415.294126713838,414.96545,416.6322,415.21292,0.32867261227551126,1.3380754345994887,0.08120557125988626
0.5,1576,415.294147581833,414.96545,416.63226,415.21292,0.3286934802704877,1.3381156017607623,0.08122643925486273
0.5,1577,415.294168443191,414.96545,416.6323,415.21292,0.32871434162848345,1.3381252579808915,0.08124730061285845
0.5,1578,415.294189297869,414.96545,416.6323,415.21292,0.3287351963065248,1.3381044033028502,0.08126815529089981
0.5,1579,415.294210145848,414.96545,416.63232,415.21292,0.3287560442855124,1.3381140729019876,0.08128900326988742
0.5,1580,415.294230987138,414.96545,416.63226,415.21292,0.32877688557550755,1.3380321964557425,0.08130984455988255
0.5,1581,415.294251821755,414.96545,416.63223,415.21292,0.3287977201924832,1.3379808442606418,0.08133067917685821
0.5,1582,415.294272649641,414.96545,416.63217,415.21292,0.32881854807851596,1.337898981218359,0.08135150706289096
0.5,1583,415.294293470834,414.96545,416.63208,415.21292,0.32883936927152035,1.3377866072909796,0.08137232825589535
0.5,1584,415.294314285284,414.96545,416.63205,415.21292,0.3288601837214742,1.3377352752629008,0.08139314270584919
0.5,1585,415.29433509301,414.96545,416.63208,415.21292,0.32888099144747684,1.3377449851150232,0.08141395043185184
0.5,1586,415.294355893999,414.96545,416.63202,415.21292,0.3289017924365112,1.3376631489697388,0.08143475142088619
0.5,1587,415.2943766882,414.96545,416.63208,415.21292,0.328922586637475,1.337703389925025,0.08145554562184998
0.5,1588,415.294397475635,414.96545,416.63208,415.21292,0.3289433740724803,1.3376826024900197,0.08147633305685531
0.5,1589,415.294418256299,414.96545,416.63208,415.21292,0.32896415473652496,1.337661821825975,0.08149711372089996
0.5,1590,415.294439030227,414.96545,416.63205,415.21292,0.3289849286645108,1.3376105303198642,0.08151788764888579
0.5,1591,415.294459797399,414.96545,416.632,415.21292,0.32900569583648576,1.3375287279916392,0.08153865482086076
0.5,1592,415.294480557811,414.96545,416.632,415.21292,0.32902645624852767,1.3375079675795973,0.08155941523290267
0.5,1593,415.294501311414,414.96545,416.63208,415.21292,0.3290472098515238,1.3375787667109762,0.0815801688358988
0.5,1594,415.294522058226,414.96545,416.63205,415.21292,0.32906795666349353,1.3375275023208815,0.08160091564786853
0.5,1595,415.294542798256,414.96545,416.63208,415.21292,0.32908869669347496,1.337537279869025,0.08162165567784996
0.5,1596,415.294563531493,414.96536,416.6321,415.21292,0.3292009826648723,1.3375470642101277,0.0816423889148723
0.5,1597,415.294584257958,414.96536,416.63217,415.21292,0.32922170912985393,1.337587372901396,0.08166311537985393
0.5,1598,415.294604977653,414.96536,416.6321,415.21292,0.32924242882489807,1.337505618050102,0.08168383507489807
0.5,1599,415.294625690558,414.96536,416.63214,415.21292,0.32926314172988214,1.3375154227232429,0.08170454797988214
0.5,1600,415.294646396715,414.96536,416.6322,415.21292,0.32928384788687026,1.3375557517225047,0.08172525413687026
0.5,1601,415.294667096116,414.96536,416.63223,415.21292,0.3293045472878475,1.3375655698996525,0.08174595353784753
0.5,1602,415.294687788755,414.96536,416.63226,415.21292,0.3293252399269022,1.3375753948387228,0.08176664617690221
0.5,1603,415.294708474682,414.96536,416.63232,415.21292,0.329345925853886,1.337615744067989,0.081787332103886
0.5,1604,415.294729153863,414.96545,416.63226,415.21292,0.32927505230048837,1.3375340297307616,0.08180801128486337
0.5,1605,415.294749826368,414.96545,416.63226,415.21292,0.3292957248054904,1.3375133572257596,0.08182868378986541
0.5,1606,415.294770492191,414.96545,416.63232,415.21292,0.3293163906284917,1.3375537265590083,0.08184934961286672
0.5,1607,415.294791151361,414.96545,416.6323,415.21292,0.32933704979848244,1.3375025498108926,0.08187000878285744
0.5,1608,415.294811803873,414.96545,416.6323,415.21292,0.3293577023105172,1.3374818972988578,0.0818906612948922
0.5,1609,415.294832449738,414.96545,416.6325,415.21292,0.3293783481755099,1.33767487448074,0.08191130715988493
0.5,1610,415.294853088984,414.96545,416.63245,415.21292,0.32939898742148443,1.3375932000785156,0.08193194640585943
0.5,1611,415.294873721626,414.96545,416.63245,415.21292,0.3294196200635042,1.3375725674364958,0.08195257904787923
0.5,1612,415.294894347649,414.96545,416.6325,415.21292,0.3294402460865058,1.3376129765697442,0.0819732050708808
0.5,1613,415.29491496701,414.96545,416.63254,415.21292,0.3294608654475155,1.3376228747868595,0.08199382443189052
0.5,1614,415.294935579781,414.96545,416.63263,415.21292,0.32948147821849716,1.3376938147502528,0.08201443720287216
0.5,1615,415.294956185971,414.96545,416.63257,415.21292,0.3295020844084888,1.3376121734040112,0.08203504339286383
0.5,1616,415.294976785605,414.96545,416.63254,415.21292,0.3295226840425016,1.3375610561918734,0.08205564302687662
0.5,1617,415.29499737866,414.96545,416.63248,415.21292,0.32954327709751396,1.337479427980611,0.08207623608188896
0.5,1618,415.295017965138,414.96545,416.63257,415.21292,0.32956386357551537,1.3375503942369846,0.08209682255989037
0.5,1619,415.295038545035,414.96545,416.63257,415.21292,0.3295844434725268,1.3375298143399732,0.0821174024569018
0.5,1620,415.295059118353,414.96545,416.63248,415.21292,0.32960501679048093,1.337417688287644,0.08213797577485593
0.5,1621,415.295079685087,414.96545,416.63245,415.21292,0.32962558352448923,1.3373666039755108,0.08215854250886423
0.5,1622,415.29510024523,414.96545,416.63248,415.21292,0.3296461436675031,1.337376561410622,0.08217910265187811
0.5,1623,415.295120798775,414.96545,416.63242,415.21292,0.329666697212474,1.337294972709401,0.08219965619684899
0.5,1624,415.295141345714,414.96545,416.6324,415.21292,0.32968724415150064,1.3372439081922494,0.08222020313587564
0.5,1625,415.295161886034,414.96545,416.63232,415.21292,0.32970778447150906,1.337162332715991,0.08224074345588406
0.5,1626,415.29518241971,414.96545,416.63245,415.21292,0.32972831814748815,1.3372638693525118,0.08226127713186315
0.5,1627,415.29520294674103,414.96545,416.63235,415.21292,0.3297488451785284,1.3371517895870966,0.08228180416290343
0.5,1628,415.295223467118,414.96545,416.63242,415.21292,0.3297693655554781,1.337192304366397,0.08230232453985309
0.5,1629,415.295243980832,414.96545,416.63235,415.21292,0.3297898792695264,1.3371107554960986,0.08232283825390141
0.5,1630,415.295264487879,414.96545,416.6323,415.21292,0.3298103863165238,1.3370292132928512,0.08234334530089882
0.5,1631,415.295284988251,414.96545,416.63226,415.21292,0.32983088668851224,1.3369781953427378,0.08236384567288724
0.5,1632,415.295305481915,414.96545,416.6322,415.21292,0.3298513803525225,1.3368966665224775,0.08238433933689748
0.5,1633,415.295325968904,414.96545,416.63223,415.21292,0.32987186734152374,1.3369066971116013,0.08240482632589874
0.5,1634,415.295346449265,414.96545,416.6322,415.21292,0.3298923477025255,1.3368556991724745,0.08242530668690051
0.5,1635,415.295366922939,414.96545,416.63217,415.21292,0.32991282137652433,1.3368047079203507,0.08244578036089933
0.5,1636,415.295387389911,414.96545,416.63208,415.21292,0.32993328834851354,1.3366926882139865,0.08246624733288854
0.5,1637,415.29540785021,414.96545,416.63226,415.21292,0.3299537486474833,1.3368553333837667,0.08248670763185828
0.5,1638,415.295428303788,414.96536,416.63223,415.21292,0.33006575495988955,1.3368043622276105,0.08250716120988955
0.5,1639,415.295448750654,414.96536,416.63217,415.21292,0.3300862018258499,1.3367228802054,0.08252760807584991
0.5,1640,415.295469190843,414.96536,416.6322,415.21292,0.3301066420148686,1.3367329575945064,0.08254804826486861
0.5,1641,415.29548962436,414.96536,416.63235,415.21292,0.330127075531891,1.336865111968109,0.08256848178189102
0.5,1642,415.295510051193,414.96536,416.63226,415.21292,0.33014750236486634,1.3367531324007587,0.08258890861486634
0.5,1643,415.29553047138,414.96536,416.63245,415.21292,0.33016792255187966,1.3369158176824953,0.08260932880187966
0.5,1644,415.295550884889,414.96536,416.63245,415.21292,0.3301883360608713,1.3368954041735037,0.08262974231087128
0.5,1645,415.295571291752,414.96536,416.63245,415.21292,0.3302087429239009,1.336874997310474,0.0826501491739009
0.5,1646,415.295591691988,414.96536,416.63248,415.21292,0.3302291431598974,1.3368851146526026,0.08267054940989738
0.5,1647,415.295612085628,414.96536,416.63254,415.21292,0.3302495367998972,1.3369257561688528,0.08269094304989721
0.5,1648,415.295632472653,414.96545,416.63254,415.21292,0.33017837109048287,1.3369053691438921,0.08271133007485787
0.5,1649,415.295652853091,414.96545,416.6325,415.21292,0.330198751528485,1.336854471127765,0.08273171051285999
0.5,1650,415.295673226955,414.96545,416.6325,415.21292,0.3302191253924889,1.3368340972637611,0.08275208437686388
0.5,1651,415.295693594284,414.96545,416.6325,415.21292,0.3302394927214891,1.3368137299347609,0.08277245170586411
0.5,1652,415.295713955101,414.96545,416.63263,415.21292,0.3302598535385073,1.3369154394302427,0.08279281252288229
0.5,1653,415.29573430938,414.96545,416.63263,415.21292,0.3302802078175091,1.336895085151241,0.08281316680188411
0.5,1654,415.295754657131,414.96545,416.63278,415.21292,0.330300555568499,1.337027325290876,0.08283351455287402
0.5,1655,415.295774998303,414.96545,416.63272,415.21292,0.3303208967404885,1.3369459489626365,0.08285385572486348
0.5,1656,415.295795332986,414.96545,416.63272,415.21292,0.33034123142351746,1.3369256142796075,0.08287419040789246
0.5,1657,415.295815661157,414.96545,416.63266,415.21292,0.3303615595945075,1.3368442509523675,0.08289451857888253
0.5,1658,415.295835982851,414.96545,416.63266,415.21292,0.33038188128847423,1.3368239292584008,0.08291484027284923
0.5,1659,415.295856298069,414.96545,416.63275,415.21292,0.3304021965064976,1.3368951667747524,0.0829351554908726
0.5,1660,415.295876606803,414.96545,416.63272,415.21292,0.33042250524050587,1.3368443404626191,0.08295546422488087
0.5,1661,415.295896909054,414.96545,416.6328,415.21292,0.3304428074915222,1.3369155909459778,0.08297576647589722
0.5,1662,415.295917204851,414.96545,416.63275,415.21292,0.33046310328847994,1.33683425999277,0.08299606227285494
0.5,1663,415.295937494143,414.96545,416.6328,415.21292,0.3304833925805042,1.3368750058569958,0.08301635156487919
0.5,1664,415.295957776921,414.96545,416.63266,415.21292,0.3305036753585,1.336702135188375,0.083036634342875
0.5,1665,415.295978053199,414.96545,416.63272,415.21292,0.3305239516365077,1.3367428940666173,0.08305691062088272
0.5,1666,415.295998322976,414.96545,416.63263,415.21292,0.33054422141350415,1.3366310715552459,0.08307718039787915
0.5,1667,415.296018586205,414.96545,416.63257,415.21292,0.3305644846424798,1.3365497731700202,0.08309744362685478
0.5,1668,415.296038842915,414.96545,416.63257,415.21292,0.3305847413524816,1.3365295164600184,0.08311770033685661
0.5,1669,415.296059093071,414.96545,416.63254,415.21292,0.3306049915084941,1.336478748725881,0.0831379504928691
0.5,1670,415.296079336685,414.96545,416.63266,415.21292,0.3306252351225112,1.3365805754243638,0.08315819410688619
0.5,1671,415.296099573738,414.96545,416.6326,415.21292,0.33064547217549034,1.3364993032151347,0.08317843115986534
0.5,1672,415.296119804191,414.96545,416.63248,415.21292,0.3306657026284938,1.3363570024496312,0.08319866161286882
0.5,1673,415.296140028058,414.96545,416.63245,415.21292,0.3306859264955051,1.336306261004495,0.0832188854798801
0.5,1674,415.296160245332,414.96545,416.63248,415.21292,0.3307061437694756,1.3363165613086494,0.0832391027538506
0.5,1675,415.296180456058,414.96545,416.63242,415.21292,0.33072635449548216,1.3362353154263928,0.08325931347985716
0.5,1676,415.296200660214,414.96545,416.63242,415.21292,0.33074655865152636,1.3362151112703486,0.08327951763590136
0.5,1677,415.296220857789,414.96545,416.63254,415.21292,0.33076675622652374,1.3363169840078513,0.08329971521089874
0.5,1678,415.296241048736,414.96545,416.63248,415.21292,0.33078694717352164,1.3362357579046034,0.08331990615789664
0.5,1679,415.296261233077,414.96545,416.63248,415.21292,0.33080713151451846,1.3362155735636065,0.08334009049889346
0.5,1680,415.296281410813,414.96545,416.63242,415.21292,0.33082730925048054,1.3361343606713945,0.08336026823485554
0.5,1681,415.296301581936,414.96536,416.63245,415.21292,0.33093903310788164,1.3361447071264934,0.08338043935788164
0.5,1682,415.29632174647,414.96536,416.63248,415.21292,0.33095919764190285,1.3361550601705972,0.08340060389190285
0.5,1683,415.296341904421,414.96536,416.63248,415.21292,0.3309793555928877,1.3361349022196123,0.08342076184288771
0.5,1684,415.296362055766,414.96536,416.6325,415.21292,0.3309995069378715,1.3361452684527535,0.0834409131878715
0.5,1685,415.296382200544,414.96536,416.63254,415.21292,0.3310196517158488,1.3361556412529012,0.0834610579658488
0.5,1686,415.296402338747,414.96536,416.6325,415.21292,0.3310397899188615,1.3361049854717635,0.08348119616886152
0.5,1687,415.296422470377,414.96536,416.6326,415.21292,0.3310599215488992,1.3361764065761008,0.08350132779889918
0.5,1688,415.296442595476,414.96536,416.63272,415.21292,0.3310800466478554,1.3362783517896446,0.0835214528978554
0.5,1689,415.296462714012,414.96545,416.63266,415.21292,0.33100861244952284,1.3361971980973522,0.08354157143389784
0.5,1690,415.296482826055,414.96545,416.63275,415.21292,0.3310287244925121,1.336268638788738,0.08356168347688708
0.5,1691,415.296502931603,414.96545,416.63278,415.21292,0.33104883004051544,1.3362790508188596,0.08358178902489044
0.5,1692,415.296523030679,414.96545,416.63293,415.21292,0.33106892911649766,1.3364115396335023,0.08360188810087266
0.5,1693,415.296543123277,414.96545,416.6328,415.21292,0.3310890217144902,1.3362693767230098,0.08362198069886517
0.5,1694,415.296563209413,414.96545,416.63287,415.21292,0.33110910785052283,1.3363103257432272,0.08364206683489783
0.5,1695,415.296583289124,414.96545,416.633,415.21292,0.331129187561487,1.336412316344763,0.08366214654586202
0.5,1696,415.296603362404,414.96545,416.6329,415.21292,0.33114926084152785,1.3363006903303472,0.08368221982590285
0.5,1697,415.296623429251,414.96545,416.63306,415.21292,0.3311693276884853,1.3364332113740147,0.08370228667286028
0.5,1698,415.296643489618,414.96545,416.6331,415.21292,0.33118938805552034,1.3364436685851047,0.08372234703989534
0.5,1699,415.296663543576,414.96545,416.63287,415.21292,0.33120944201351676,1.3362099915802332,0.08374240099789176
0.5,1700,415.296683591152,414.96545,416.6329,415.21292,0.3312294895894752,1.3362204615823998,0.08376244857385018
0.5,1701,415.296703632333,414.96545,416.63284,415.21292,0.33124953077049213,1.3361393852451329,0.08378248975486713
0.5,1702,415.296723667119,414.96545,416.63284,415.21292,0.33126956555651077,1.3361193504591142,0.08380252454088577
0.5,1703,415.296743695537,414.96545,416.63297,415.21292,0.3312895939744749,1.3362213923536501,0.08382255295884988
0.5,1704,415.296763717531,414.96545,416.63284,415.21292,0.3313096159685074,1.3360793000471176,0.08384257495288239
0.5,1705,415.296783733121,414.96545,416.63287,415.21292,0.3313296315585035,1.3360898020352465,0.08386259054287848
0.5,1706,415.296803742307,414.96545,416.63287,415.21292,0.33134964074452,1.33606979284923,0.083882599728895
0.5,1707,415.296823745083,414.96545,416.63278,415.21292,0.3313696435204747,1.3359582373389003,0.08390260250484971
0.5,1708,415.296843741442,414.96545,416.6328,415.21292,0.33138963987948955,1.3359687585580104,0.08392259886386455
0.5,1709,415.296863731367,414.96545,416.63278,415.21292,0.3314096298045115,1.3359182510548635,0.0839425887888865
0.5,1710,415.296883714842,414.96545,416.63275,415.21292,0.3314296132795107,1.3358677500017393,0.0839625722638857
0.5,1711,415.29690369187,414.96545,416.63275,415.21292,0.3314495903074999,1.3358477729737501,0.08398254929187488
0.5,1712,415.296923662426,414.96545,416.63272,415.21292,0.33146956086352475,1.3357972848396003,0.08400251984789975
0.5,1713,415.296943626511,414.96545,416.6327,415.21292,0.3314895249484948,1.3357468031765052,0.08402248393286982
0.5,1714,415.296963584109,414.96545,416.63263,415.21292,0.3315094825464939,1.335665810422256,0.08404244153086893
0.5,1715,415.296983535214,414.96545,416.63272,415.21292,0.3315294336514967,1.3357374120516283,0.08406239263587167
0.5,1716,415.297003479829,414.96545,416.6327,415.21292,0.33154937826651576,1.3356869498584842,0.08408233725089076
0.5,1717,415.297023417923,414.96545,416.6327,415.21292,0.3315693163605147,1.3356670117644853,0.08410227534488968
0.5,1718,415.297043349514,414.96545,416.6326,415.21292,0.3315892479515128,1.3355555274391122,0.08412220693588779
0.5,1719,415.297063274658,414.96545,416.63254,415.21292,0.33160917309550086,1.3354745671388741,0.08414213207987586
0.5,1720,415.29708319329,414.96545,416.63266,415.21292,0.3316290917275069,1.3355767188193681,0.08416205071188188
0.5,1721,415.297103105401,414.96545,416.6326,415.21292,0.3316490038384927,1.3354957715521323,0.08418196282286772
0.5,1722,415.29712301102,414.96545,416.6326,415.21292,0.3316689094575054,1.3354758659331196,0.08420186844188038
0.5,1723,415.297142910101,414.96536,416.6326,415.21292,0.3317803612728767,1.3354559668521233,0.08422176752287669
0.5,1724,415.297162802677,414.96536,416.6326,415.21292,0.3318002538488827,1.3354360742761173,0.08424166009888268
0.5,1725,415.297182688728,414.96536,416.63266,415.21292,0.33182013989988945,1.3354772233813605,0.08426154614988945
0.5,1726,415.297202568283,414.96536,416.63275,415.21292,0.33184001945488717,1.3355488965607378,0.08428142570488717
0.5,1727,415.297222441336,414.96536,416.63278,415.21292,0.3318598925078504,1.3355595410858996,0.08430129875785042
0.5,1728,415.297242307921,414.96536,416.6327,415.21292,0.33187975909288525,1.3354481217664897,0.08432116534288525
0.5,1729,415.297262168012,414.96536,416.6328,415.21292,0.33189961918390054,1.3355503319879745,0.08434102543390054
0.5,1730,415.297282021643,414.96536,416.6328,415.21292,0.33191947281488865,1.3355304783569864,0.08436087906488865
0.5,1731,415.297301868813,414.96536,416.63287,415.21292,0.33193931998488324,1.3355716663432418,0.08438072623488324
0.5,1732,415.297321709567,414.96536,416.63284,415.21292,0.33195916073884746,1.3355213080111525,0.08440056698884746
0.5,1733,415.297341543894,414.96545,416.63306,415.21292,0.33188744233149237,1.3357150967310076,0.08442040131586737
0.5,1734,415.29736137181,414.96545,416.63293,415.21292,0.3319072702474841,1.3355731985025159,0.08444022923185912
0.5,1735,415.297381193345,414.96545,416.63293,415.21292,0.3319270917825179,1.335553376967482,0.08446005076689289
0.5,1736,415.297401008526,414.96545,416.63303,415.21292,0.3319469069634806,1.3356251145208944,0.08447986594785561
0.5,1737,415.297420817367,414.96545,416.63297,415.21292,0.3319667158045263,1.3355442705235987,0.0844996747889013
0.5,1738,415.29744061985,414.96545,416.63297,415.21292,0.3319865182875219,1.335524468040603,0.0845194772718969
0.5,1739,415.297460415931,414.96545,416.63297,415.21292,0.33200631436852746,1.3355046719595975,0.08453927335290246
0.5,1740,415.297480205666,414.96545,416.63312,415.21292,0.3320261041034769,1.3356374701152731,0.08455906308785188
0.5,1741,415.297499989089,414.96545,416.6331,415.21292,0.33204588752647624,1.3355871691141488,0.08457884651085124
0.5,1742,415.297519766184,414.96545,416.63306,415.21292,0.33206566462149567,1.3355368744410043,0.08459862360587067
0.5,1743,415.29753953698,414.96545,416.633,415.21292,0.33208543541752533,1.3354560684887247,0.08461839440190033
0.5,1744,415.29755930148,414.96545,416.633,415.21292,0.3321051999175211,1.335436303988729,0.08463815890189608
0.5,1745,415.297579059661,414.96545,416.6331,415.21292,0.33212495809851816,1.3355080985421068,0.08465791708289316
0.5,1746,415.297598811541,414.96545,416.6331,415.21292,0.3321447099784791,1.3354883466621459,0.08467766896285411
0.5,1747,415.297618557145,414.96545,416.6331,415.21292,0.3321644555824719,1.3354686010581531,0.08469741456684687
0.5,1748,415.29763829642,414.96545,416.63303,415.21292,0.3321841948575184,1.3353878266268566,0.08471715384189338
0.5,1749,415.297658029354,414.96545,416.633,415.21292,0.332203927791511,1.335337576114739,0.08473688677588598
0.5,1750,415.297677755961,414.96545,416.63306,415.21292,0.33222365439849,1.33537888466401,0.084756613382865
0.5,1751,415.297697476247,414.96545,416.6331,415.21292,0.33224337468448084,1.3353896819561442,0.08477633366885584
0.5,1752,415.297717190162,414.96545,416.6329,415.21292,0.33226308859951814,1.3351868625723569,0.08479604758389314
0.5,1753,415.297736897735,414.96545,416.63297,415.21292,0.33228279617247836,1.3352281901556466,0.08481575515685336
0.5,1754,415.297756598924,414.96545,416.6329,415.21292,0.33230249736152473,1.3351474538103503,0.08483545634589973
0.5,1755,415.297776293744,414.96545,416.63297,415.21292,0.3323221921814934,1.3351887941466316,0.08485515116586839
0.5,1756,415.297795982177,414.96545,416.6329,415.21292,0.33234188061447867,1.3351080705573963,0.08487483959885367
0.5,1757,415.297815664185,414.96545,416.633,415.21292,0.33236156262250915,1.3351799412837408,0.08489452160688415
0.5,1758,415.297835339782,414.96545,416.63293,415.21292,0.3323812382195115,1.3350992305304885,0.08491419720388649
0.5,1759,415.29785500896,414.96545,416.63284,415.21292,0.3324009073975276,1.3349880086180974,0.08493386638190259
0.5,1760,415.297874671765,414.96545,416.6328,415.21292,0.33242057020248694,1.334937828235013,0.08495352918686194
0.5,1761,415.297894328179,414.96545,416.6328,415.21292,0.33244022661648387,1.3349181718210161,0.08497318560085887
0.5,1762,415.297913978186,414.96545,416.6328,415.21292,0.3324598766234885,1.3348985218140115,0.08499283560786353
0.5,1763,415.297933621739,414.96545,416.63272,415.21292,0.3324795201764914,1.3347873255266336,0.0850124791608664
0.5,1764,415.297953258854,414.96545,416.63275,415.21292,0.33249915729152235,1.3347982059897276,0.08503211627589735
0.5,1765,415.297972889547,414.96545,416.6329,415.21292,0.3325187879844975,1.3349311631873775,0.08505174696887252
0.5,1766,415.297992513804,414.96536,416.63284,415.21292,0.3326299649758653,1.3348505037741347,0.08507137122586528
0.5,1767,415.298012131645,414.96536,416.6329,415.21292,0.3326495828168845,1.3348919210893655,0.0850909890668845
0.5,1768,415.298031743082,414.96536,416.63287,415.21292,0.3326691942538673,1.3348417920742577,0.08511060050386732
0.5,1769,415.298051348086,414.96536,416.6329,415.21292,0.3326887992578804,1.3348527046483696,0.08513020550788042
0.5,1770,415.298070946682,414.96536,416.6329,415.21292,0.33270839785387807,1.334833106052372,0.08514980410387807
0.5,1771,415.298090538899,414.96536,416.6329,415.21292,0.3327279900708504,1.3348135138353996,0.08516939632085041
0.5,1772,415.298110124716,414.96536,416.633,415.21292,0.33274757588787907,1.334885480752746,0.08518898213787907
0.5,1773,415.298129704179,414.96536,416.633,415.21292,0.3327671553508935,1.3348659012897315,0.08520856160089352
0.5,1774,415.298149277258,414.96545,416.63306,415.21292,0.33269517569550544,1.3349073633669946,0.08522813467988044
0.5,1775,415.298168844027,414.96545,416.63306,415.21292,0.33271474246447497,1.334887796598025,0.08524770144884997
0.5,1776,415.29818840447,414.96545,416.6331,415.21292,0.33273430290751094,1.334898753733114,0.08526726189188594
0.5,1777,415.298207958626,414.96545,416.6331,415.21292,0.33275385706349425,1.3348791995771307,0.08528681604786925
0.5,1778,415.298227506479,414.96545,416.6332,415.21292,0.33277340491650875,1.3349817220366162,0.08530636390088375
0.5,1779,415.298247048048,414.96545,416.6331,415.21292,0.3327929464854833,1.3348401101551417,0.0853259054698583
0.5,1780,415.298266583362,414.96545,416.63315,415.21292,0.3328124817995217,1.3348816099973533,0.08534544078389672
0.5,1781,415.298286112421,414.96545,416.6333,415.21292,0.33283201085851033,1.3350146688289897,0.08536496984288533
0.5,1782,415.298305635223,414.96545,416.63333,415.21292,0.33285153366051645,1.3350256636051085,0.08538449264489145
0.5,1783,415.298325151726,414.96545,416.63324,415.21292,0.33287105016347596,1.334914594367774,0.08540400914785096
0.5,1784,415.298344661989,414.96545,416.63324,415.21292,0.332890560426506,1.334895084104744,0.085423519410881
0.5,1785,415.298364166051,414.96545,416.63315,415.21292,0.3329100644884875,1.3347840273083875,0.08544302347286248
0.5,1786,415.298383663891,414.96545,416.63324,415.21292,0.332929562328502,1.334856082202748,0.08546252131287702
0.5,1787,415.298403155507,414.96545,416.63327,415.21292,0.33294905394450325,1.3348671081648718,0.08548201292887825
0.5,1788,415.298422640934,414.96545,416.63324,415.21292,0.3329685393715067,1.3348171051597433,0.08550149835588172
0.5,1789,415.298442120109,414.96545,416.6333,415.21292,0.3329880185464731,1.334858661141027,0.08552097753084809
0.5,1790,415.298461593054,414.96545,416.63327,415.21292,0.33300749149151443,1.3348086706178606,0.08554045047588943
0.5,1791,415.298481059768,414.96545,416.63333,415.21292,0.3330269582054939,1.3348502390601311,0.08555991718986888
0.5,1792,415.298500520252,414.96545,416.63327,415.21292,0.3330464186894915,1.3347697434198835,0.08557937767386647
0.5,1793,415.298519974484,414.96545,416.6332,415.21292,0.3330658729215088,1.3346892540316162,0.0855988319058838
0.5,1794,415.298539422456,414.96545,416.63327,415.21292,0.3330853208934741,1.334730841215901,0.08561827987784909
0.5,1795,415.298558864156,414.96545,416.63324,415.21292,0.3331047625935071,1.334680881937743,0.08563772157788208
0.5,1796,415.298578299576,414.96545,416.63318,415.21292,0.33312419801347914,1.3346004113615209,0.08565715699785414
0.5,1797,415.298597728702,414.96545,416.6331,415.21292,0.3331436271395205,1.3344894295011045,0.0856765861238955
0.5,1798,415.298617151524,414.96545,416.63315,415.21292,0.333163049961513,1.334531041835362,0.08569600894588802
0.5,1799,415.29863656804,414.96545,416.6331,415.21292,0.33318246647752403,1.334450590163101,0.08571542546189903
